Workbook

Sheet README
A1: Field | B1: Value
A2: File | B2: Baseline_summary_result.xlsx
A3: Source | B3: Phylospec/multi_models/results/holdout
A4: Generated | B4: 2026-09-11
A5: Results included | B5: 130 CSV files; 650 per-flag rows and 130 supplied MACRO rows.
A6: Evaluation | B6: Single holdout split; point estimates only. No CV repeats or confidence intervals are supplied.
A7: Macro values | B7: Copied directly from each source CSV MACRO row; not recomputed.
A8: Injection | B8: with/without are copied from source metadata. unspecified means the source CSV has no injection field; these runs are retained separately.
A9: Missing values | B9: Empty or non-finite source values appear as blank cells.
A10: Source traceability | B10: source_file identifies the original CSV for every result and support row.
A11: Genus_PerFlag / Genus_MacroAvg | B11: Genus-tree results, including separately reported injection variants.
A12: ASV_PerFlag / ASV_MacroAvg | B12: ASV-tree results, including separately reported injection variants.
... A18: threshold | B18: Decision threshold supplied for each flag.

Sheet Summary
B1: 1) TaxLevel
B2: Dataset | C2: Flag | D2: n_pos | E2: prevalence | F2: MCC | K2: AUPR | P2: F2
F3: Phylum | G3: Class | H3: Order | I3: Family | J3: Genus | K3: Phylum | L3: Class | M3: Order | N3: Family | O3: Genus | P3: Phylum | Q3: Class | R3: Order | S3: Family | T3: Genus
B4: ARC | C4: buffer_capacity | D4: 9 | E4: 0.065217391 | F4: =_xlfn.MAXIFS(TaxLevel_PerFlag!$K:$K,TaxLevel_PerFlag!$A:$A,F$3,TaxLevel_PerFlag!$B:$B,$B$4,TaxLevel_PerFlag!$E:$E,$C4) -> 0.47245559 | G4: =_xlfn.MAXIFS(TaxLevel_PerFlag!$K:$K,TaxLevel_PerFlag!$A:$A,G$3,TaxLevel_PerFlag!$B:$B,$B$4,TaxLevel_PerFlag!$E:$E,$C4) -> 0.18257419 | H4: =_xlfn.MAXIFS(TaxLevel_PerFlag!$K:$K,TaxLevel_PerFlag!$A:$A,H$3,TaxLevel_PerFlag!$B:$B,$B$4,TaxLevel_PerFlag!$E:$E,$C4) -> 0.20965697 | I4: =_xlfn.MAXIFS(TaxLevel_PerFlag!$K:$K,TaxLevel_PerFlag!$A:$A,I$3,TaxLevel_PerFlag!$B:$B,$B$4,TaxLevel_PerFlag!$E:$E,$C4) -> 0.18257419 | J4: =_xlfn.MAXIFS(TaxLevel_PerFlag!$K:$K,TaxLevel_PerFlag!$A:$A,J$3,TaxLevel_PerFlag!$B:$B,$B$4,TaxLevel_PerFlag!$E:$E,$C4) -> 0.15877684 | K4: =_xlfn.MAXIFS(TaxLevel_PerFlag!$H:$H,TaxLevel_PerFlag!$A:$A,K$3,TaxLevel_PerFlag!$B:$B,$B$4,TaxLevel_PerFlag!$E:$E,$C4) -> 0.33333333 | L4: =_xlfn.MAXIFS(TaxLevel_PerFlag!$H:$H,TaxLevel_PerFlag!$A:$A,L$3,TaxLevel_PerFlag!$B:$B,$B$4,TaxLevel_PerFlag!$E:$E,$C4) -> 1 | M4: =_xlfn.MAXIFS(TaxLevel_PerFlag!$H:$H,TaxLevel_PerFlag!$A:$A,M$3,TaxLevel_PerFlag!$B:$B,$B$4,TaxLevel_PerFlag!$E:$E,$C4) -> 1 | N4: =_xlfn.MAXIFS(TaxLevel_PerFlag!$H:$H,TaxLevel_PerFlag!$A:$A,N$3,TaxLevel_PerFlag!$B:$B,$B$4,TaxLevel_PerFlag!$E:$E,$C4) -> 0.083333333 | O4: =_xlfn.MAXIFS(TaxLevel_PerFlag!$H:$H,TaxLevel_PerFlag!$A:$A,O$3,TaxLevel_PerFlag!$B:$B,$B$4,TaxLevel_PerFlag!$E:$E,$C4) -> 0.2 | P4: =_xlfn.MAXIFS(TaxLevel_PerFlag!$L:$L,TaxLevel_PerFlag!$A:$A,P$3,TaxLevel_PerFlag!$B:$B,$B$4,TaxLevel_PerFlag!$E:$E,$C4) -> 0.625 | Q4: =_xlfn.MAXIFS(TaxLevel_PerFlag!$L:$L,TaxLevel_PerFlag!$A:$A,Q$3,TaxLevel_PerFlag!$B:$B,$B$4,TaxLevel_PerFlag!$E:$E,$C4) -> 0.26315789 | R4: =_xlfn.MAXIFS(TaxLevel_PerFlag!$L:$L,TaxLevel_PerFlag!$A:$A,R$3,TaxLevel_PerFlag!$B:$B,$B$4,TaxLevel_PerFlag!$E:$E,$C4) -> 0.29411765 | S4: =_xlfn.MAXIFS(TaxLevel_PerFlag!$L:$L,TaxLevel_PerFlag!$A:$A,S$3,TaxLevel_PerFlag!$B:$B,$B$4,TaxLevel_PerFlag!$E:$E,$C4) -> 0.26315789 | T4: =_xlfn.MAXIFS(TaxLevel_PerFlag!$L:$L,TaxLevel_PerFlag!$A:$A,T$3,TaxLevel_PerFlag!$B:$B,$B$4,TaxLevel_PerFlag!$E:$E,$C4) -> 0.23809524
C5: acid_base_balance | D5: 4 | E5: 0.028985507 | F5: =_xlfn.MAXIFS(TaxLevel_PerFlag!$K:$K,TaxLevel_PerFlag!$A:$A,F$3,TaxLevel_PerFlag!$B:$B,$B$4,TaxLevel_PerFlag!$E:$E,$C5) -> 0.16919084 | G5: =_xlfn.MAXIFS(TaxLevel_PerFlag!$K:$K,TaxLevel_PerFlag!$A:$A,G$3,TaxLevel_PerFlag!$B:$B,$B$4,TaxLevel_PerFlag!$E:$E,$C5) -> 0.275 | H5: =_xlfn.MAXIFS(TaxLevel_PerFlag!$K:$K,TaxLevel_PerFlag!$A:$A,H$3,TaxLevel_PerFlag!$B:$B,$B$4,TaxLevel_PerFlag!$E:$E,$C5) -> 0.033333333 | I5: =_xlfn.MAXIFS(TaxLevel_PerFlag!$K:$K,TaxLevel_PerFlag!$A:$A,I$3,TaxLevel_PerFlag!$B:$B,$B$4,TaxLevel_PerFlag!$E:$E,$C5) -> 0.38251843 | J5: =_xlfn.MAXIFS(TaxLevel_PerFlag!$K:$K,TaxLevel_PerFlag!$A:$A,J$3,TaxLevel_PerFlag!$B:$B,$B$4,TaxLevel_PerFlag!$E:$E,$C5) -> 0 | K5: =_xlfn.MAXIFS(TaxLevel_PerFlag!$H:$H,TaxLevel_PerFlag!$A:$A,K$3,TaxLevel_PerFlag!$B:$B,$B$4,TaxLevel_PerFlag!$E:$E,$C5) -> 0.56114943 | L5: =_xlfn.MAXIFS(TaxLevel_PerFlag!$H:$H,TaxLevel_PerFlag!$A:$A,L$3,TaxLevel_PerFlag!$B:$B,$B$4,TaxLevel_PerFlag!$E:$E,$C5) -> 0.3654386 | M5: =_xlfn.MAXIFS(TaxLevel_PerFlag!$H:$H,TaxLevel_PerFlag!$A:$A,M$3,TaxLevel_PerFlag!$B:$B,$B$4,TaxLevel_PerFlag!$E:$E,$C5) -> 0.27594771 | N5: =_xlfn.MAXIFS(TaxLevel_PerFlag!$H:$H,TaxLevel_PerFlag!$A:$A,N$3,TaxLevel_PerFlag!$B:$B,$B$4,TaxLevel_PerFlag!$E:$E,$C5) -> 0.33238095 | O5: =_xlfn.MAXIFS(TaxLevel_PerFlag!$H:$H,TaxLevel_PerFlag!$A:$A,O$3,TaxLevel_PerFlag!$B:$B,$B$4,TaxLevel_PerFlag!$E:$E,$C5) -> 0.23520817 | P5: =_xlfn.MAXIFS(TaxLevel_PerFlag!$L:$L,TaxLevel_PerFlag!$A:$A,P$3,TaxLevel_PerFlag!$B:$B,$B$4,TaxLevel_PerFlag!$E:$E,$C5) -> 0.37037037 | Q5: =_xlfn.MAXIFS(TaxLevel_PerFlag!$L:$L,TaxLevel_PerFlag!$A:$A,Q$3,TaxLevel_PerFlag!$B:$B,$B$4,TaxLevel_PerFlag!$E:$E,$C5) -> 0.4 | R5: =_xlfn.MAXIFS(TaxLevel_PerFlag!$L:$L,TaxLevel_PerFlag!$A:$A,R$3,TaxLevel_PerFlag!$B:$B,$B$4,TaxLevel_PerFlag!$E:$E,$C5) -> 0.2 | S5: =_xlfn.MAXIFS(TaxLevel_PerFlag!$L:$L,TaxLevel_PerFlag!$A:$A,S$3,TaxLevel_PerFlag!$B:$B,$B$4,TaxLevel_PerFlag!$E:$E,$C5) -> 0.55555556 | T5: =_xlfn.MAXIFS(TaxLevel_PerFlag!$L:$L,TaxLevel_PerFlag!$A:$A,T$3,TaxLevel_PerFlag!$B:$B,$B$4,TaxLevel_PerFlag!$E:$E,$C5) -> 0.29411765
C6: acid_accumulation | D6: 20 | E6: 0.14492754 | F6: =_xlfn.MAXIFS(TaxLevel_PerFlag!$K:$K,TaxLevel_PerFlag!$A:$A,F$3,TaxLevel_PerFlag!$B:$B,$B$4,TaxLevel_PerFlag!$E:$E,$C6) -> 1 | G6: =_xlfn.MAXIFS(TaxLevel_PerFlag!$K:$K,TaxLevel_PerFlag!$A:$A,G$3,TaxLevel_PerFlag!$B:$B,$B$4,TaxLevel_PerFlag!$E:$E,$C6) -> 0 | H6: =_xlfn.MAXIFS(TaxLevel_PerFlag!$K:$K,TaxLevel_PerFlag!$A:$A,H$3,TaxLevel_PerFlag!$B:$B,$B$4,TaxLevel_PerFlag!$E:$E,$C6) -> 0 | I6: =_xlfn.MAXIFS(TaxLevel_PerFlag!$K:$K,TaxLevel_PerFlag!$A:$A,I$3,TaxLevel_PerFlag!$B:$B,$B$4,TaxLevel_PerFlag!$E:$E,$C6) -> 0.69436507 | J6: =_xlfn.MAXIFS(TaxLevel_PerFlag!$K:$K,TaxLevel_PerFlag!$A:$A,J$3,TaxLevel_PerFlag!$B:$B,$B$4,TaxLevel_PerFlag!$E:$E,$C6) -> 1 | K6: =_xlfn.MAXIFS(TaxLevel_PerFlag!$H:$H,TaxLevel_PerFlag!$A:$A,K$3,TaxLevel_PerFlag!$B:$B,$B$4,TaxLevel_PerFlag!$E:$E,$C6) -> 1 | L6: =_xlfn.MAXIFS(TaxLevel_PerFlag!$H:$H,TaxLevel_PerFlag!$A:$A,L$3,TaxLevel_PerFlag!$B:$B,$B$4,TaxLevel_PerFlag!$E:$E,$C6) -> 0.33333333 | M6: =_xlfn.MAXIFS(TaxLevel_PerFlag!$H:$H,TaxLevel_PerFlag!$A:$A,M$3,TaxLevel_PerFlag!$B:$B,$B$4,TaxLevel_PerFlag!$E:$E,$C6) -> 0.33333333 | N6: =_xlfn.MAXIFS(TaxLevel_PerFlag!$H:$H,TaxLevel_PerFlag!$A:$A,N$3,TaxLevel_PerFlag!$B:$B,$B$4,TaxLevel_PerFlag!$E:$E,$C6) -> 1 | O6: =_xlfn.MAXIFS(TaxLevel_PerFlag!$H:$H,TaxLevel_PerFlag!$A:$A,O$3,TaxLevel_PerFlag!$B:$B,$B$4,TaxLevel_PerFlag!$E:$E,$C6) -> 1 | P6: =_xlfn.MAXIFS(TaxLevel_PerFlag!$L:$L,TaxLevel_PerFlag!$A:$A,P$3,TaxLevel_PerFlag!$B:$B,$B$4,TaxLevel_PerFlag!$E:$E,$C6) -> 1 | Q6: =_xlfn.MAXIFS(TaxLevel_PerFlag!$L:$L,TaxLevel_PerFlag!$A:$A,Q$3,TaxLevel_PerFlag!$B:$B,$B$4,TaxLevel_PerFlag!$E:$E,$C6) -> 0 | R6: =_xlfn.MAXIFS(TaxLevel_PerFlag!$L:$L,TaxLevel_PerFlag!$A:$A,R$3,TaxLevel_PerFlag!$B:$B,$B$4,TaxLevel_PerFlag!$E:$E,$C6) -> 0 | S6: =_xlfn.MAXIFS(TaxLevel_PerFlag!$L:$L,TaxLevel_PerFlag!$A:$A,S$3,TaxLevel_PerFlag!$B:$B,$B$4,TaxLevel_PerFlag!$E:$E,$C6) -> 0.83333333 | T6: =_xlfn.MAXIFS(TaxLevel_PerFlag!$L:$L,TaxLevel_PerFlag!$A:$A,T$3,TaxLevel_PerFlag!$B:$B,$B$4,TaxLevel_PerFlag!$E:$E,$C6) -> 1
C7: ammonia_toxicity | D7: 26 | E7: 0.1884058 | F7: =_xlfn.MAXIFS(TaxLevel_PerFlag!$K:$K,TaxLevel_PerFlag!$A:$A,F$3,TaxLevel_PerFlag!$B:$B,$B$4,TaxLevel_PerFlag!$E:$E,$C7) -> 0.61162352 | G7: =_xlfn.MAXIFS(TaxLevel_PerFlag!$K:$K,TaxLevel_PerFlag!$A:$A,G$3,TaxLevel_PerFlag!$B:$B,$B$4,TaxLevel_PerFlag!$E:$E,$C7) -> 0.61162352 | H7: =_xlfn.MAXIFS(TaxLevel_PerFlag!$K:$K,TaxLevel_PerFlag!$A:$A,H$3,TaxLevel_PerFlag!$B:$B,$B$4,TaxLevel_PerFlag!$E:$E,$C7) -> 0.61162352 | I7: =_xlfn.MAXIFS(TaxLevel_PerFlag!$K:$K,TaxLevel_PerFlag!$A:$A,I$3,TaxLevel_PerFlag!$B:$B,$B$4,TaxLevel_PerFlag!$E:$E,$C7) -> 0.70912421 | J7: =_xlfn.MAXIFS(TaxLevel_PerFlag!$K:$K,TaxLevel_PerFlag!$A:$A,J$3,TaxLevel_PerFlag!$B:$B,$B$4,TaxLevel_PerFlag!$E:$E,$C7) -> 0.64807407 | K7: =_xlfn.MAXIFS(TaxLevel_PerFlag!$H:$H,TaxLevel_PerFlag!$A:$A,K$3,TaxLevel_PerFlag!$B:$B,$B$4,TaxLevel_PerFlag!$E:$E,$C7) -> 0.72916667 | L7: =_xlfn.MAXIFS(TaxLevel_PerFlag!$H:$H,TaxLevel_PerFlag!$A:$A,L$3,TaxLevel_PerFlag!$B:$B,$B$4,TaxLevel_PerFlag!$E:$E,$C7) -> 0.53448276 | M7: =_xlfn.MAXIFS(TaxLevel_PerFlag!$H:$H,TaxLevel_PerFlag!$A:$A,M$3,TaxLevel_PerFlag!$B:$B,$B$4,TaxLevel_PerFlag!$E:$E,$C7) -> 0.53448276 | N7: =_xlfn.MAXIFS(TaxLevel_PerFlag!$H:$H,TaxLevel_PerFlag!$A:$A,N$3,TaxLevel_PerFlag!$B:$B,$B$4,TaxLevel_PerFlag!$E:$E,$C7) -> 0.85 | O7: =_xlfn.MAXIFS(TaxLevel_PerFlag!$H:$H,TaxLevel_PerFlag!$A:$A,O$3,TaxLevel_PerFlag!$B:$B,$B$4,TaxLevel_PerFlag!$E:$E,$C7) -> 0.70952381 | P7: =_xlfn.MAXIFS(TaxLevel_PerFlag!$L:$L,TaxLevel_PerFlag!$A:$A,P$3,TaxLevel_PerFlag!$B:$B,$B$4,TaxLevel_PerFlag!$E:$E,$C7) -> 0.76923077 | Q7: =_xlfn.MAXIFS(TaxLevel_PerFlag!$L:$L,TaxLevel_PerFlag!$A:$A,Q$3,TaxLevel_PerFlag!$B:$B,$B$4,TaxLevel_PerFlag!$E:$E,$C7) -> 0.71428571 | R7: =_xlfn.MAXIFS(TaxLevel_PerFlag!$L:$L,TaxLevel_PerFlag!$A:$A,R$3,TaxLevel_PerFlag!$B:$B,$B$4,TaxLevel_PerFlag!$E:$E,$C7) -> 0.71428571 | S7: =_xlfn.MAXIFS(TaxLevel_PerFlag!$L:$L,TaxLevel_PerFlag!$A:$A,S$3,TaxLevel_PerFlag!$B:$B,$B$4,TaxLevel_PerFlag!$E:$E,$C7) -> 0.86956522 | T7: =_xlfn.MAXIFS(TaxLevel_PerFlag!$L:$L,TaxLevel_PerFlag!$A:$A,T$3,TaxLevel_PerFlag!$B:$B,$B$4,TaxLevel_PerFlag!$E:$E,$C7) -> 0.83333333
C8: biogas_quality | D8: 7 | E8: 0.050724638 | F8: =_xlfn.MAXIFS(TaxLevel_PerFlag!$K:$K,TaxLevel_PerFlag!$A:$A,F$3,TaxLevel_PerFlag!$B:$B,$B$4,TaxLevel_PerFlag!$E:$E,$C8) -> 0 | G8: =_xlfn.MAXIFS(TaxLevel_PerFlag!$K:$K,TaxLevel_PerFlag!$A:$A,G$3,TaxLevel_PerFlag!$B:$B,$B$4,TaxLevel_PerFlag!$E:$E,$C8) -> 0 | H8: =_xlfn.MAXIFS(TaxLevel_PerFlag!$K:$K,TaxLevel_PerFlag!$A:$A,H$3,TaxLevel_PerFlag!$B:$B,$B$4,TaxLevel_PerFlag!$E:$E,$C8) -> 0 | I8: =_xlfn.MAXIFS(TaxLevel_PerFlag!$K:$K,TaxLevel_PerFlag!$A:$A,I$3,TaxLevel_PerFlag!$B:$B,$B$4,TaxLevel_PerFlag!$E:$E,$C8) -> 0.2360294 | J8: =_xlfn.MAXIFS(TaxLevel_PerFlag!$K:$K,TaxLevel_PerFlag!$A:$A,J$3,TaxLevel_PerFlag!$B:$B,$B$4,TaxLevel_PerFlag!$E:$E,$C8) -> 0 | K8: =_xlfn.MAXIFS(TaxLevel_PerFlag!$H:$H,TaxLevel_PerFlag!$A:$A,K$3,TaxLevel_PerFlag!$B:$B,$B$4,TaxLevel_PerFlag!$E:$E,$C8) -> 0.14215686 | L8: =_xlfn.MAXIFS(TaxLevel_PerFlag!$H:$H,TaxLevel_PerFlag!$A:$A,L$3,TaxLevel_PerFlag!$B:$B,$B$4,TaxLevel_PerFlag!$E:$E,$C8) -> 0.175 | M8: =_xlfn.MAXIFS(TaxLevel_PerFlag!$H:$H,TaxLevel_PerFlag!$A:$A,M$3,TaxLevel_PerFlag!$B:$B,$B$4,TaxLevel_PerFlag!$E:$E,$C8) -> 0.19642857 | N8: =_xlfn.MAXIFS(TaxLevel_PerFlag!$H:$H,TaxLevel_PerFlag!$A:$A,N$3,TaxLevel_PerFlag!$B:$B,$B$4,TaxLevel_PerFlag!$E:$E,$C8) -> 0.225 | O8: =_xlfn.MAXIFS(TaxLevel_PerFlag!$H:$H,TaxLevel_PerFlag!$A:$A,O$3,TaxLevel_PerFlag!$B:$B,$B$4,TaxLevel_PerFlag!$E:$E,$C8) -> 0.18333333 | P8: =_xlfn.MAXIFS(TaxLevel_PerFlag!$L:$L,TaxLevel_PerFlag!$A:$A,P$3,TaxLevel_PerFlag!$B:$B,$B$4,TaxLevel_PerFlag!$E:$E,$C8) -> 0 | Q8: =_xlfn.MAXIFS(TaxLevel_PerFlag!$L:$L,TaxLevel_PerFlag!$A:$A,Q$3,TaxLevel_PerFlag!$B:$B,$B$4,TaxLevel_PerFlag!$E:$E,$C8) -> 0 | R8: =_xlfn.MAXIFS(TaxLevel_PerFlag!$L:$L,TaxLevel_PerFlag!$A:$A,R$3,TaxLevel_PerFlag!$B:$B,$B$4,TaxLevel_PerFlag!$E:$E,$C8) -> 0 | S8: =_xlfn.MAXIFS(TaxLevel_PerFlag!$L:$L,TaxLevel_PerFlag!$A:$A,S$3,TaxLevel_PerFlag!$B:$B,$B$4,TaxLevel_PerFlag!$E:$E,$C8) -> 0.38461538 | T8: =_xlfn.MAXIFS(TaxLevel_PerFlag!$L:$L,TaxLevel_PerFlag!$A:$A,T$3,TaxLevel_PerFlag!$B:$B,$B$4,TaxLevel_PerFlag!$E:$E,$C8) -> 0
C9: Macro-avg | F9: =AVERAGE(F4:F8) -> 0.45065399 | G9: =AVERAGE(G4:G8) -> 0.21383954 | H9: =AVERAGE(H4:H8) -> 0.17092276 | I9: =AVERAGE(I4:I8) -> 0.44092226 | J9: =AVERAGE(J4:J8) -> 0.36137018 | K9: =AVERAGE(K4:K8) -> 0.55316126 | L9: =AVERAGE(L4:L8) -> 0.48165094 | M9: =AVERAGE(M4:M8) -> 0.46803848 | ... T9: =AVERAGE(T4:T8) -> 0.47310924
B10: BAC | C10: buffer_capacity | D10: 9 | E10: 0.065217391 | F10: =_xlfn.MAXIFS(TaxLevel_PerFlag!$K:$K,TaxLevel_PerFlag!$A:$A,F$3,TaxLevel_PerFlag!$B:$B,$B$10,TaxLevel_PerFlag!$E:$E,$C10) -> 0.37000643 | G10: =_xlfn.MAXIFS(TaxLevel_PerFlag!$K:$K,TaxLevel_PerFlag!$A:$A,G$3,TaxLevel_PerFlag!$B:$B,$B$10,TaxLevel_PerFlag!$E:$E,$C10) -> 1 | H10: =_xlfn.MAXIFS(TaxLevel_PerFlag!$K:$K,TaxLevel_PerFlag!$A:$A,H$3,TaxLevel_PerFlag!$B:$B,$B$10,TaxLevel_PerFlag!$E:$E,$C10) -> 0.47245559 | I10: =_xlfn.MAXIFS(TaxLevel_PerFlag!$K:$K,TaxLevel_PerFlag!$A:$A,I$3,TaxLevel_PerFlag!$B:$B,$B$10,TaxLevel_PerFlag!$E:$E,$C10) -> 0.3350297 | J10: =_xlfn.MAXIFS(TaxLevel_PerFlag!$K:$K,TaxLevel_PerFlag!$A:$A,J$3,TaxLevel_PerFlag!$B:$B,$B$10,TaxLevel_PerFlag!$E:$E,$C10) -> 0.37000643 | K10: =_xlfn.MAXIFS(TaxLevel_PerFlag!$H:$H,TaxLevel_PerFlag!$A:$A,K$3,TaxLevel_PerFlag!$B:$B,$B$10,TaxLevel_PerFlag!$E:$E,$C10) -> 0.25 | L10: =_xlfn.MAXIFS(TaxLevel_PerFlag!$H:$H,TaxLevel_PerFlag!$A:$A,L$3,TaxLevel_PerFlag!$B:$B,$B$10,TaxLevel_PerFlag!$E:$E,$C10) -> 1 | M10: =_xlfn.MAXIFS(TaxLevel_PerFlag!$H:$H,TaxLevel_PerFlag!$A:$A,M$3,TaxLevel_PerFlag!$B:$B,$B$10,TaxLevel_PerFlag!$E:$E,$C10) -> 0.5 | N10: =_xlfn.MAXIFS(TaxLevel_PerFlag!$H:$H,TaxLevel_PerFlag!$A:$A,N$3,TaxLevel_PerFlag!$B:$B,$B$10,TaxLevel_PerFlag!$E:$E,$C10) -> 0.5 | O10: =_xlfn.MAXIFS(TaxLevel_PerFlag!$H:$H,TaxLevel_PerFlag!$A:$A,O$3,TaxLevel_PerFlag!$B:$B,$B$10,TaxLevel_PerFlag!$E:$E,$C10) -> 0.5 | P10: =_xlfn.MAXIFS(TaxLevel_PerFlag!$L:$L,TaxLevel_PerFlag!$A:$A,P$3,TaxLevel_PerFlag!$B:$B,$B$10,TaxLevel_PerFlag!$E:$E,$C10) -> 0.5 | Q10: =_xlfn.MAXIFS(TaxLevel_PerFlag!$L:$L,TaxLevel_PerFlag!$A:$A,Q$3,TaxLevel_PerFlag!$B:$B,$B$10,TaxLevel_PerFlag!$E:$E,$C10) -> 1 | R10: =_xlfn.MAXIFS(TaxLevel_PerFlag!$L:$L,TaxLevel_PerFlag!$A:$A,R$3,TaxLevel_PerFlag!$B:$B,$B$10,TaxLevel_PerFlag!$E:$E,$C10) -> 0.625 | S10: =_xlfn.MAXIFS(TaxLevel_PerFlag!$L:$L,TaxLevel_PerFlag!$A:$A,S$3,TaxLevel_PerFlag!$B:$B,$B$10,TaxLevel_PerFlag!$E:$E,$C10) -> 0.45454545 | T10: =_xlfn.MAXIFS(TaxLevel_PerFlag!$L:$L,TaxLevel_PerFlag!$A:$A,T$3,TaxLevel_PerFlag!$B:$B,$B$10,TaxLevel_PerFlag!$E:$E,$C10) -> 0.5
C11: acid_base_balance | D11: 4 | E11: 0.028985507 | F11: =_xlfn.MAXIFS(TaxLevel_PerFlag!$K:$K,TaxLevel_PerFlag!$A:$A,F$3,TaxLevel_PerFlag!$B:$B,$B$10,TaxLevel_PerFlag!$E:$E,$C11) -> 0.4444578 | G11: =_xlfn.MAXIFS(TaxLevel_PerFlag!$K:$K,TaxLevel_PerFlag!$A:$A,G$3,TaxLevel_PerFlag!$B:$B,$B$10,TaxLevel_PerFlag!$E:$E,$C11) -> 0.35791699 | H11: =_xlfn.MAXIFS(TaxLevel_PerFlag!$K:$K,TaxLevel_PerFlag!$A:$A,H$3,TaxLevel_PerFlag!$B:$B,$B$10,TaxLevel_PerFlag!$E:$E,$C11) -> 0.74420841 | I11: =_xlfn.MAXIFS(TaxLevel_PerFlag!$K:$K,TaxLevel_PerFlag!$A:$A,I$3,TaxLevel_PerFlag!$B:$B,$B$10,TaxLevel_PerFlag!$E:$E,$C11) -> 0.41403934 | J11: =_xlfn.MAXIFS(TaxLevel_PerFlag!$K:$K,TaxLevel_PerFlag!$A:$A,J$3,TaxLevel_PerFlag!$B:$B,$B$10,TaxLevel_PerFlag!$E:$E,$C11) -> 0.66829511 | K11: =_xlfn.MAXIFS(TaxLevel_PerFlag!$H:$H,TaxLevel_PerFlag!$A:$A,K$3,TaxLevel_PerFlag!$B:$B,$B$10,TaxLevel_PerFlag!$E:$E,$C11) -> 0.85285714 | L11: =_xlfn.MAXIFS(TaxLevel_PerFlag!$H:$H,TaxLevel_PerFlag!$A:$A,L$3,TaxLevel_PerFlag!$B:$B,$B$10,TaxLevel_PerFlag!$E:$E,$C11) -> 1 | M11: =_xlfn.MAXIFS(TaxLevel_PerFlag!$H:$H,TaxLevel_PerFlag!$A:$A,M$3,TaxLevel_PerFlag!$B:$B,$B$10,TaxLevel_PerFlag!$E:$E,$C11) -> 0.77692308 | N11: =_xlfn.MAXIFS(TaxLevel_PerFlag!$H:$H,TaxLevel_PerFlag!$A:$A,N$3,TaxLevel_PerFlag!$B:$B,$B$10,TaxLevel_PerFlag!$E:$E,$C11) -> 0.69619048 | O11: =_xlfn.MAXIFS(TaxLevel_PerFlag!$H:$H,TaxLevel_PerFlag!$A:$A,O$3,TaxLevel_PerFlag!$B:$B,$B$10,TaxLevel_PerFlag!$E:$E,$C11) -> 0.75444444 | P11: =_xlfn.MAXIFS(TaxLevel_PerFlag!$L:$L,TaxLevel_PerFlag!$A:$A,P$3,TaxLevel_PerFlag!$B:$B,$B$10,TaxLevel_PerFlag!$E:$E,$C11) -> 0.55555556 | Q11: =_xlfn.MAXIFS(TaxLevel_PerFlag!$L:$L,TaxLevel_PerFlag!$A:$A,Q$3,TaxLevel_PerFlag!$B:$B,$B$10,TaxLevel_PerFlag!$E:$E,$C11) -> 0.625 | R11: =_xlfn.MAXIFS(TaxLevel_PerFlag!$L:$L,TaxLevel_PerFlag!$A:$A,R$3,TaxLevel_PerFlag!$B:$B,$B$10,TaxLevel_PerFlag!$E:$E,$C11) -> 0.65217391 | S11: =_xlfn.MAXIFS(TaxLevel_PerFlag!$L:$L,TaxLevel_PerFlag!$A:$A,S$3,TaxLevel_PerFlag!$B:$B,$B$10,TaxLevel_PerFlag!$E:$E,$C11) -> 0.41666667 | T11: =_xlfn.MAXIFS(TaxLevel_PerFlag!$L:$L,TaxLevel_PerFlag!$A:$A,T$3,TaxLevel_PerFlag!$B:$B,$B$10,TaxLevel_PerFlag!$E:$E,$C11) -> 0.76923077
C12: acid_accumulation | D12: 20 | E12: 0.14492754 | F12: =_xlfn.MAXIFS(TaxLevel_PerFlag!$K:$K,TaxLevel_PerFlag!$A:$A,F$3,TaxLevel_PerFlag!$B:$B,$B$10,TaxLevel_PerFlag!$E:$E,$C12) -> 0.69436507 | G12: =_xlfn.MAXIFS(TaxLevel_PerFlag!$K:$K,TaxLevel_PerFlag!$A:$A,G$3,TaxLevel_PerFlag!$B:$B,$B$10,TaxLevel_PerFlag!$E:$E,$C12) -> 0.47245559 | H12: =_xlfn.MAXIFS(TaxLevel_PerFlag!$K:$K,TaxLevel_PerFlag!$A:$A,H$3,TaxLevel_PerFlag!$B:$B,$B$10,TaxLevel_PerFlag!$E:$E,$C12) -> 1 | I12: =_xlfn.MAXIFS(TaxLevel_PerFlag!$K:$K,TaxLevel_PerFlag!$A:$A,I$3,TaxLevel_PerFlag!$B:$B,$B$10,TaxLevel_PerFlag!$E:$E,$C12) -> 0.55634864 | J12: =_xlfn.MAXIFS(TaxLevel_PerFlag!$K:$K,TaxLevel_PerFlag!$A:$A,J$3,TaxLevel_PerFlag!$B:$B,$B$10,TaxLevel_PerFlag!$E:$E,$C12) -> 0 | K12: =_xlfn.MAXIFS(TaxLevel_PerFlag!$H:$H,TaxLevel_PerFlag!$A:$A,K$3,TaxLevel_PerFlag!$B:$B,$B$10,TaxLevel_PerFlag!$E:$E,$C12) -> 1 | L12: =_xlfn.MAXIFS(TaxLevel_PerFlag!$H:$H,TaxLevel_PerFlag!$A:$A,L$3,TaxLevel_PerFlag!$B:$B,$B$10,TaxLevel_PerFlag!$E:$E,$C12) -> 1 | M12: =_xlfn.MAXIFS(TaxLevel_PerFlag!$H:$H,TaxLevel_PerFlag!$A:$A,M$3,TaxLevel_PerFlag!$B:$B,$B$10,TaxLevel_PerFlag!$E:$E,$C12) -> 1 | N12: =_xlfn.MAXIFS(TaxLevel_PerFlag!$H:$H,TaxLevel_PerFlag!$A:$A,N$3,TaxLevel_PerFlag!$B:$B,$B$10,TaxLevel_PerFlag!$E:$E,$C12) -> 1 | O12: =_xlfn.MAXIFS(TaxLevel_PerFlag!$H:$H,TaxLevel_PerFlag!$A:$A,O$3,TaxLevel_PerFlag!$B:$B,$B$10,TaxLevel_PerFlag!$E:$E,$C12) -> 1 | P12: =_xlfn.MAXIFS(TaxLevel_PerFlag!$L:$L,TaxLevel_PerFlag!$A:$A,P$3,TaxLevel_PerFlag!$B:$B,$B$10,TaxLevel_PerFlag!$E:$E,$C12) -> 0.83333333 | Q12: =_xlfn.MAXIFS(TaxLevel_PerFlag!$L:$L,TaxLevel_PerFlag!$A:$A,Q$3,TaxLevel_PerFlag!$B:$B,$B$10,TaxLevel_PerFlag!$E:$E,$C12) -> 0.625 | R12: =_xlfn.MAXIFS(TaxLevel_PerFlag!$L:$L,TaxLevel_PerFlag!$A:$A,R$3,TaxLevel_PerFlag!$B:$B,$B$10,TaxLevel_PerFlag!$E:$E,$C12) -> 1 | S12: =_xlfn.MAXIFS(TaxLevel_PerFlag!$L:$L,TaxLevel_PerFlag!$A:$A,S$3,TaxLevel_PerFlag!$B:$B,$B$10,TaxLevel_PerFlag!$E:$E,$C12) -> 0.71428571 | T12: =_xlfn.MAXIFS(TaxLevel_PerFlag!$L:$L,TaxLevel_PerFlag!$A:$A,T$3,TaxLevel_PerFlag!$B:$B,$B$10,TaxLevel_PerFlag!$E:$E,$C12) -> 0
C13: ammonia_toxicity | D13: 26 | E13: 0.1884058 | F13: =_xlfn.MAXIFS(TaxLevel_PerFlag!$K:$K,TaxLevel_PerFlag!$A:$A,F$3,TaxLevel_PerFlag!$B:$B,$B$10,TaxLevel_PerFlag!$E:$E,$C13) -> 0.70912421 | G13: =_xlfn.MAXIFS(TaxLevel_PerFlag!$K:$K,TaxLevel_PerFlag!$A:$A,G$3,TaxLevel_PerFlag!$B:$B,$B$10,TaxLevel_PerFlag!$E:$E,$C13) -> 0.87635609 | H13: =_xlfn.MAXIFS(TaxLevel_PerFlag!$K:$K,TaxLevel_PerFlag!$A:$A,H$3,TaxLevel_PerFlag!$B:$B,$B$10,TaxLevel_PerFlag!$E:$E,$C13) -> 0.87635609 | I13: =_xlfn.MAXIFS(TaxLevel_PerFlag!$K:$K,TaxLevel_PerFlag!$A:$A,I$3,TaxLevel_PerFlag!$B:$B,$B$10,TaxLevel_PerFlag!$E:$E,$C13) -> 0.71 | J13: =_xlfn.MAXIFS(TaxLevel_PerFlag!$K:$K,TaxLevel_PerFlag!$A:$A,J$3,TaxLevel_PerFlag!$B:$B,$B$10,TaxLevel_PerFlag!$E:$E,$C13) -> 1 | K13: =_xlfn.MAXIFS(TaxLevel_PerFlag!$H:$H,TaxLevel_PerFlag!$A:$A,K$3,TaxLevel_PerFlag!$B:$B,$B$10,TaxLevel_PerFlag!$E:$E,$C13) -> 0.81666667 | L13: =_xlfn.MAXIFS(TaxLevel_PerFlag!$H:$H,TaxLevel_PerFlag!$A:$A,L$3,TaxLevel_PerFlag!$B:$B,$B$10,TaxLevel_PerFlag!$E:$E,$C13) -> 1 | M13: =_xlfn.MAXIFS(TaxLevel_PerFlag!$H:$H,TaxLevel_PerFlag!$A:$A,M$3,TaxLevel_PerFlag!$B:$B,$B$10,TaxLevel_PerFlag!$E:$E,$C13) -> 1 | N13: =_xlfn.MAXIFS(TaxLevel_PerFlag!$H:$H,TaxLevel_PerFlag!$A:$A,N$3,TaxLevel_PerFlag!$B:$B,$B$10,TaxLevel_PerFlag!$E:$E,$C13) -> 0.95 | O13: =_xlfn.MAXIFS(TaxLevel_PerFlag!$H:$H,TaxLevel_PerFlag!$A:$A,O$3,TaxLevel_PerFlag!$B:$B,$B$10,TaxLevel_PerFlag!$E:$E,$C13) -> 1 | P13: =_xlfn.MAXIFS(TaxLevel_PerFlag!$L:$L,TaxLevel_PerFlag!$A:$A,P$3,TaxLevel_PerFlag!$B:$B,$B$10,TaxLevel_PerFlag!$E:$E,$C13) -> 0.86956522 | Q13: =_xlfn.MAXIFS(TaxLevel_PerFlag!$L:$L,TaxLevel_PerFlag!$A:$A,Q$3,TaxLevel_PerFlag!$B:$B,$B$10,TaxLevel_PerFlag!$E:$E,$C13) -> 0.95238095 | R13: =_xlfn.MAXIFS(TaxLevel_PerFlag!$L:$L,TaxLevel_PerFlag!$A:$A,R$3,TaxLevel_PerFlag!$B:$B,$B$10,TaxLevel_PerFlag!$E:$E,$C13) -> 0.95238095 | S13: =_xlfn.MAXIFS(TaxLevel_PerFlag!$L:$L,TaxLevel_PerFlag!$A:$A,S$3,TaxLevel_PerFlag!$B:$B,$B$10,TaxLevel_PerFlag!$E:$E,$C13) -> 0.86956522 | T13: =_xlfn.MAXIFS(TaxLevel_PerFlag!$L:$L,TaxLevel_PerFlag!$A:$A,T$3,TaxLevel_PerFlag!$B:$B,$B$10,TaxLevel_PerFlag!$E:$E,$C13) -> 1
C14: biogas_quality | D14: 7 | E14: 0.050724638 | F14: =_xlfn.MAXIFS(TaxLevel_PerFlag!$K:$K,TaxLevel_PerFlag!$A:$A,F$3,TaxLevel_PerFlag!$B:$B,$B$10,TaxLevel_PerFlag!$E:$E,$C14) -> 0 | G14: =_xlfn.MAXIFS(TaxLevel_PerFlag!$K:$K,TaxLevel_PerFlag!$A:$A,G$3,TaxLevel_PerFlag!$B:$B,$B$10,TaxLevel_PerFlag!$E:$E,$C14) -> 0 | H14: =_xlfn.MAXIFS(TaxLevel_PerFlag!$K:$K,TaxLevel_PerFlag!$A:$A,H$3,TaxLevel_PerFlag!$B:$B,$B$10,TaxLevel_PerFlag!$E:$E,$C14) -> 0 | I14: =_xlfn.MAXIFS(TaxLevel_PerFlag!$K:$K,TaxLevel_PerFlag!$A:$A,I$3,TaxLevel_PerFlag!$B:$B,$B$10,TaxLevel_PerFlag!$E:$E,$C14) -> 0.69436507 | J14: =_xlfn.MAXIFS(TaxLevel_PerFlag!$K:$K,TaxLevel_PerFlag!$A:$A,J$3,TaxLevel_PerFlag!$B:$B,$B$10,TaxLevel_PerFlag!$E:$E,$C14) -> 0.35439179 | K14: =_xlfn.MAXIFS(TaxLevel_PerFlag!$H:$H,TaxLevel_PerFlag!$A:$A,K$3,TaxLevel_PerFlag!$B:$B,$B$10,TaxLevel_PerFlag!$E:$E,$C14) -> 0.29166667 | L14: =_xlfn.MAXIFS(TaxLevel_PerFlag!$H:$H,TaxLevel_PerFlag!$A:$A,L$3,TaxLevel_PerFlag!$B:$B,$B$10,TaxLevel_PerFlag!$E:$E,$C14) -> 0.30882353 | M14: =_xlfn.MAXIFS(TaxLevel_PerFlag!$H:$H,TaxLevel_PerFlag!$A:$A,M$3,TaxLevel_PerFlag!$B:$B,$B$10,TaxLevel_PerFlag!$E:$E,$C14) -> 0.29 | N14: =_xlfn.MAXIFS(TaxLevel_PerFlag!$H:$H,TaxLevel_PerFlag!$A:$A,N$3,TaxLevel_PerFlag!$B:$B,$B$10,TaxLevel_PerFlag!$E:$E,$C14) -> 0.54166667 | O14: =_xlfn.MAXIFS(TaxLevel_PerFlag!$H:$H,TaxLevel_PerFlag!$A:$A,O$3,TaxLevel_PerFlag!$B:$B,$B$10,TaxLevel_PerFlag!$E:$E,$C14) -> 0.66666667 | P14: =_xlfn.MAXIFS(TaxLevel_PerFlag!$L:$L,TaxLevel_PerFlag!$A:$A,P$3,TaxLevel_PerFlag!$B:$B,$B$10,TaxLevel_PerFlag!$E:$E,$C14) -> 0 | Q14: =_xlfn.MAXIFS(TaxLevel_PerFlag!$L:$L,TaxLevel_PerFlag!$A:$A,Q$3,TaxLevel_PerFlag!$B:$B,$B$10,TaxLevel_PerFlag!$E:$E,$C14) -> 0.15151515 | R14: =_xlfn.MAXIFS(TaxLevel_PerFlag!$L:$L,TaxLevel_PerFlag!$A:$A,R$3,TaxLevel_PerFlag!$B:$B,$B$10,TaxLevel_PerFlag!$E:$E,$C14) -> 0 | S14: =_xlfn.MAXIFS(TaxLevel_PerFlag!$L:$L,TaxLevel_PerFlag!$A:$A,S$3,TaxLevel_PerFlag!$B:$B,$B$10,TaxLevel_PerFlag!$E:$E,$C14) -> 0.55555556 | T14: =_xlfn.MAXIFS(TaxLevel_PerFlag!$L:$L,TaxLevel_PerFlag!$A:$A,T$3,TaxLevel_PerFlag!$B:$B,$B$10,TaxLevel_PerFlag!$E:$E,$C14) -> 0.45454545
C15: Macro-avg | F15: =AVERAGE(F10:F14) -> 0.4435907 | G15: =AVERAGE(G10:G14) -> 0.54134574 | H15: =AVERAGE(H10:H14) -> 0.61860402 | I15: =AVERAGE(I10:I14) -> 0.54195655 | J15: =AVERAGE(J10:J14) -> 0.47853867 | K15: =AVERAGE(K10:K14) -> 0.6422381 | L15: =AVERAGE(L10:L14) -> 0.86176471 | M15: =AVERAGE(M10:M14) -> 0.71338462 | ... T15: =AVERAGE(T10:T14) -> 0.54475524
B16: merged | C16: buffer_capacity | D16: 9 | E16: 0.065217391 | F16: =_xlfn.MAXIFS(TaxLevel_PerFlag!$K:$K,TaxLevel_PerFlag!$A:$A,F$3,TaxLevel_PerFlag!$B:$B,$B$16,TaxLevel_PerFlag!$E:$E,$C16) -> 0.20965697 | G16: =_xlfn.MAXIFS(TaxLevel_PerFlag!$K:$K,TaxLevel_PerFlag!$A:$A,G$3,TaxLevel_PerFlag!$B:$B,$B$16,TaxLevel_PerFlag!$E:$E,$C16) -> 0.41403934 | H16: =_xlfn.MAXIFS(TaxLevel_PerFlag!$K:$K,TaxLevel_PerFlag!$A:$A,H$3,TaxLevel_PerFlag!$B:$B,$B$16,TaxLevel_PerFlag!$E:$E,$C16) -> 0.41403934 | I16: =_xlfn.MAXIFS(TaxLevel_PerFlag!$K:$K,TaxLevel_PerFlag!$A:$A,I$3,TaxLevel_PerFlag!$B:$B,$B$16,TaxLevel_PerFlag!$E:$E,$C16) -> 0.22493385 | J16: =_xlfn.MAXIFS(TaxLevel_PerFlag!$K:$K,TaxLevel_PerFlag!$A:$A,J$3,TaxLevel_PerFlag!$B:$B,$B$16,TaxLevel_PerFlag!$E:$E,$C16) -> 0.30618622 | K16: =_xlfn.MAXIFS(TaxLevel_PerFlag!$H:$H,TaxLevel_PerFlag!$A:$A,K$3,TaxLevel_PerFlag!$B:$B,$B$16,TaxLevel_PerFlag!$E:$E,$C16) -> 1 | L16: =_xlfn.MAXIFS(TaxLevel_PerFlag!$H:$H,TaxLevel_PerFlag!$A:$A,L$3,TaxLevel_PerFlag!$B:$B,$B$16,TaxLevel_PerFlag!$E:$E,$C16) -> 0.5 | M16: =_xlfn.MAXIFS(TaxLevel_PerFlag!$H:$H,TaxLevel_PerFlag!$A:$A,M$3,TaxLevel_PerFlag!$B:$B,$B$16,TaxLevel_PerFlag!$E:$E,$C16) -> 0.5 | N16: =_xlfn.MAXIFS(TaxLevel_PerFlag!$H:$H,TaxLevel_PerFlag!$A:$A,N$3,TaxLevel_PerFlag!$B:$B,$B$16,TaxLevel_PerFlag!$E:$E,$C16) -> 0.5 | O16: =_xlfn.MAXIFS(TaxLevel_PerFlag!$H:$H,TaxLevel_PerFlag!$A:$A,O$3,TaxLevel_PerFlag!$B:$B,$B$16,TaxLevel_PerFlag!$E:$E,$C16) -> 0.33333333 | P16: =_xlfn.MAXIFS(TaxLevel_PerFlag!$L:$L,TaxLevel_PerFlag!$A:$A,P$3,TaxLevel_PerFlag!$B:$B,$B$16,TaxLevel_PerFlag!$E:$E,$C16) -> 0.29411765 | Q16: =_xlfn.MAXIFS(TaxLevel_PerFlag!$L:$L,TaxLevel_PerFlag!$A:$A,Q$3,TaxLevel_PerFlag!$B:$B,$B$16,TaxLevel_PerFlag!$E:$E,$C16) -> 0.55555556 | R16: =_xlfn.MAXIFS(TaxLevel_PerFlag!$L:$L,TaxLevel_PerFlag!$A:$A,R$3,TaxLevel_PerFlag!$B:$B,$B$16,TaxLevel_PerFlag!$E:$E,$C16) -> 0.55555556 | S16: =_xlfn.MAXIFS(TaxLevel_PerFlag!$L:$L,TaxLevel_PerFlag!$A:$A,S$3,TaxLevel_PerFlag!$B:$B,$B$16,TaxLevel_PerFlag!$E:$E,$C16) -> 0.3125 | T16: =_xlfn.MAXIFS(TaxLevel_PerFlag!$L:$L,TaxLevel_PerFlag!$A:$A,T$3,TaxLevel_PerFlag!$B:$B,$B$16,TaxLevel_PerFlag!$E:$E,$C16) -> 0.41666667
C17: acid_base_balance | D17: 4 | E17: 0.028985507 | F17: =_xlfn.MAXIFS(TaxLevel_PerFlag!$K:$K,TaxLevel_PerFlag!$A:$A,F$3,TaxLevel_PerFlag!$B:$B,$B$16,TaxLevel_PerFlag!$E:$E,$C17) -> 0.73950997 | G17: =_xlfn.MAXIFS(TaxLevel_PerFlag!$K:$K,TaxLevel_PerFlag!$A:$A,G$3,TaxLevel_PerFlag!$B:$B,$B$16,TaxLevel_PerFlag!$E:$E,$C17) -> 0.75833333 | H17: =_xlfn.MAXIFS(TaxLevel_PerFlag!$K:$K,TaxLevel_PerFlag!$A:$A,H$3,TaxLevel_PerFlag!$B:$B,$B$16,TaxLevel_PerFlag!$E:$E,$C17) -> 0.34689095 | I17: =_xlfn.MAXIFS(TaxLevel_PerFlag!$K:$K,TaxLevel_PerFlag!$A:$A,I$3,TaxLevel_PerFlag!$B:$B,$B$16,TaxLevel_PerFlag!$E:$E,$C17) -> 0.34689095 | J17: =_xlfn.MAXIFS(TaxLevel_PerFlag!$K:$K,TaxLevel_PerFlag!$A:$A,J$3,TaxLevel_PerFlag!$B:$B,$B$16,TaxLevel_PerFlag!$E:$E,$C17) -> 0.75833333 | K17: =_xlfn.MAXIFS(TaxLevel_PerFlag!$H:$H,TaxLevel_PerFlag!$A:$A,K$3,TaxLevel_PerFlag!$B:$B,$B$16,TaxLevel_PerFlag!$E:$E,$C17) -> 0.90285714 | L17: =_xlfn.MAXIFS(TaxLevel_PerFlag!$H:$H,TaxLevel_PerFlag!$A:$A,L$3,TaxLevel_PerFlag!$B:$B,$B$16,TaxLevel_PerFlag!$E:$E,$C17) -> 0.83703704 | M17: =_xlfn.MAXIFS(TaxLevel_PerFlag!$H:$H,TaxLevel_PerFlag!$A:$A,M$3,TaxLevel_PerFlag!$B:$B,$B$16,TaxLevel_PerFlag!$E:$E,$C17) -> 0.74166667 | N17: =_xlfn.MAXIFS(TaxLevel_PerFlag!$H:$H,TaxLevel_PerFlag!$A:$A,N$3,TaxLevel_PerFlag!$B:$B,$B$16,TaxLevel_PerFlag!$E:$E,$C17) -> 0.69619048 | O17: =_xlfn.MAXIFS(TaxLevel_PerFlag!$H:$H,TaxLevel_PerFlag!$A:$A,O$3,TaxLevel_PerFlag!$B:$B,$B$16,TaxLevel_PerFlag!$E:$E,$C17) -> 0.66444444 | P17: =_xlfn.MAXIFS(TaxLevel_PerFlag!$L:$L,TaxLevel_PerFlag!$A:$A,P$3,TaxLevel_PerFlag!$B:$B,$B$16,TaxLevel_PerFlag!$E:$E,$C17) -> 0.89285714 | Q17: =_xlfn.MAXIFS(TaxLevel_PerFlag!$L:$L,TaxLevel_PerFlag!$A:$A,Q$3,TaxLevel_PerFlag!$B:$B,$B$16,TaxLevel_PerFlag!$E:$E,$C17) -> 0.8 | R17: =_xlfn.MAXIFS(TaxLevel_PerFlag!$L:$L,TaxLevel_PerFlag!$A:$A,R$3,TaxLevel_PerFlag!$B:$B,$B$16,TaxLevel_PerFlag!$E:$E,$C17) -> 0.41666667 | S17: =_xlfn.MAXIFS(TaxLevel_PerFlag!$L:$L,TaxLevel_PerFlag!$A:$A,S$3,TaxLevel_PerFlag!$B:$B,$B$16,TaxLevel_PerFlag!$E:$E,$C17) -> 0.625 | T17: =_xlfn.MAXIFS(TaxLevel_PerFlag!$L:$L,TaxLevel_PerFlag!$A:$A,T$3,TaxLevel_PerFlag!$B:$B,$B$16,TaxLevel_PerFlag!$E:$E,$C17) -> 0.8
C18: acid_accumulation | D18: 20 | E18: 0.14492754 | F18: =_xlfn.MAXIFS(TaxLevel_PerFlag!$K:$K,TaxLevel_PerFlag!$A:$A,F$3,TaxLevel_PerFlag!$B:$B,$B$16,TaxLevel_PerFlag!$E:$E,$C18) -> 1 | G18: =_xlfn.MAXIFS(TaxLevel_PerFlag!$K:$K,TaxLevel_PerFlag!$A:$A,G$3,TaxLevel_PerFlag!$B:$B,$B$16,TaxLevel_PerFlag!$E:$E,$C18) -> 0.55634864 | H18: =_xlfn.MAXIFS(TaxLevel_PerFlag!$K:$K,TaxLevel_PerFlag!$A:$A,H$3,TaxLevel_PerFlag!$B:$B,$B$16,TaxLevel_PerFlag!$E:$E,$C18) -> 1 | I18: =_xlfn.MAXIFS(TaxLevel_PerFlag!$K:$K,TaxLevel_PerFlag!$A:$A,I$3,TaxLevel_PerFlag!$B:$B,$B$16,TaxLevel_PerFlag!$E:$E,$C18) -> 0.47245559 | J18: =_xlfn.MAXIFS(TaxLevel_PerFlag!$K:$K,TaxLevel_PerFlag!$A:$A,J$3,TaxLevel_PerFlag!$B:$B,$B$16,TaxLevel_PerFlag!$E:$E,$C18) -> 0.26049404 | K18: =_xlfn.MAXIFS(TaxLevel_PerFlag!$H:$H,TaxLevel_PerFlag!$A:$A,K$3,TaxLevel_PerFlag!$B:$B,$B$16,TaxLevel_PerFlag!$E:$E,$C18) -> 1 | L18: =_xlfn.MAXIFS(TaxLevel_PerFlag!$H:$H,TaxLevel_PerFlag!$A:$A,L$3,TaxLevel_PerFlag!$B:$B,$B$16,TaxLevel_PerFlag!$E:$E,$C18) -> 1 | M18: =_xlfn.MAXIFS(TaxLevel_PerFlag!$H:$H,TaxLevel_PerFlag!$A:$A,M$3,TaxLevel_PerFlag!$B:$B,$B$16,TaxLevel_PerFlag!$E:$E,$C18) -> 1 | N18: =_xlfn.MAXIFS(TaxLevel_PerFlag!$H:$H,TaxLevel_PerFlag!$A:$A,N$3,TaxLevel_PerFlag!$B:$B,$B$16,TaxLevel_PerFlag!$E:$E,$C18) -> 1 | O18: =_xlfn.MAXIFS(TaxLevel_PerFlag!$H:$H,TaxLevel_PerFlag!$A:$A,O$3,TaxLevel_PerFlag!$B:$B,$B$16,TaxLevel_PerFlag!$E:$E,$C18) -> 1 | P18: =_xlfn.MAXIFS(TaxLevel_PerFlag!$L:$L,TaxLevel_PerFlag!$A:$A,P$3,TaxLevel_PerFlag!$B:$B,$B$16,TaxLevel_PerFlag!$E:$E,$C18) -> 1 | Q18: =_xlfn.MAXIFS(TaxLevel_PerFlag!$L:$L,TaxLevel_PerFlag!$A:$A,Q$3,TaxLevel_PerFlag!$B:$B,$B$16,TaxLevel_PerFlag!$E:$E,$C18) -> 0.71428571 | R18: =_xlfn.MAXIFS(TaxLevel_PerFlag!$L:$L,TaxLevel_PerFlag!$A:$A,R$3,TaxLevel_PerFlag!$B:$B,$B$16,TaxLevel_PerFlag!$E:$E,$C18) -> 1 | S18: =_xlfn.MAXIFS(TaxLevel_PerFlag!$L:$L,TaxLevel_PerFlag!$A:$A,S$3,TaxLevel_PerFlag!$B:$B,$B$16,TaxLevel_PerFlag!$E:$E,$C18) -> 0.625 | T18: =_xlfn.MAXIFS(TaxLevel_PerFlag!$L:$L,TaxLevel_PerFlag!$A:$A,T$3,TaxLevel_PerFlag!$B:$B,$B$16,TaxLevel_PerFlag!$E:$E,$C18) -> 0.35714286
C19: ammonia_toxicity | D19: 26 | E19: 0.1884058 | F19: =_xlfn.MAXIFS(TaxLevel_PerFlag!$K:$K,TaxLevel_PerFlag!$A:$A,F$3,TaxLevel_PerFlag!$B:$B,$B$16,TaxLevel_PerFlag!$E:$E,$C19) -> 0.70912421 | G19: =_xlfn.MAXIFS(TaxLevel_PerFlag!$K:$K,TaxLevel_PerFlag!$A:$A,G$3,TaxLevel_PerFlag!$B:$B,$B$16,TaxLevel_PerFlag!$E:$E,$C19) -> 0.87635609 | H19: =_xlfn.MAXIFS(TaxLevel_PerFlag!$K:$K,TaxLevel_PerFlag!$A:$A,H$3,TaxLevel_PerFlag!$B:$B,$B$16,TaxLevel_PerFlag!$E:$E,$C19) -> 0.87635609 | I19: =_xlfn.MAXIFS(TaxLevel_PerFlag!$K:$K,TaxLevel_PerFlag!$A:$A,I$3,TaxLevel_PerFlag!$B:$B,$B$16,TaxLevel_PerFlag!$E:$E,$C19) -> 0.71 | J19: =_xlfn.MAXIFS(TaxLevel_PerFlag!$K:$K,TaxLevel_PerFlag!$A:$A,J$3,TaxLevel_PerFlag!$B:$B,$B$16,TaxLevel_PerFlag!$E:$E,$C19) -> 0.87635609 | K19: =_xlfn.MAXIFS(TaxLevel_PerFlag!$H:$H,TaxLevel_PerFlag!$A:$A,K$3,TaxLevel_PerFlag!$B:$B,$B$16,TaxLevel_PerFlag!$E:$E,$C19) -> 0.8875 | L19: =_xlfn.MAXIFS(TaxLevel_PerFlag!$H:$H,TaxLevel_PerFlag!$A:$A,L$3,TaxLevel_PerFlag!$B:$B,$B$16,TaxLevel_PerFlag!$E:$E,$C19) -> 1 | M19: =_xlfn.MAXIFS(TaxLevel_PerFlag!$H:$H,TaxLevel_PerFlag!$A:$A,M$3,TaxLevel_PerFlag!$B:$B,$B$16,TaxLevel_PerFlag!$E:$E,$C19) -> 1 | N19: =_xlfn.MAXIFS(TaxLevel_PerFlag!$H:$H,TaxLevel_PerFlag!$A:$A,N$3,TaxLevel_PerFlag!$B:$B,$B$16,TaxLevel_PerFlag!$E:$E,$C19) -> 1 | O19: =_xlfn.MAXIFS(TaxLevel_PerFlag!$H:$H,TaxLevel_PerFlag!$A:$A,O$3,TaxLevel_PerFlag!$B:$B,$B$16,TaxLevel_PerFlag!$E:$E,$C19) -> 0.95 | P19: =_xlfn.MAXIFS(TaxLevel_PerFlag!$L:$L,TaxLevel_PerFlag!$A:$A,P$3,TaxLevel_PerFlag!$B:$B,$B$16,TaxLevel_PerFlag!$E:$E,$C19) -> 0.86956522 | Q19: =_xlfn.MAXIFS(TaxLevel_PerFlag!$L:$L,TaxLevel_PerFlag!$A:$A,Q$3,TaxLevel_PerFlag!$B:$B,$B$16,TaxLevel_PerFlag!$E:$E,$C19) -> 0.95238095 | R19: =_xlfn.MAXIFS(TaxLevel_PerFlag!$L:$L,TaxLevel_PerFlag!$A:$A,R$3,TaxLevel_PerFlag!$B:$B,$B$16,TaxLevel_PerFlag!$E:$E,$C19) -> 0.95238095 | S19: =_xlfn.MAXIFS(TaxLevel_PerFlag!$L:$L,TaxLevel_PerFlag!$A:$A,S$3,TaxLevel_PerFlag!$B:$B,$B$16,TaxLevel_PerFlag!$E:$E,$C19) -> 0.86956522 | T19: =_xlfn.MAXIFS(TaxLevel_PerFlag!$L:$L,TaxLevel_PerFlag!$A:$A,T$3,TaxLevel_PerFlag!$B:$B,$B$16,TaxLevel_PerFlag!$E:$E,$C19) -> 0.95238095
C20: biogas_quality | D20: 7 | E20: 0.050724638 | F20: =_xlfn.MAXIFS(TaxLevel_PerFlag!$K:$K,TaxLevel_PerFlag!$A:$A,F$3,TaxLevel_PerFlag!$B:$B,$B$16,TaxLevel_PerFlag!$E:$E,$C20) -> 0 | G20: =_xlfn.MAXIFS(TaxLevel_PerFlag!$K:$K,TaxLevel_PerFlag!$A:$A,G$3,TaxLevel_PerFlag!$B:$B,$B$16,TaxLevel_PerFlag!$E:$E,$C20) -> 0 | H20: =_xlfn.MAXIFS(TaxLevel_PerFlag!$K:$K,TaxLevel_PerFlag!$A:$A,H$3,TaxLevel_PerFlag!$B:$B,$B$16,TaxLevel_PerFlag!$E:$E,$C20) -> 0.2857738 | I20: =_xlfn.MAXIFS(TaxLevel_PerFlag!$K:$K,TaxLevel_PerFlag!$A:$A,I$3,TaxLevel_PerFlag!$B:$B,$B$16,TaxLevel_PerFlag!$E:$E,$C20) -> 0.69436507 | J20: =_xlfn.MAXIFS(TaxLevel_PerFlag!$K:$K,TaxLevel_PerFlag!$A:$A,J$3,TaxLevel_PerFlag!$B:$B,$B$16,TaxLevel_PerFlag!$E:$E,$C20) -> 0.35439179 | K20: =_xlfn.MAXIFS(TaxLevel_PerFlag!$H:$H,TaxLevel_PerFlag!$A:$A,K$3,TaxLevel_PerFlag!$B:$B,$B$16,TaxLevel_PerFlag!$E:$E,$C20) -> 0.17261905 | L20: =_xlfn.MAXIFS(TaxLevel_PerFlag!$H:$H,TaxLevel_PerFlag!$A:$A,L$3,TaxLevel_PerFlag!$B:$B,$B$16,TaxLevel_PerFlag!$E:$E,$C20) -> 0.28703704 | M20: =_xlfn.MAXIFS(TaxLevel_PerFlag!$H:$H,TaxLevel_PerFlag!$A:$A,M$3,TaxLevel_PerFlag!$B:$B,$B$16,TaxLevel_PerFlag!$E:$E,$C20) -> 0.41666667 | N20: =_xlfn.MAXIFS(TaxLevel_PerFlag!$H:$H,TaxLevel_PerFlag!$A:$A,N$3,TaxLevel_PerFlag!$B:$B,$B$16,TaxLevel_PerFlag!$E:$E,$C20) -> 0.54 | O20: =_xlfn.MAXIFS(TaxLevel_PerFlag!$H:$H,TaxLevel_PerFlag!$A:$A,O$3,TaxLevel_PerFlag!$B:$B,$B$16,TaxLevel_PerFlag!$E:$E,$C20) -> 0.66666667 | P20: =_xlfn.MAXIFS(TaxLevel_PerFlag!$L:$L,TaxLevel_PerFlag!$A:$A,P$3,TaxLevel_PerFlag!$B:$B,$B$16,TaxLevel_PerFlag!$E:$E,$C20) -> 0 | Q20: =_xlfn.MAXIFS(TaxLevel_PerFlag!$L:$L,TaxLevel_PerFlag!$A:$A,Q$3,TaxLevel_PerFlag!$B:$B,$B$16,TaxLevel_PerFlag!$E:$E,$C20) -> 0 | R20: =_xlfn.MAXIFS(TaxLevel_PerFlag!$L:$L,TaxLevel_PerFlag!$A:$A,R$3,TaxLevel_PerFlag!$B:$B,$B$16,TaxLevel_PerFlag!$E:$E,$C20) -> 0.41666667 | S20: =_xlfn.MAXIFS(TaxLevel_PerFlag!$L:$L,TaxLevel_PerFlag!$A:$A,S$3,TaxLevel_PerFlag!$B:$B,$B$16,TaxLevel_PerFlag!$E:$E,$C20) -> 0.55555556 | T20: =_xlfn.MAXIFS(TaxLevel_PerFlag!$L:$L,TaxLevel_PerFlag!$A:$A,T$3,TaxLevel_PerFlag!$B:$B,$B$16,TaxLevel_PerFlag!$E:$E,$C20) -> 0.45454545
C21: Macro-avg | F21: =AVERAGE(F16:F20) -> 0.53165823 | G21: =AVERAGE(G16:G20) -> 0.52101548 | H21: =AVERAGE(H16:H20) -> 0.58461204 | I21: =AVERAGE(I16:I20) -> 0.48972909 | J21: =AVERAGE(J16:J20) -> 0.51115229 | K21: =AVERAGE(K16:K20) -> 0.79259524 | L21: =AVERAGE(L16:L20) -> 0.72481481 | M21: =AVERAGE(M16:M20) -> 0.73166667 | ... T21: =AVERAGE(T16:T20) -> 0.59614719
B22: 2) ASV-tree
B23: Dataset | C23: Flag | D23: n_pos | E23: prevalence | F23: MCC | I23: AUPR | L23: F2
F24: DeepPhylo | G24: MetaDR | H24: Phylospec | I24: DeepPhylo | J24: MetaDR | K24: Phylospec | L24: DeepPhylo | M24: MetaDR | N24: Phylospec
B25: ARC | C25: buffer_capacity | D25: 9 | E25: 0.065217391 | F25: =_xlfn.MAXIFS(ASV_PerFlag!$J:$J,ASV_PerFlag!$A:$A,$B$25,ASV_PerFlag!$B:$B,F$24,ASV_PerFlag!$C:$C,"unspecified",ASV_PerFlag!$D:$D,$C25) -> 0.12677314 | G25: =_xlfn.MAXIFS(ASV_PerFlag!$J:$J,ASV_PerFlag!$A:$A,$B$25,ASV_PerFlag!$B:$B,G$24,ASV_PerFlag!$C:$C,"unspecified",ASV_PerFlag!$D:$D,$C25) -> 0.18257419 | H25: =_xlfn.MAXIFS(ASV_PerFlag!$J:$J,ASV_PerFlag!$A:$A,$B$25,ASV_PerFlag!$B:$B,H$24,ASV_PerFlag!$C:$C,"unspecified",ASV_PerFlag!$D:$D,$C25) -> -0.12677314 | I25: =_xlfn.MAXIFS(ASV_PerFlag!$G:$G,ASV_PerFlag!$A:$A,$B$25,ASV_PerFlag!$B:$B,I$24,ASV_PerFlag!$C:$C,"unspecified",ASV_PerFlag!$D:$D,$C25) -> 0.071428571 | J25: =_xlfn.MAXIFS(ASV_PerFlag!$G:$G,ASV_PerFlag!$A:$A,$B$25,ASV_PerFlag!$B:$B,J$24,ASV_PerFlag!$C:$C,"unspecified",ASV_PerFlag!$D:$D,$C25) -> 0.066666667 | K25: =_xlfn.MAXIFS(ASV_PerFlag!$G:$G,ASV_PerFlag!$A:$A,$B$25,ASV_PerFlag!$B:$B,K$24,ASV_PerFlag!$C:$C,"unspecified",ASV_PerFlag!$D:$D,$C25) -> 0.055555556 | L25: =_xlfn.MAXIFS(ASV_PerFlag!$K:$K,ASV_PerFlag!$A:$A,$B$25,ASV_PerFlag!$B:$B,L$24,ASV_PerFlag!$C:$C,"unspecified",ASV_PerFlag!$D:$D,$C25) -> 0.20833333 | M25: =_xlfn.MAXIFS(ASV_PerFlag!$K:$K,ASV_PerFlag!$A:$A,$B$25,ASV_PerFlag!$B:$B,M$24,ASV_PerFlag!$C:$C,"unspecified",ASV_PerFlag!$D:$D,$C25) -> 0.26315789 | N25: =_xlfn.MAXIFS(ASV_PerFlag!$K:$K,ASV_PerFlag!$A:$A,$B$25,ASV_PerFlag!$B:$B,N$24,ASV_PerFlag!$C:$C,"unspecified",ASV_PerFlag!$D:$D,$C25) -> 0
C26: acid_base_balance | D26: 20 | E26: 0.14 | F26: =_xlfn.MAXIFS(ASV_PerFlag!$J:$J,ASV_PerFlag!$A:$A,$B$25,ASV_PerFlag!$B:$B,F$24,ASV_PerFlag!$C:$C,"unspecified",ASV_PerFlag!$D:$D,$C26) -> 0.30618622 | G26: =_xlfn.MAXIFS(ASV_PerFlag!$J:$J,ASV_PerFlag!$A:$A,$B$25,ASV_PerFlag!$B:$B,G$24,ASV_PerFlag!$C:$C,"unspecified",ASV_PerFlag!$D:$D,$C26) -> 0.4444578 | H26: =_xlfn.MAXIFS(ASV_PerFlag!$J:$J,ASV_PerFlag!$A:$A,$B$25,ASV_PerFlag!$B:$B,H$24,ASV_PerFlag!$C:$C,"unspecified",ASV_PerFlag!$D:$D,$C26) -> 0 | I26: =_xlfn.MAXIFS(ASV_PerFlag!$G:$G,ASV_PerFlag!$A:$A,$B$25,ASV_PerFlag!$B:$B,I$24,ASV_PerFlag!$C:$C,"unspecified",ASV_PerFlag!$D:$D,$C26) -> 0.35714286 | J26: =_xlfn.MAXIFS(ASV_PerFlag!$G:$G,ASV_PerFlag!$A:$A,$B$25,ASV_PerFlag!$B:$B,J$24,ASV_PerFlag!$C:$C,"unspecified",ASV_PerFlag!$D:$D,$C26) -> 0.47681159 | K26: =_xlfn.MAXIFS(ASV_PerFlag!$G:$G,ASV_PerFlag!$A:$A,$B$25,ASV_PerFlag!$B:$B,K$24,ASV_PerFlag!$C:$C,"unspecified",ASV_PerFlag!$D:$D,$C26) -> 0.28387042 | L26: =_xlfn.MAXIFS(ASV_PerFlag!$K:$K,ASV_PerFlag!$A:$A,$B$25,ASV_PerFlag!$B:$B,L$24,ASV_PerFlag!$C:$C,"unspecified",ASV_PerFlag!$D:$D,$C26) -> 0.625 | M26: =_xlfn.MAXIFS(ASV_PerFlag!$K:$K,ASV_PerFlag!$A:$A,$B$25,ASV_PerFlag!$B:$B,M$24,ASV_PerFlag!$C:$C,"unspecified",ASV_PerFlag!$D:$D,$C26) -> 0.43478261 | N26: =_xlfn.MAXIFS(ASV_PerFlag!$K:$K,ASV_PerFlag!$A:$A,$B$25,ASV_PerFlag!$B:$B,N$24,ASV_PerFlag!$C:$C,"unspecified",ASV_PerFlag!$D:$D,$C26) -> 0
C27: acid_accumulation | D27: 4 | E27: 0.03 | F27: =_xlfn.MAXIFS(ASV_PerFlag!$J:$J,ASV_PerFlag!$A:$A,$B$25,ASV_PerFlag!$B:$B,F$24,ASV_PerFlag!$C:$C,"unspecified",ASV_PerFlag!$D:$D,$C27) -> 0.69436507 | G27: =_xlfn.MAXIFS(ASV_PerFlag!$J:$J,ASV_PerFlag!$A:$A,$B$25,ASV_PerFlag!$B:$B,G$24,ASV_PerFlag!$C:$C,"unspecified",ASV_PerFlag!$D:$D,$C27) -> 1 | H27: =_xlfn.MAXIFS(ASV_PerFlag!$J:$J,ASV_PerFlag!$A:$A,$B$25,ASV_PerFlag!$B:$B,H$24,ASV_PerFlag!$C:$C,"unspecified",ASV_PerFlag!$D:$D,$C27) -> 0.69436507 | I27: =_xlfn.MAXIFS(ASV_PerFlag!$G:$G,ASV_PerFlag!$A:$A,$B$25,ASV_PerFlag!$B:$B,I$24,ASV_PerFlag!$C:$C,"unspecified",ASV_PerFlag!$D:$D,$C27) -> 1 | J27: =_xlfn.MAXIFS(ASV_PerFlag!$G:$G,ASV_PerFlag!$A:$A,$B$25,ASV_PerFlag!$B:$B,J$24,ASV_PerFlag!$C:$C,"unspecified",ASV_PerFlag!$D:$D,$C27) -> 1 | K27: =_xlfn.MAXIFS(ASV_PerFlag!$G:$G,ASV_PerFlag!$A:$A,$B$25,ASV_PerFlag!$B:$B,K$24,ASV_PerFlag!$C:$C,"unspecified",ASV_PerFlag!$D:$D,$C27) -> 1 | L27: =_xlfn.MAXIFS(ASV_PerFlag!$K:$K,ASV_PerFlag!$A:$A,$B$25,ASV_PerFlag!$B:$B,L$24,ASV_PerFlag!$C:$C,"unspecified",ASV_PerFlag!$D:$D,$C27) -> 0.83333333 | M27: =_xlfn.MAXIFS(ASV_PerFlag!$K:$K,ASV_PerFlag!$A:$A,$B$25,ASV_PerFlag!$B:$B,M$24,ASV_PerFlag!$C:$C,"unspecified",ASV_PerFlag!$D:$D,$C27) -> 1 | N27: =_xlfn.MAXIFS(ASV_PerFlag!$K:$K,ASV_PerFlag!$A:$A,$B$25,ASV_PerFlag!$B:$B,N$24,ASV_PerFlag!$C:$C,"unspecified",ASV_PerFlag!$D:$D,$C27) -> 0.83333333
C28: ammonia_toxicity | D28: 26 | E28: 0.1884058 | F28: =_xlfn.MAXIFS(ASV_PerFlag!$J:$J,ASV_PerFlag!$A:$A,$B$25,ASV_PerFlag!$B:$B,F$24,ASV_PerFlag!$C:$C,"unspecified",ASV_PerFlag!$D:$D,$C28) -> 0.24268134 | G28: =_xlfn.MAXIFS(ASV_PerFlag!$J:$J,ASV_PerFlag!$A:$A,$B$25,ASV_PerFlag!$B:$B,G$24,ASV_PerFlag!$C:$C,"unspecified",ASV_PerFlag!$D:$D,$C28) -> 0.61162352 | H28: =_xlfn.MAXIFS(ASV_PerFlag!$J:$J,ASV_PerFlag!$A:$A,$B$25,ASV_PerFlag!$B:$B,H$24,ASV_PerFlag!$C:$C,"unspecified",ASV_PerFlag!$D:$D,$C28) -> 0.64807407 | I28: =_xlfn.MAXIFS(ASV_PerFlag!$G:$G,ASV_PerFlag!$A:$A,$B$25,ASV_PerFlag!$B:$B,I$24,ASV_PerFlag!$C:$C,"unspecified",ASV_PerFlag!$D:$D,$C28) -> 0.25892857 | J28: =_xlfn.MAXIFS(ASV_PerFlag!$G:$G,ASV_PerFlag!$A:$A,$B$25,ASV_PerFlag!$B:$B,J$24,ASV_PerFlag!$C:$C,"unspecified",ASV_PerFlag!$D:$D,$C28) -> 0.89285714 | K28: =_xlfn.MAXIFS(ASV_PerFlag!$G:$G,ASV_PerFlag!$A:$A,$B$25,ASV_PerFlag!$B:$B,K$24,ASV_PerFlag!$C:$C,"unspecified",ASV_PerFlag!$D:$D,$C28) -> 0.8875 | L28: =_xlfn.MAXIFS(ASV_PerFlag!$K:$K,ASV_PerFlag!$A:$A,$B$25,ASV_PerFlag!$B:$B,L$24,ASV_PerFlag!$C:$C,"unspecified",ASV_PerFlag!$D:$D,$C28) -> 0.51724138 | M28: =_xlfn.MAXIFS(ASV_PerFlag!$K:$K,ASV_PerFlag!$A:$A,$B$25,ASV_PerFlag!$B:$B,M$24,ASV_PerFlag!$C:$C,"unspecified",ASV_PerFlag!$D:$D,$C28) -> 0.71428571 | N28: =_xlfn.MAXIFS(ASV_PerFlag!$K:$K,ASV_PerFlag!$A:$A,$B$25,ASV_PerFlag!$B:$B,N$24,ASV_PerFlag!$C:$C,"unspecified",ASV_PerFlag!$D:$D,$C28) -> 0.83333333
C29: biogas_quality | D29: 7 | E29: 0.050724638 | F29: =_xlfn.MAXIFS(ASV_PerFlag!$J:$J,ASV_PerFlag!$A:$A,$B$25,ASV_PerFlag!$B:$B,F$24,ASV_PerFlag!$C:$C,"unspecified",ASV_PerFlag!$D:$D,$C29) -> -0.074074074 | G29: =_xlfn.MAXIFS(ASV_PerFlag!$J:$J,ASV_PerFlag!$A:$A,$B$25,ASV_PerFlag!$B:$B,G$24,ASV_PerFlag!$C:$C,"unspecified",ASV_PerFlag!$D:$D,$C29) -> -0.074074074 | H29: =_xlfn.MAXIFS(ASV_PerFlag!$J:$J,ASV_PerFlag!$A:$A,$B$25,ASV_PerFlag!$B:$B,H$24,ASV_PerFlag!$C:$C,"unspecified",ASV_PerFlag!$D:$D,$C29) -> 0.19693028 | I29: =_xlfn.MAXIFS(ASV_PerFlag!$G:$G,ASV_PerFlag!$A:$A,$B$25,ASV_PerFlag!$B:$B,I$24,ASV_PerFlag!$C:$C,"unspecified",ASV_PerFlag!$D:$D,$C29) -> 0.14285714 | J29: =_xlfn.MAXIFS(ASV_PerFlag!$G:$G,ASV_PerFlag!$A:$A,$B$25,ASV_PerFlag!$B:$B,J$24,ASV_PerFlag!$C:$C,"unspecified",ASV_PerFlag!$D:$D,$C29) -> 0.063894523 | K29: =_xlfn.MAXIFS(ASV_PerFlag!$G:$G,ASV_PerFlag!$A:$A,$B$25,ASV_PerFlag!$B:$B,K$24,ASV_PerFlag!$C:$C,"unspecified",ASV_PerFlag!$D:$D,$C29) -> 0.17763158 | L29: =_xlfn.MAXIFS(ASV_PerFlag!$K:$K,ASV_PerFlag!$A:$A,$B$25,ASV_PerFlag!$B:$B,L$24,ASV_PerFlag!$C:$C,"unspecified",ASV_PerFlag!$D:$D,$C29) -> 0 | M29: =_xlfn.MAXIFS(ASV_PerFlag!$K:$K,ASV_PerFlag!$A:$A,$B$25,ASV_PerFlag!$B:$B,M$24,ASV_PerFlag!$C:$C,"unspecified",ASV_PerFlag!$D:$D,$C29) -> 0 | N29: =_xlfn.MAXIFS(ASV_PerFlag!$K:$K,ASV_PerFlag!$A:$A,$B$25,ASV_PerFlag!$B:$B,N$24,ASV_PerFlag!$C:$C,"unspecified",ASV_PerFlag!$D:$D,$C29) -> 0.35714286
C30: Macro-avg | F30: =AVERAGE(F25:F29) -> 0.25918634 | G30: =AVERAGE(G25:G29) -> 0.43291629 | H30: =AVERAGE(H25:H29) -> 0.28251926 | I30: =AVERAGE(I25:I29) -> 0.36607143 | J30: =AVERAGE(J25:J29) -> 0.50004599 | K30: =AVERAGE(K25:K29) -> 0.48091151 | L30: =AVERAGE(L25:L29) -> 0.43678161 | M30: =AVERAGE(M25:M29) -> 0.48244524 | N30: =AVERAGE(N25:N29) -> 0.4047619
B31: BAC | C31: buffer_capacity | D31: 9 | E31: 0.065217391 | F31: =_xlfn.MAXIFS(ASV_PerFlag!$J:$J,ASV_PerFlag!$A:$A,$B$31,ASV_PerFlag!$B:$B,F$24,ASV_PerFlag!$C:$C,"unspecified",ASV_PerFlag!$D:$D,$C31) -> 0.075592895 | G31: =_xlfn.MAXIFS(ASV_PerFlag!$J:$J,ASV_PerFlag!$A:$A,$B$31,ASV_PerFlag!$B:$B,G$24,ASV_PerFlag!$C:$C,"unspecified",ASV_PerFlag!$D:$D,$C31) -> 0 | H31: =_xlfn.MAXIFS(ASV_PerFlag!$J:$J,ASV_PerFlag!$A:$A,$B$31,ASV_PerFlag!$B:$B,H$24,ASV_PerFlag!$C:$C,"unspecified",ASV_PerFlag!$D:$D,$C31) -> 0.28171808 | I31: =_xlfn.MAXIFS(ASV_PerFlag!$G:$G,ASV_PerFlag!$A:$A,$B$31,ASV_PerFlag!$B:$B,I$24,ASV_PerFlag!$C:$C,"unspecified",ASV_PerFlag!$D:$D,$C31) -> 0.04 | J31: =_xlfn.MAXIFS(ASV_PerFlag!$G:$G,ASV_PerFlag!$A:$A,$B$31,ASV_PerFlag!$B:$B,J$24,ASV_PerFlag!$C:$C,"unspecified",ASV_PerFlag!$D:$D,$C31) -> 0.25 | K31: =_xlfn.MAXIFS(ASV_PerFlag!$G:$G,ASV_PerFlag!$A:$A,$B$31,ASV_PerFlag!$B:$B,K$24,ASV_PerFlag!$C:$C,"unspecified",ASV_PerFlag!$D:$D,$C31) -> 0.11111111 | L31: =_xlfn.MAXIFS(ASV_PerFlag!$K:$K,ASV_PerFlag!$A:$A,$B$31,ASV_PerFlag!$B:$B,L$24,ASV_PerFlag!$C:$C,"unspecified",ASV_PerFlag!$D:$D,$C31) -> 0.17241379 | M31: =_xlfn.MAXIFS(ASV_PerFlag!$K:$K,ASV_PerFlag!$A:$A,$B$31,ASV_PerFlag!$B:$B,M$24,ASV_PerFlag!$C:$C,"unspecified",ASV_PerFlag!$D:$D,$C31) -> 0.15151515 | N31: =_xlfn.MAXIFS(ASV_PerFlag!$K:$K,ASV_PerFlag!$A:$A,$B$31,ASV_PerFlag!$B:$B,N$24,ASV_PerFlag!$C:$C,"unspecified",ASV_PerFlag!$D:$D,$C31) -> 0.38461538
C32: acid_base_balance | D32: 20 | E32: 0.14 | F32: =_xlfn.MAXIFS(ASV_PerFlag!$J:$J,ASV_PerFlag!$A:$A,$B$31,ASV_PerFlag!$B:$B,F$24,ASV_PerFlag!$C:$C,"unspecified",ASV_PerFlag!$D:$D,$C32) -> -0.082158384 | G32: =_xlfn.MAXIFS(ASV_PerFlag!$J:$J,ASV_PerFlag!$A:$A,$B$31,ASV_PerFlag!$B:$B,G$24,ASV_PerFlag!$C:$C,"unspecified",ASV_PerFlag!$D:$D,$C32) -> 0 | H32: =_xlfn.MAXIFS(ASV_PerFlag!$J:$J,ASV_PerFlag!$A:$A,$B$31,ASV_PerFlag!$B:$B,H$24,ASV_PerFlag!$C:$C,"unspecified",ASV_PerFlag!$D:$D,$C32) -> 0.32281067 | I32: =_xlfn.MAXIFS(ASV_PerFlag!$G:$G,ASV_PerFlag!$A:$A,$B$31,ASV_PerFlag!$B:$B,I$24,ASV_PerFlag!$C:$C,"unspecified",ASV_PerFlag!$D:$D,$C32) -> 0.16248276 | J32: =_xlfn.MAXIFS(ASV_PerFlag!$G:$G,ASV_PerFlag!$A:$A,$B$31,ASV_PerFlag!$B:$B,J$24,ASV_PerFlag!$C:$C,"unspecified",ASV_PerFlag!$D:$D,$C32) -> 0.70114943 | K32: =_xlfn.MAXIFS(ASV_PerFlag!$G:$G,ASV_PerFlag!$A:$A,$B$31,ASV_PerFlag!$B:$B,K$24,ASV_PerFlag!$C:$C,"unspecified",ASV_PerFlag!$D:$D,$C32) -> 0.695 | L32: =_xlfn.MAXIFS(ASV_PerFlag!$K:$K,ASV_PerFlag!$A:$A,$B$31,ASV_PerFlag!$B:$B,L$24,ASV_PerFlag!$C:$C,"unspecified",ASV_PerFlag!$D:$D,$C32) -> 0.44444444 | M32: =_xlfn.MAXIFS(ASV_PerFlag!$K:$K,ASV_PerFlag!$A:$A,$B$31,ASV_PerFlag!$B:$B,M$24,ASV_PerFlag!$C:$C,"unspecified",ASV_PerFlag!$D:$D,$C32) -> 0 | N32: =_xlfn.MAXIFS(ASV_PerFlag!$K:$K,ASV_PerFlag!$A:$A,$B$31,ASV_PerFlag!$B:$B,N$24,ASV_PerFlag!$C:$C,"unspecified",ASV_PerFlag!$D:$D,$C32) -> 0.60606061
C33: acid_accumulation | D33: 4 | E33: 0.03 | F33: =_xlfn.MAXIFS(ASV_PerFlag!$J:$J,ASV_PerFlag!$A:$A,$B$31,ASV_PerFlag!$B:$B,F$24,ASV_PerFlag!$C:$C,"unspecified",ASV_PerFlag!$D:$D,$C33) -> 0 | G33: =_xlfn.MAXIFS(ASV_PerFlag!$J:$J,ASV_PerFlag!$A:$A,$B$31,ASV_PerFlag!$B:$B,G$24,ASV_PerFlag!$C:$C,"unspecified",ASV_PerFlag!$D:$D,$C33) -> 0 | H33: =_xlfn.MAXIFS(ASV_PerFlag!$J:$J,ASV_PerFlag!$A:$A,$B$31,ASV_PerFlag!$B:$B,H$24,ASV_PerFlag!$C:$C,"unspecified",ASV_PerFlag!$D:$D,$C33) -> -0.05143445 | I33: =_xlfn.MAXIFS(ASV_PerFlag!$G:$G,ASV_PerFlag!$A:$A,$B$31,ASV_PerFlag!$B:$B,I$24,ASV_PerFlag!$C:$C,"unspecified",ASV_PerFlag!$D:$D,$C33) -> 0.04 | J33: =_xlfn.MAXIFS(ASV_PerFlag!$G:$G,ASV_PerFlag!$A:$A,$B$31,ASV_PerFlag!$B:$B,J$24,ASV_PerFlag!$C:$C,"unspecified",ASV_PerFlag!$D:$D,$C33) -> 0.5 | K33: =_xlfn.MAXIFS(ASV_PerFlag!$G:$G,ASV_PerFlag!$A:$A,$B$31,ASV_PerFlag!$B:$B,K$24,ASV_PerFlag!$C:$C,"unspecified",ASV_PerFlag!$D:$D,$C33) -> 0.16666667 | L33: =_xlfn.MAXIFS(ASV_PerFlag!$K:$K,ASV_PerFlag!$A:$A,$B$31,ASV_PerFlag!$B:$B,L$24,ASV_PerFlag!$C:$C,"unspecified",ASV_PerFlag!$D:$D,$C33) -> 0 | M33: =_xlfn.MAXIFS(ASV_PerFlag!$K:$K,ASV_PerFlag!$A:$A,$B$31,ASV_PerFlag!$B:$B,M$24,ASV_PerFlag!$C:$C,"unspecified",ASV_PerFlag!$D:$D,$C33) -> 0 | N33: =_xlfn.MAXIFS(ASV_PerFlag!$K:$K,ASV_PerFlag!$A:$A,$B$31,ASV_PerFlag!$B:$B,N$24,ASV_PerFlag!$C:$C,"unspecified",ASV_PerFlag!$D:$D,$C33) -> 0
C34: ammonia_toxicity | D34: 26 | E34: 0.1884058 | F34: =_xlfn.MAXIFS(ASV_PerFlag!$J:$J,ASV_PerFlag!$A:$A,$B$31,ASV_PerFlag!$B:$B,F$24,ASV_PerFlag!$C:$C,"unspecified",ASV_PerFlag!$D:$D,$C34) -> 0.10886621 | G34: =_xlfn.MAXIFS(ASV_PerFlag!$J:$J,ASV_PerFlag!$A:$A,$B$31,ASV_PerFlag!$B:$B,G$24,ASV_PerFlag!$C:$C,"unspecified",ASV_PerFlag!$D:$D,$C34) -> 0.70912421 | H34: =_xlfn.MAXIFS(ASV_PerFlag!$J:$J,ASV_PerFlag!$A:$A,$B$31,ASV_PerFlag!$B:$B,H$24,ASV_PerFlag!$C:$C,"unspecified",ASV_PerFlag!$D:$D,$C34) -> 0.64807407 | I34: =_xlfn.MAXIFS(ASV_PerFlag!$G:$G,ASV_PerFlag!$A:$A,$B$31,ASV_PerFlag!$B:$B,I$24,ASV_PerFlag!$C:$C,"unspecified",ASV_PerFlag!$D:$D,$C34) -> 0.14814815 | J34: =_xlfn.MAXIFS(ASV_PerFlag!$G:$G,ASV_PerFlag!$A:$A,$B$31,ASV_PerFlag!$B:$B,J$24,ASV_PerFlag!$C:$C,"unspecified",ASV_PerFlag!$D:$D,$C34) -> 0.95 | K34: =_xlfn.MAXIFS(ASV_PerFlag!$G:$G,ASV_PerFlag!$A:$A,$B$31,ASV_PerFlag!$B:$B,K$24,ASV_PerFlag!$C:$C,"unspecified",ASV_PerFlag!$D:$D,$C34) -> 0.8875 | L34: =_xlfn.MAXIFS(ASV_PerFlag!$K:$K,ASV_PerFlag!$A:$A,$B$31,ASV_PerFlag!$B:$B,L$24,ASV_PerFlag!$C:$C,"unspecified",ASV_PerFlag!$D:$D,$C34) -> 0.46511628 | M34: =_xlfn.MAXIFS(ASV_PerFlag!$K:$K,ASV_PerFlag!$A:$A,$B$31,ASV_PerFlag!$B:$B,M$24,ASV_PerFlag!$C:$C,"unspecified",ASV_PerFlag!$D:$D,$C34) -> 0.86956522 | N34: =_xlfn.MAXIFS(ASV_PerFlag!$K:$K,ASV_PerFlag!$A:$A,$B$31,ASV_PerFlag!$B:$B,N$24,ASV_PerFlag!$C:$C,"unspecified",ASV_PerFlag!$D:$D,$C34) -> 0.83333333
C35: biogas_quality | D35: 7 | E35: 0.050724638 | F35: =_xlfn.MAXIFS(ASV_PerFlag!$J:$J,ASV_PerFlag!$A:$A,$B$31,ASV_PerFlag!$B:$B,F$24,ASV_PerFlag!$C:$C,"unspecified",ASV_PerFlag!$D:$D,$C35) -> 0 | G35: =_xlfn.MAXIFS(ASV_PerFlag!$J:$J,ASV_PerFlag!$A:$A,$B$31,ASV_PerFlag!$B:$B,G$24,ASV_PerFlag!$C:$C,"unspecified",ASV_PerFlag!$D:$D,$C35) -> 0 | H35: =_xlfn.MAXIFS(ASV_PerFlag!$J:$J,ASV_PerFlag!$A:$A,$B$31,ASV_PerFlag!$B:$B,H$24,ASV_PerFlag!$C:$C,"unspecified",ASV_PerFlag!$D:$D,$C35) -> 0.11157311 | I35: =_xlfn.MAXIFS(ASV_PerFlag!$G:$G,ASV_PerFlag!$A:$A,$B$31,ASV_PerFlag!$B:$B,I$24,ASV_PerFlag!$C:$C,"unspecified",ASV_PerFlag!$D:$D,$C35) -> 0.08 | J35: =_xlfn.MAXIFS(ASV_PerFlag!$G:$G,ASV_PerFlag!$A:$A,$B$31,ASV_PerFlag!$B:$B,J$24,ASV_PerFlag!$C:$C,"unspecified",ASV_PerFlag!$D:$D,$C35) -> 0.21929825 | K35: =_xlfn.MAXIFS(ASV_PerFlag!$G:$G,ASV_PerFlag!$A:$A,$B$31,ASV_PerFlag!$B:$B,K$24,ASV_PerFlag!$C:$C,"unspecified",ASV_PerFlag!$D:$D,$C35) -> 0.22222222 | L35: =_xlfn.MAXIFS(ASV_PerFlag!$K:$K,ASV_PerFlag!$A:$A,$B$31,ASV_PerFlag!$B:$B,L$24,ASV_PerFlag!$C:$C,"unspecified",ASV_PerFlag!$D:$D,$C35) -> 0 | M35: =_xlfn.MAXIFS(ASV_PerFlag!$K:$K,ASV_PerFlag!$A:$A,$B$31,ASV_PerFlag!$B:$B,M$24,ASV_PerFlag!$C:$C,"unspecified",ASV_PerFlag!$D:$D,$C35) -> 0 | N35: =_xlfn.MAXIFS(ASV_PerFlag!$K:$K,ASV_PerFlag!$A:$A,$B$31,ASV_PerFlag!$B:$B,N$24,ASV_PerFlag!$C:$C,"unspecified",ASV_PerFlag!$D:$D,$C35) -> 0.29411765
C36: Macro-avg | F36: =AVERAGE(F31:F35) -> 0.020460144 | G36: =AVERAGE(G31:G35) -> 0.14182484 | H36: =AVERAGE(H31:H35) -> 0.2625483 | I36: =AVERAGE(I31:I35) -> 0.094126181 | J36: =AVERAGE(J31:J35) -> 0.52408953 | K36: =AVERAGE(K31:K35) -> 0.4165 | L36: =AVERAGE(L31:L35) -> 0.2163949 | M36: =AVERAGE(M31:M35) -> 0.20421607 | N36: =AVERAGE(N31:N35) -> 0.42362539
B37: merged | C37: buffer_capacity | D37: 9 | E37: 0.065217391 | F37: =_xlfn.MAXIFS(ASV_PerFlag!$J:$J,ASV_PerFlag!$A:$A,$B$37,ASV_PerFlag!$B:$B,F$24,ASV_PerFlag!$C:$C,"unspecified",ASV_PerFlag!$D:$D,$C37) -> 0 | G37: =_xlfn.MAXIFS(ASV_PerFlag!$J:$J,ASV_PerFlag!$A:$A,$B$37,ASV_PerFlag!$B:$B,G$24,ASV_PerFlag!$C:$C,"unspecified",ASV_PerFlag!$D:$D,$C37) -> 0.086258195 | H37: =_xlfn.MAXIFS(ASV_PerFlag!$J:$J,ASV_PerFlag!$A:$A,$B$37,ASV_PerFlag!$B:$B,H$24,ASV_PerFlag!$C:$C,"unspecified",ASV_PerFlag!$D:$D,$C37) -> 0 | I37: =_xlfn.MAXIFS(ASV_PerFlag!$G:$G,ASV_PerFlag!$A:$A,$B$37,ASV_PerFlag!$B:$B,I$24,ASV_PerFlag!$C:$C,"unspecified",ASV_PerFlag!$D:$D,$C37) -> 0.055555556 | J37: =_xlfn.MAXIFS(ASV_PerFlag!$G:$G,ASV_PerFlag!$A:$A,$B$37,ASV_PerFlag!$B:$B,J$24,ASV_PerFlag!$C:$C,"unspecified",ASV_PerFlag!$D:$D,$C37) -> 0.066666667 | K37: =_xlfn.MAXIFS(ASV_PerFlag!$G:$G,ASV_PerFlag!$A:$A,$B$37,ASV_PerFlag!$B:$B,K$24,ASV_PerFlag!$C:$C,"unspecified",ASV_PerFlag!$D:$D,$C37) -> 0.055555556 | L37: =_xlfn.MAXIFS(ASV_PerFlag!$K:$K,ASV_PerFlag!$A:$A,$B$37,ASV_PerFlag!$B:$B,L$24,ASV_PerFlag!$C:$C,"unspecified",ASV_PerFlag!$D:$D,$C37) -> 0.15151515 | M37: =_xlfn.MAXIFS(ASV_PerFlag!$K:$K,ASV_PerFlag!$A:$A,$B$37,ASV_PerFlag!$B:$B,M$24,ASV_PerFlag!$C:$C,"unspecified",ASV_PerFlag!$D:$D,$C37) -> 0.17857143 | N37: =_xlfn.MAXIFS(ASV_PerFlag!$K:$K,ASV_PerFlag!$A:$A,$B$37,ASV_PerFlag!$B:$B,N$24,ASV_PerFlag!$C:$C,"unspecified",ASV_PerFlag!$D:$D,$C37) -> 0
C38: acid_base_balance | D38: 20 | E38: 0.14 | F38: =_xlfn.MAXIFS(ASV_PerFlag!$J:$J,ASV_PerFlag!$A:$A,$B$37,ASV_PerFlag!$B:$B,F$24,ASV_PerFlag!$C:$C,"unspecified",ASV_PerFlag!$D:$D,$C38) -> 0.082158384 | G38: =_xlfn.MAXIFS(ASV_PerFlag!$J:$J,ASV_PerFlag!$A:$A,$B$37,ASV_PerFlag!$B:$B,G$24,ASV_PerFlag!$C:$C,"unspecified",ASV_PerFlag!$D:$D,$C38) -> 0 | H38: =_xlfn.MAXIFS(ASV_PerFlag!$J:$J,ASV_PerFlag!$A:$A,$B$37,ASV_PerFlag!$B:$B,H$24,ASV_PerFlag!$C:$C,"unspecified",ASV_PerFlag!$D:$D,$C38) -> -0.086258195 | I38: =_xlfn.MAXIFS(ASV_PerFlag!$G:$G,ASV_PerFlag!$A:$A,$B$37,ASV_PerFlag!$B:$B,I$24,ASV_PerFlag!$C:$C,"unspecified",ASV_PerFlag!$D:$D,$C38) -> 0.52126984 | J38: =_xlfn.MAXIFS(ASV_PerFlag!$G:$G,ASV_PerFlag!$A:$A,$B$37,ASV_PerFlag!$B:$B,J$24,ASV_PerFlag!$C:$C,"unspecified",ASV_PerFlag!$D:$D,$C38) -> 0.81 | K38: =_xlfn.MAXIFS(ASV_PerFlag!$G:$G,ASV_PerFlag!$A:$A,$B$37,ASV_PerFlag!$B:$B,K$24,ASV_PerFlag!$C:$C,"unspecified",ASV_PerFlag!$D:$D,$C38) -> 0.495 | L38: =_xlfn.MAXIFS(ASV_PerFlag!$K:$K,ASV_PerFlag!$A:$A,$B$37,ASV_PerFlag!$B:$B,L$24,ASV_PerFlag!$C:$C,"unspecified",ASV_PerFlag!$D:$D,$C38) -> 0.20833333 | M38: =_xlfn.MAXIFS(ASV_PerFlag!$K:$K,ASV_PerFlag!$A:$A,$B$37,ASV_PerFlag!$B:$B,M$24,ASV_PerFlag!$C:$C,"unspecified",ASV_PerFlag!$D:$D,$C38) -> 0 | N38: =_xlfn.MAXIFS(ASV_PerFlag!$K:$K,ASV_PerFlag!$A:$A,$B$37,ASV_PerFlag!$B:$B,N$24,ASV_PerFlag!$C:$C,"unspecified",ASV_PerFlag!$D:$D,$C38) -> 0
C39: acid_accumulation | D39: 4 | E39: 0.03 | F39: =_xlfn.MAXIFS(ASV_PerFlag!$J:$J,ASV_PerFlag!$A:$A,$B$37,ASV_PerFlag!$B:$B,F$24,ASV_PerFlag!$C:$C,"unspecified",ASV_PerFlag!$D:$D,$C39) -> 1 | G39: =_xlfn.MAXIFS(ASV_PerFlag!$J:$J,ASV_PerFlag!$A:$A,$B$37,ASV_PerFlag!$B:$B,G$24,ASV_PerFlag!$C:$C,"unspecified",ASV_PerFlag!$D:$D,$C39) -> 0 | H39: =_xlfn.MAXIFS(ASV_PerFlag!$J:$J,ASV_PerFlag!$A:$A,$B$37,ASV_PerFlag!$B:$B,H$24,ASV_PerFlag!$C:$C,"unspecified",ASV_PerFlag!$D:$D,$C39) -> 0.55634864 | I39: =_xlfn.MAXIFS(ASV_PerFlag!$G:$G,ASV_PerFlag!$A:$A,$B$37,ASV_PerFlag!$B:$B,I$24,ASV_PerFlag!$C:$C,"unspecified",ASV_PerFlag!$D:$D,$C39) -> 1 | J39: =_xlfn.MAXIFS(ASV_PerFlag!$G:$G,ASV_PerFlag!$A:$A,$B$37,ASV_PerFlag!$B:$B,J$24,ASV_PerFlag!$C:$C,"unspecified",ASV_PerFlag!$D:$D,$C39) -> 0.2 | K39: =_xlfn.MAXIFS(ASV_PerFlag!$G:$G,ASV_PerFlag!$A:$A,$B$37,ASV_PerFlag!$B:$B,K$24,ASV_PerFlag!$C:$C,"unspecified",ASV_PerFlag!$D:$D,$C39) -> 0.5 | L39: =_xlfn.MAXIFS(ASV_PerFlag!$K:$K,ASV_PerFlag!$A:$A,$B$37,ASV_PerFlag!$B:$B,L$24,ASV_PerFlag!$C:$C,"unspecified",ASV_PerFlag!$D:$D,$C39) -> 1 | M39: =_xlfn.MAXIFS(ASV_PerFlag!$K:$K,ASV_PerFlag!$A:$A,$B$37,ASV_PerFlag!$B:$B,M$24,ASV_PerFlag!$C:$C,"unspecified",ASV_PerFlag!$D:$D,$C39) -> 0 | N39: =_xlfn.MAXIFS(ASV_PerFlag!$K:$K,ASV_PerFlag!$A:$A,$B$37,ASV_PerFlag!$B:$B,N$24,ASV_PerFlag!$C:$C,"unspecified",ASV_PerFlag!$D:$D,$C39) -> 0.71428571
C40: ammonia_toxicity | D40: 26 | E40: 0.1884058 | F40: =_xlfn.MAXIFS(ASV_PerFlag!$J:$J,ASV_PerFlag!$A:$A,$B$37,ASV_PerFlag!$B:$B,F$24,ASV_PerFlag!$C:$C,"unspecified",ASV_PerFlag!$D:$D,$C40) -> 0.64807407 | G40: =_xlfn.MAXIFS(ASV_PerFlag!$J:$J,ASV_PerFlag!$A:$A,$B$37,ASV_PerFlag!$B:$B,G$24,ASV_PerFlag!$C:$C,"unspecified",ASV_PerFlag!$D:$D,$C40) -> 0.70912421 | H40: =_xlfn.MAXIFS(ASV_PerFlag!$J:$J,ASV_PerFlag!$A:$A,$B$37,ASV_PerFlag!$B:$B,H$24,ASV_PerFlag!$C:$C,"unspecified",ASV_PerFlag!$D:$D,$C40) -> 0.59628479 | I40: =_xlfn.MAXIFS(ASV_PerFlag!$G:$G,ASV_PerFlag!$A:$A,$B$37,ASV_PerFlag!$B:$B,I$24,ASV_PerFlag!$C:$C,"unspecified",ASV_PerFlag!$D:$D,$C40) -> 0.525 | J40: =_xlfn.MAXIFS(ASV_PerFlag!$G:$G,ASV_PerFlag!$A:$A,$B$37,ASV_PerFlag!$B:$B,J$24,ASV_PerFlag!$C:$C,"unspecified",ASV_PerFlag!$D:$D,$C40) -> 0.8875 | K40: =_xlfn.MAXIFS(ASV_PerFlag!$G:$G,ASV_PerFlag!$A:$A,$B$37,ASV_PerFlag!$B:$B,K$24,ASV_PerFlag!$C:$C,"unspecified",ASV_PerFlag!$D:$D,$C40) -> 0.80416667 | L40: =_xlfn.MAXIFS(ASV_PerFlag!$K:$K,ASV_PerFlag!$A:$A,$B$37,ASV_PerFlag!$B:$B,L$24,ASV_PerFlag!$C:$C,"unspecified",ASV_PerFlag!$D:$D,$C40) -> 0.83333333 | M40: =_xlfn.MAXIFS(ASV_PerFlag!$K:$K,ASV_PerFlag!$A:$A,$B$37,ASV_PerFlag!$B:$B,M$24,ASV_PerFlag!$C:$C,"unspecified",ASV_PerFlag!$D:$D,$C40) -> 0.86956522 | N40: =_xlfn.MAXIFS(ASV_PerFlag!$K:$K,ASV_PerFlag!$A:$A,$B$37,ASV_PerFlag!$B:$B,N$24,ASV_PerFlag!$C:$C,"unspecified",ASV_PerFlag!$D:$D,$C40) -> 0.8
C41: biogas_quality | D41: 7 | E41: 0.050724638 | F41: =_xlfn.MAXIFS(ASV_PerFlag!$J:$J,ASV_PerFlag!$A:$A,$B$37,ASV_PerFlag!$B:$B,F$24,ASV_PerFlag!$C:$C,"unspecified",ASV_PerFlag!$D:$D,$C41) -> -0.074074074 | G41: =_xlfn.MAXIFS(ASV_PerFlag!$J:$J,ASV_PerFlag!$A:$A,$B$37,ASV_PerFlag!$B:$B,G$24,ASV_PerFlag!$C:$C,"unspecified",ASV_PerFlag!$D:$D,$C41) -> -0.05143445 | H41: =_xlfn.MAXIFS(ASV_PerFlag!$J:$J,ASV_PerFlag!$A:$A,$B$37,ASV_PerFlag!$B:$B,H$24,ASV_PerFlag!$C:$C,"unspecified",ASV_PerFlag!$D:$D,$C41) -> -0.10886621 | I41: =_xlfn.MAXIFS(ASV_PerFlag!$G:$G,ASV_PerFlag!$A:$A,$B$37,ASV_PerFlag!$B:$B,I$24,ASV_PerFlag!$C:$C,"unspecified",ASV_PerFlag!$D:$D,$C41) -> 0.072751323 | J41: =_xlfn.MAXIFS(ASV_PerFlag!$G:$G,ASV_PerFlag!$A:$A,$B$37,ASV_PerFlag!$B:$B,J$24,ASV_PerFlag!$C:$C,"unspecified",ASV_PerFlag!$D:$D,$C41) -> 0.13571429 | K41: =_xlfn.MAXIFS(ASV_PerFlag!$G:$G,ASV_PerFlag!$A:$A,$B$37,ASV_PerFlag!$B:$B,K$24,ASV_PerFlag!$C:$C,"unspecified",ASV_PerFlag!$D:$D,$C41) -> 0.11666667 | L41: =_xlfn.MAXIFS(ASV_PerFlag!$K:$K,ASV_PerFlag!$A:$A,$B$37,ASV_PerFlag!$B:$B,L$24,ASV_PerFlag!$C:$C,"unspecified",ASV_PerFlag!$D:$D,$C41) -> 0 | M41: =_xlfn.MAXIFS(ASV_PerFlag!$K:$K,ASV_PerFlag!$A:$A,$B$37,ASV_PerFlag!$B:$B,M$24,ASV_PerFlag!$C:$C,"unspecified",ASV_PerFlag!$D:$D,$C41) -> 0 | N41: =_xlfn.MAXIFS(ASV_PerFlag!$K:$K,ASV_PerFlag!$A:$A,$B$37,ASV_PerFlag!$B:$B,N$24,ASV_PerFlag!$C:$C,"unspecified",ASV_PerFlag!$D:$D,$C41) -> 0
C42: Macro-avg | F42: =AVERAGE(F37:F41) -> 0.33123168 | G42: =AVERAGE(G37:G41) -> 0.14878959 | H42: =AVERAGE(H37:H41) -> 0.19150181 | I42: =AVERAGE(I37:I41) -> 0.43491534 | J42: =AVERAGE(J37:J41) -> 0.41997619 | K42: =AVERAGE(K37:K41) -> 0.39427778 | L42: =AVERAGE(L37:L41) -> 0.43863636 | M42: =AVERAGE(M37:M41) -> 0.20962733 | N42: =AVERAGE(N37:N41) -> 0.30285714
B43: 3) Genus-tree
B44: Dataset | C44: Flag | D44: n_pos | E44: prevalence | F44: MCC | I44: AUPR | L44: F2
F45: DeepPhylo | G45: MetaDR | H45: Phylospec | I45: DeepPhylo | J45: MetaDR | K45: Phylospec | L45: DeepPhylo | M45: MetaDR | N45: Phylospec
B46: ARC | C46: buffer_capacity | D46: 9 | E46: 0.065217391 | F46: =_xlfn.MAXIFS(Genus_PerFlag!$J:$J,Genus_PerFlag!$A:$A,$B$46,Genus_PerFlag!$B:$B,F$45,Genus_PerFlag!$C:$C,"unspecified",Genus_PerFlag!$D:$D,$C46) -> 0.035714286 | G46: =_xlfn.MAXIFS(Genus_PerFlag!$J:$J,Genus_PerFlag!$A:$A,$B$46,Genus_PerFlag!$B:$B,G$45,Genus_PerFlag!$C:$C,"unspecified",Genus_PerFlag!$D:$D,$C46) -> 0.064194074 | H46: =_xlfn.MAXIFS(Genus_PerFlag!$J:$J,Genus_PerFlag!$A:$A,$B$46,Genus_PerFlag!$B:$B,H$45,Genus_PerFlag!$C:$C,"unspecified",Genus_PerFlag!$D:$D,$C46) -> -0.20965697 | I46: =_xlfn.MAXIFS(Genus_PerFlag!$G:$G,Genus_PerFlag!$A:$A,$B$46,Genus_PerFlag!$B:$B,I$45,Genus_PerFlag!$C:$C,"unspecified",Genus_PerFlag!$D:$D,$C46) -> 0.066666667 | J46: =_xlfn.MAXIFS(Genus_PerFlag!$G:$G,Genus_PerFlag!$A:$A,$B$46,Genus_PerFlag!$B:$B,J$45,Genus_PerFlag!$C:$C,"unspecified",Genus_PerFlag!$D:$D,$C46) -> 0.05 | K46: =_xlfn.MAXIFS(Genus_PerFlag!$G:$G,Genus_PerFlag!$A:$A,$B$46,Genus_PerFlag!$B:$B,K$45,Genus_PerFlag!$C:$C,"unspecified",Genus_PerFlag!$D:$D,$C46) -> 0.038461538 | L46: =_xlfn.MAXIFS(Genus_PerFlag!$K:$K,Genus_PerFlag!$A:$A,$B$46,Genus_PerFlag!$B:$B,L$45,Genus_PerFlag!$C:$C,"unspecified",Genus_PerFlag!$D:$D,$C46) -> 0.15625 | M46: =_xlfn.MAXIFS(Genus_PerFlag!$K:$K,Genus_PerFlag!$A:$A,$B$46,Genus_PerFlag!$B:$B,M$45,Genus_PerFlag!$C:$C,"unspecified",Genus_PerFlag!$D:$D,$C46) -> 0.16666667 | N46: =_xlfn.MAXIFS(Genus_PerFlag!$K:$K,Genus_PerFlag!$A:$A,$B$46,Genus_PerFlag!$B:$B,N$45,Genus_PerFlag!$C:$C,"unspecified",Genus_PerFlag!$D:$D,$C46) -> 0
C47: acid_base_balance | D47: 20 | E47: 0.14 | F47: =_xlfn.MAXIFS(Genus_PerFlag!$J:$J,Genus_PerFlag!$A:$A,$B$46,Genus_PerFlag!$B:$B,F$45,Genus_PerFlag!$C:$C,"unspecified",Genus_PerFlag!$D:$D,$C47) -> 0 | G47: =_xlfn.MAXIFS(Genus_PerFlag!$J:$J,Genus_PerFlag!$A:$A,$B$46,Genus_PerFlag!$B:$B,G$45,Genus_PerFlag!$C:$C,"unspecified",Genus_PerFlag!$D:$D,$C47) -> 0.2360294 | H47: =_xlfn.MAXIFS(Genus_PerFlag!$J:$J,Genus_PerFlag!$A:$A,$B$46,Genus_PerFlag!$B:$B,H$45,Genus_PerFlag!$C:$C,"unspecified",Genus_PerFlag!$D:$D,$C47) -> 0.33101875 | I47: =_xlfn.MAXIFS(Genus_PerFlag!$G:$G,Genus_PerFlag!$A:$A,$B$46,Genus_PerFlag!$B:$B,I$45,Genus_PerFlag!$C:$C,"unspecified",Genus_PerFlag!$D:$D,$C47) -> 0.26333333 | J47: =_xlfn.MAXIFS(Genus_PerFlag!$G:$G,Genus_PerFlag!$A:$A,$B$46,Genus_PerFlag!$B:$B,J$45,Genus_PerFlag!$C:$C,"unspecified",Genus_PerFlag!$D:$D,$C47) -> 0.58878788 | K47: =_xlfn.MAXIFS(Genus_PerFlag!$G:$G,Genus_PerFlag!$A:$A,$B$46,Genus_PerFlag!$B:$B,K$45,Genus_PerFlag!$C:$C,"unspecified",Genus_PerFlag!$D:$D,$C47) -> 0.56 | L47: =_xlfn.MAXIFS(Genus_PerFlag!$K:$K,Genus_PerFlag!$A:$A,$B$46,Genus_PerFlag!$B:$B,L$45,Genus_PerFlag!$C:$C,"unspecified",Genus_PerFlag!$D:$D,$C47) -> 0.51020408 | M47: =_xlfn.MAXIFS(Genus_PerFlag!$K:$K,Genus_PerFlag!$A:$A,$B$46,Genus_PerFlag!$B:$B,M$45,Genus_PerFlag!$C:$C,"unspecified",Genus_PerFlag!$D:$D,$C47) -> 0.22727273 | N47: =_xlfn.MAXIFS(Genus_PerFlag!$K:$K,Genus_PerFlag!$A:$A,$B$46,Genus_PerFlag!$B:$B,N$45,Genus_PerFlag!$C:$C,"unspecified",Genus_PerFlag!$D:$D,$C47) -> 0.53571429
C48: acid_accumulation | D48: 4 | E48: 0.03 | F48: =_xlfn.MAXIFS(Genus_PerFlag!$J:$J,Genus_PerFlag!$A:$A,$B$46,Genus_PerFlag!$B:$B,F$45,Genus_PerFlag!$C:$C,"unspecified",Genus_PerFlag!$D:$D,$C48) -> 0 | G48: =_xlfn.MAXIFS(Genus_PerFlag!$J:$J,Genus_PerFlag!$A:$A,$B$46,Genus_PerFlag!$B:$B,G$45,Genus_PerFlag!$C:$C,"unspecified",Genus_PerFlag!$D:$D,$C48) -> 1 | H48: =_xlfn.MAXIFS(Genus_PerFlag!$J:$J,Genus_PerFlag!$A:$A,$B$46,Genus_PerFlag!$B:$B,H$45,Genus_PerFlag!$C:$C,"unspecified",Genus_PerFlag!$D:$D,$C48) -> -0.035714286 | I48: =_xlfn.MAXIFS(Genus_PerFlag!$G:$G,Genus_PerFlag!$A:$A,$B$46,Genus_PerFlag!$B:$B,I$45,Genus_PerFlag!$C:$C,"unspecified",Genus_PerFlag!$D:$D,$C48) -> 0.066666667 | J48: =_xlfn.MAXIFS(Genus_PerFlag!$G:$G,Genus_PerFlag!$A:$A,$B$46,Genus_PerFlag!$B:$B,J$45,Genus_PerFlag!$C:$C,"unspecified",Genus_PerFlag!$D:$D,$C48) -> 1 | K48: =_xlfn.MAXIFS(Genus_PerFlag!$G:$G,Genus_PerFlag!$A:$A,$B$46,Genus_PerFlag!$B:$B,K$45,Genus_PerFlag!$C:$C,"unspecified",Genus_PerFlag!$D:$D,$C48) -> 0.5 | L48: =_xlfn.MAXIFS(Genus_PerFlag!$K:$K,Genus_PerFlag!$A:$A,$B$46,Genus_PerFlag!$B:$B,L$45,Genus_PerFlag!$C:$C,"unspecified",Genus_PerFlag!$D:$D,$C48) -> 0 | M48: =_xlfn.MAXIFS(Genus_PerFlag!$K:$K,Genus_PerFlag!$A:$A,$B$46,Genus_PerFlag!$B:$B,M$45,Genus_PerFlag!$C:$C,"unspecified",Genus_PerFlag!$D:$D,$C48) -> 1 | N48: =_xlfn.MAXIFS(Genus_PerFlag!$K:$K,Genus_PerFlag!$A:$A,$B$46,Genus_PerFlag!$B:$B,N$45,Genus_PerFlag!$C:$C,"unspecified",Genus_PerFlag!$D:$D,$C48) -> 0
C49: ammonia_toxicity | D49: 26 | E49: 0.1884058 | F49: =_xlfn.MAXIFS(Genus_PerFlag!$J:$J,Genus_PerFlag!$A:$A,$B$46,Genus_PerFlag!$B:$B,F$45,Genus_PerFlag!$C:$C,"unspecified",Genus_PerFlag!$D:$D,$C49) -> 0.16 | G49: =_xlfn.MAXIFS(Genus_PerFlag!$J:$J,Genus_PerFlag!$A:$A,$B$46,Genus_PerFlag!$B:$B,G$45,Genus_PerFlag!$C:$C,"unspecified",Genus_PerFlag!$D:$D,$C49) -> 0.47543555 | H49: =_xlfn.MAXIFS(Genus_PerFlag!$J:$J,Genus_PerFlag!$A:$A,$B$46,Genus_PerFlag!$B:$B,H$45,Genus_PerFlag!$C:$C,"unspecified",Genus_PerFlag!$D:$D,$C49) -> 0.082158384 | I49: =_xlfn.MAXIFS(Genus_PerFlag!$G:$G,Genus_PerFlag!$A:$A,$B$46,Genus_PerFlag!$B:$B,I$45,Genus_PerFlag!$C:$C,"unspecified",Genus_PerFlag!$D:$D,$C49) -> 0.26666667 | J49: =_xlfn.MAXIFS(Genus_PerFlag!$G:$G,Genus_PerFlag!$A:$A,$B$46,Genus_PerFlag!$B:$B,J$45,Genus_PerFlag!$C:$C,"unspecified",Genus_PerFlag!$D:$D,$C49) -> 0.47738095 | K49: =_xlfn.MAXIFS(Genus_PerFlag!$G:$G,Genus_PerFlag!$A:$A,$B$46,Genus_PerFlag!$B:$B,K$45,Genus_PerFlag!$C:$C,"unspecified",Genus_PerFlag!$D:$D,$C49) -> 0.41547619 | L49: =_xlfn.MAXIFS(Genus_PerFlag!$K:$K,Genus_PerFlag!$A:$A,$B$46,Genus_PerFlag!$B:$B,L$45,Genus_PerFlag!$C:$C,"unspecified",Genus_PerFlag!$D:$D,$C49) -> 0.48780488 | M49: =_xlfn.MAXIFS(Genus_PerFlag!$K:$K,Genus_PerFlag!$A:$A,$B$46,Genus_PerFlag!$B:$B,M$45,Genus_PerFlag!$C:$C,"unspecified",Genus_PerFlag!$D:$D,$C49) -> 0.65217391 | N49: =_xlfn.MAXIFS(Genus_PerFlag!$K:$K,Genus_PerFlag!$A:$A,$B$46,Genus_PerFlag!$B:$B,N$45,Genus_PerFlag!$C:$C,"unspecified",Genus_PerFlag!$D:$D,$C49) -> 0.23809524
C50: biogas_quality | D50: 7 | E50: 0.050724638 | F50: =_xlfn.MAXIFS(Genus_PerFlag!$J:$J,Genus_PerFlag!$A:$A,$B$46,Genus_PerFlag!$B:$B,F$45,Genus_PerFlag!$C:$C,"unspecified",Genus_PerFlag!$D:$D,$C50) -> 0 | G50: =_xlfn.MAXIFS(Genus_PerFlag!$J:$J,Genus_PerFlag!$A:$A,$B$46,Genus_PerFlag!$B:$B,G$45,Genus_PerFlag!$C:$C,"unspecified",Genus_PerFlag!$D:$D,$C50) -> -0.074074074 | H50: =_xlfn.MAXIFS(Genus_PerFlag!$J:$J,Genus_PerFlag!$A:$A,$B$46,Genus_PerFlag!$B:$B,H$45,Genus_PerFlag!$C:$C,"unspecified",Genus_PerFlag!$D:$D,$C50) -> 0.16448792 | I50: =_xlfn.MAXIFS(Genus_PerFlag!$G:$G,Genus_PerFlag!$A:$A,$B$46,Genus_PerFlag!$B:$B,I$45,Genus_PerFlag!$C:$C,"unspecified",Genus_PerFlag!$D:$D,$C50) -> 0.13333333 | J50: =_xlfn.MAXIFS(Genus_PerFlag!$G:$G,Genus_PerFlag!$A:$A,$B$46,Genus_PerFlag!$B:$B,J$45,Genus_PerFlag!$C:$C,"unspecified",Genus_PerFlag!$D:$D,$C50) -> 0.13888889 | K50: =_xlfn.MAXIFS(Genus_PerFlag!$G:$G,Genus_PerFlag!$A:$A,$B$46,Genus_PerFlag!$B:$B,K$45,Genus_PerFlag!$C:$C,"unspecified",Genus_PerFlag!$D:$D,$C50) -> 0.10989011 | L50: =_xlfn.MAXIFS(Genus_PerFlag!$K:$K,Genus_PerFlag!$A:$A,$B$46,Genus_PerFlag!$B:$B,L$45,Genus_PerFlag!$C:$C,"unspecified",Genus_PerFlag!$D:$D,$C50) -> 0 | M50: =_xlfn.MAXIFS(Genus_PerFlag!$K:$K,Genus_PerFlag!$A:$A,$B$46,Genus_PerFlag!$B:$B,M$45,Genus_PerFlag!$C:$C,"unspecified",Genus_PerFlag!$D:$D,$C50) -> 0 | N50: =_xlfn.MAXIFS(Genus_PerFlag!$K:$K,Genus_PerFlag!$A:$A,$B$46,Genus_PerFlag!$B:$B,N$45,Genus_PerFlag!$C:$C,"unspecified",Genus_PerFlag!$D:$D,$C50) -> 0.33333333
C51: Macro-avg | F51: =AVERAGE(F46:F50) -> 0.039142857 | G51: =AVERAGE(G46:G50) -> 0.34031699 | H51: =AVERAGE(H46:H50) -> 0.066458761 | I51: =AVERAGE(I46:I50) -> 0.15933333 | J51: =AVERAGE(J46:J50) -> 0.45101154 | K51: =AVERAGE(K46:K50) -> 0.32476557 | L51: =AVERAGE(L46:L50) -> 0.23085179 | M51: =AVERAGE(M46:M50) -> 0.40922266 | N51: =AVERAGE(N46:N50) -> 0.22142857
B52: BAC | C52: buffer_capacity | D52: 9 | E52: 0.065217391 | F52: =_xlfn.MAXIFS(Genus_PerFlag!$J:$J,Genus_PerFlag!$A:$A,$B$52,Genus_PerFlag!$B:$B,F$45,Genus_PerFlag!$C:$C,"unspecified",Genus_PerFlag!$D:$D,$C52) -> 0.12677314 | G52: =_xlfn.MAXIFS(Genus_PerFlag!$J:$J,Genus_PerFlag!$A:$A,$B$52,Genus_PerFlag!$B:$B,G$45,Genus_PerFlag!$C:$C,"unspecified",Genus_PerFlag!$D:$D,$C52) -> 0 | H52: =_xlfn.MAXIFS(Genus_PerFlag!$J:$J,Genus_PerFlag!$A:$A,$B$52,Genus_PerFlag!$B:$B,H$45,Genus_PerFlag!$C:$C,"unspecified",Genus_PerFlag!$D:$D,$C52) -> 0.24174689 | I52: =_xlfn.MAXIFS(Genus_PerFlag!$G:$G,Genus_PerFlag!$A:$A,$B$52,Genus_PerFlag!$B:$B,I$45,Genus_PerFlag!$C:$C,"unspecified",Genus_PerFlag!$D:$D,$C52) -> 0.1 | J52: =_xlfn.MAXIFS(Genus_PerFlag!$G:$G,Genus_PerFlag!$A:$A,$B$52,Genus_PerFlag!$B:$B,J$45,Genus_PerFlag!$C:$C,"unspecified",Genus_PerFlag!$D:$D,$C52) -> 0.11111111 | K52: =_xlfn.MAXIFS(Genus_PerFlag!$G:$G,Genus_PerFlag!$A:$A,$B$52,Genus_PerFlag!$B:$B,K$45,Genus_PerFlag!$C:$C,"unspecified",Genus_PerFlag!$D:$D,$C52) -> 0.5 | L52: =_xlfn.MAXIFS(Genus_PerFlag!$K:$K,Genus_PerFlag!$A:$A,$B$52,Genus_PerFlag!$B:$B,L$45,Genus_PerFlag!$C:$C,"unspecified",Genus_PerFlag!$D:$D,$C52) -> 0.20833333 | M52: =_xlfn.MAXIFS(Genus_PerFlag!$K:$K,Genus_PerFlag!$A:$A,$B$52,Genus_PerFlag!$B:$B,M$45,Genus_PerFlag!$C:$C,"unspecified",Genus_PerFlag!$D:$D,$C52) -> 0.15151515 | N52: =_xlfn.MAXIFS(Genus_PerFlag!$K:$K,Genus_PerFlag!$A:$A,$B$52,Genus_PerFlag!$B:$B,N$45,Genus_PerFlag!$C:$C,"unspecified",Genus_PerFlag!$D:$D,$C52) -> 0.33333333
C53: acid_base_balance | D53: 20 | E53: 0.14 | F53: =_xlfn.MAXIFS(Genus_PerFlag!$J:$J,Genus_PerFlag!$A:$A,$B$52,Genus_PerFlag!$B:$B,F$45,Genus_PerFlag!$C:$C,"unspecified",Genus_PerFlag!$D:$D,$C53) -> 0.077472473 | G53: =_xlfn.MAXIFS(Genus_PerFlag!$J:$J,Genus_PerFlag!$A:$A,$B$52,Genus_PerFlag!$B:$B,G$45,Genus_PerFlag!$C:$C,"unspecified",Genus_PerFlag!$D:$D,$C53) -> 0.41403934 | H53: =_xlfn.MAXIFS(Genus_PerFlag!$J:$J,Genus_PerFlag!$A:$A,$B$52,Genus_PerFlag!$B:$B,H$45,Genus_PerFlag!$C:$C,"unspecified",Genus_PerFlag!$D:$D,$C53) -> 0 | I53: =_xlfn.MAXIFS(Genus_PerFlag!$G:$G,Genus_PerFlag!$A:$A,$B$52,Genus_PerFlag!$B:$B,I$45,Genus_PerFlag!$C:$C,"unspecified",Genus_PerFlag!$D:$D,$C53) -> 0.25809524 | J53: =_xlfn.MAXIFS(Genus_PerFlag!$G:$G,Genus_PerFlag!$A:$A,$B$52,Genus_PerFlag!$B:$B,J$45,Genus_PerFlag!$C:$C,"unspecified",Genus_PerFlag!$D:$D,$C53) -> 0.9 | K53: =_xlfn.MAXIFS(Genus_PerFlag!$G:$G,Genus_PerFlag!$A:$A,$B$52,Genus_PerFlag!$B:$B,K$45,Genus_PerFlag!$C:$C,"unspecified",Genus_PerFlag!$D:$D,$C53) -> 0.58904762 | L53: =_xlfn.MAXIFS(Genus_PerFlag!$K:$K,Genus_PerFlag!$A:$A,$B$52,Genus_PerFlag!$B:$B,L$45,Genus_PerFlag!$C:$C,"unspecified",Genus_PerFlag!$D:$D,$C53) -> 0.48780488 | M53: =_xlfn.MAXIFS(Genus_PerFlag!$K:$K,Genus_PerFlag!$A:$A,$B$52,Genus_PerFlag!$B:$B,M$45,Genus_PerFlag!$C:$C,"unspecified",Genus_PerFlag!$D:$D,$C53) -> 0.23809524 | N53: =_xlfn.MAXIFS(Genus_PerFlag!$K:$K,Genus_PerFlag!$A:$A,$B$52,Genus_PerFlag!$B:$B,N$45,Genus_PerFlag!$C:$C,"unspecified",Genus_PerFlag!$D:$D,$C53) -> 0
C54: acid_accumulation | D54: 4 | E54: 0.03 | F54: =_xlfn.MAXIFS(Genus_PerFlag!$J:$J,Genus_PerFlag!$A:$A,$B$52,Genus_PerFlag!$B:$B,F$45,Genus_PerFlag!$C:$C,"unspecified",Genus_PerFlag!$D:$D,$C54) -> -0.035714286 | G54: =_xlfn.MAXIFS(Genus_PerFlag!$J:$J,Genus_PerFlag!$A:$A,$B$52,Genus_PerFlag!$B:$B,G$45,Genus_PerFlag!$C:$C,"unspecified",Genus_PerFlag!$D:$D,$C54) -> -0.035714286 | H54: =_xlfn.MAXIFS(Genus_PerFlag!$J:$J,Genus_PerFlag!$A:$A,$B$52,Genus_PerFlag!$B:$B,H$45,Genus_PerFlag!$C:$C,"unspecified",Genus_PerFlag!$D:$D,$C54) -> 0.30618622 | I54: =_xlfn.MAXIFS(Genus_PerFlag!$G:$G,Genus_PerFlag!$A:$A,$B$52,Genus_PerFlag!$B:$B,I$45,Genus_PerFlag!$C:$C,"unspecified",Genus_PerFlag!$D:$D,$C54) -> 0.071428571 | J54: =_xlfn.MAXIFS(Genus_PerFlag!$G:$G,Genus_PerFlag!$A:$A,$B$52,Genus_PerFlag!$B:$B,J$45,Genus_PerFlag!$C:$C,"unspecified",Genus_PerFlag!$D:$D,$C54) -> 0.5 | K54: =_xlfn.MAXIFS(Genus_PerFlag!$G:$G,Genus_PerFlag!$A:$A,$B$52,Genus_PerFlag!$B:$B,K$45,Genus_PerFlag!$C:$C,"unspecified",Genus_PerFlag!$D:$D,$C54) -> 0.33333333 | L54: =_xlfn.MAXIFS(Genus_PerFlag!$K:$K,Genus_PerFlag!$A:$A,$B$52,Genus_PerFlag!$B:$B,L$45,Genus_PerFlag!$C:$C,"unspecified",Genus_PerFlag!$D:$D,$C54) -> 0 | M54: =_xlfn.MAXIFS(Genus_PerFlag!$K:$K,Genus_PerFlag!$A:$A,$B$52,Genus_PerFlag!$B:$B,M$45,Genus_PerFlag!$C:$C,"unspecified",Genus_PerFlag!$D:$D,$C54) -> 0 | N54: =_xlfn.MAXIFS(Genus_PerFlag!$K:$K,Genus_PerFlag!$A:$A,$B$52,Genus_PerFlag!$B:$B,N$45,Genus_PerFlag!$C:$C,"unspecified",Genus_PerFlag!$D:$D,$C54) -> 0.41666667
C55: ammonia_toxicity | D55: 26 | E55: 0.1884058 | F55: =_xlfn.MAXIFS(Genus_PerFlag!$J:$J,Genus_PerFlag!$A:$A,$B$52,Genus_PerFlag!$B:$B,F$45,Genus_PerFlag!$C:$C,"unspecified",Genus_PerFlag!$D:$D,$C55) -> 0.24268134 | G55: =_xlfn.MAXIFS(Genus_PerFlag!$J:$J,Genus_PerFlag!$A:$A,$B$52,Genus_PerFlag!$B:$B,G$45,Genus_PerFlag!$C:$C,"unspecified",Genus_PerFlag!$D:$D,$C55) -> 0.70912421 | H55: =_xlfn.MAXIFS(Genus_PerFlag!$J:$J,Genus_PerFlag!$A:$A,$B$52,Genus_PerFlag!$B:$B,H$45,Genus_PerFlag!$C:$C,"unspecified",Genus_PerFlag!$D:$D,$C55) -> 0.70912421 | I55: =_xlfn.MAXIFS(Genus_PerFlag!$G:$G,Genus_PerFlag!$A:$A,$B$52,Genus_PerFlag!$B:$B,I$45,Genus_PerFlag!$C:$C,"unspecified",Genus_PerFlag!$D:$D,$C55) -> 0.28382353 | J55: =_xlfn.MAXIFS(Genus_PerFlag!$G:$G,Genus_PerFlag!$A:$A,$B$52,Genus_PerFlag!$B:$B,J$45,Genus_PerFlag!$C:$C,"unspecified",Genus_PerFlag!$D:$D,$C55) -> 0.91666667 | K55: =_xlfn.MAXIFS(Genus_PerFlag!$G:$G,Genus_PerFlag!$A:$A,$B$52,Genus_PerFlag!$B:$B,K$45,Genus_PerFlag!$C:$C,"unspecified",Genus_PerFlag!$D:$D,$C55) -> 0.8875 | L55: =_xlfn.MAXIFS(Genus_PerFlag!$K:$K,Genus_PerFlag!$A:$A,$B$52,Genus_PerFlag!$B:$B,L$45,Genus_PerFlag!$C:$C,"unspecified",Genus_PerFlag!$D:$D,$C55) -> 0.51724138 | M55: =_xlfn.MAXIFS(Genus_PerFlag!$K:$K,Genus_PerFlag!$A:$A,$B$52,Genus_PerFlag!$B:$B,M$45,Genus_PerFlag!$C:$C,"unspecified",Genus_PerFlag!$D:$D,$C55) -> 0.86956522 | N55: =_xlfn.MAXIFS(Genus_PerFlag!$K:$K,Genus_PerFlag!$A:$A,$B$52,Genus_PerFlag!$B:$B,N$45,Genus_PerFlag!$C:$C,"unspecified",Genus_PerFlag!$D:$D,$C55) -> 0.86956522
C56: biogas_quality | D56: 7 | E56: 0.050724638 | F56: =_xlfn.MAXIFS(Genus_PerFlag!$J:$J,Genus_PerFlag!$A:$A,$B$52,Genus_PerFlag!$B:$B,F$45,Genus_PerFlag!$C:$C,"unspecified",Genus_PerFlag!$D:$D,$C56) -> 0.34815531 | G56: =_xlfn.MAXIFS(Genus_PerFlag!$J:$J,Genus_PerFlag!$A:$A,$B$52,Genus_PerFlag!$B:$B,G$45,Genus_PerFlag!$C:$C,"unspecified",Genus_PerFlag!$D:$D,$C56) -> -0.05143445 | H56: =_xlfn.MAXIFS(Genus_PerFlag!$J:$J,Genus_PerFlag!$A:$A,$B$52,Genus_PerFlag!$B:$B,H$45,Genus_PerFlag!$C:$C,"unspecified",Genus_PerFlag!$D:$D,$C56) -> 0.19744963 | I56: =_xlfn.MAXIFS(Genus_PerFlag!$G:$G,Genus_PerFlag!$A:$A,$B$52,Genus_PerFlag!$B:$B,I$45,Genus_PerFlag!$C:$C,"unspecified",Genus_PerFlag!$D:$D,$C56) -> 0.18181818 | J56: =_xlfn.MAXIFS(Genus_PerFlag!$G:$G,Genus_PerFlag!$A:$A,$B$52,Genus_PerFlag!$B:$B,J$45,Genus_PerFlag!$C:$C,"unspecified",Genus_PerFlag!$D:$D,$C56) -> 0.36666667 | K56: =_xlfn.MAXIFS(Genus_PerFlag!$G:$G,Genus_PerFlag!$A:$A,$B$52,Genus_PerFlag!$B:$B,K$45,Genus_PerFlag!$C:$C,"unspecified",Genus_PerFlag!$D:$D,$C56) -> 0.36111111 | L56: =_xlfn.MAXIFS(Genus_PerFlag!$K:$K,Genus_PerFlag!$A:$A,$B$52,Genus_PerFlag!$B:$B,L$45,Genus_PerFlag!$C:$C,"unspecified",Genus_PerFlag!$D:$D,$C56) -> 0.52631579 | M56: =_xlfn.MAXIFS(Genus_PerFlag!$K:$K,Genus_PerFlag!$A:$A,$B$52,Genus_PerFlag!$B:$B,M$45,Genus_PerFlag!$C:$C,"unspecified",Genus_PerFlag!$D:$D,$C56) -> 0 | N56: =_xlfn.MAXIFS(Genus_PerFlag!$K:$K,Genus_PerFlag!$A:$A,$B$52,Genus_PerFlag!$B:$B,N$45,Genus_PerFlag!$C:$C,"unspecified",Genus_PerFlag!$D:$D,$C56) -> 0.37037037
C57: Macro-avg | F57: =AVERAGE(F52:F56) -> 0.15187359 | G57: =AVERAGE(G52:G56) -> 0.20720296 | H57: =AVERAGE(H52:H56) -> 0.29090139 | I57: =AVERAGE(I52:I56) -> 0.1790331 | J57: =AVERAGE(J52:J56) -> 0.55888889 | K57: =AVERAGE(K52:K56) -> 0.53419841 | L57: =AVERAGE(L52:L56) -> 0.34793908 | M57: =AVERAGE(M52:M56) -> 0.25183512 | N57: =AVERAGE(N52:N56) -> 0.39798712
B58: merged | C58: buffer_capacity | D58: 9 | E58: 0.065217391 | F58: =_xlfn.MAXIFS(Genus_PerFlag!$J:$J,Genus_PerFlag!$A:$A,$B$58,Genus_PerFlag!$B:$B,F$45,Genus_PerFlag!$C:$C,"unspecified",Genus_PerFlag!$D:$D,$C58) -> 0.035714286 | G58: =_xlfn.MAXIFS(Genus_PerFlag!$J:$J,Genus_PerFlag!$A:$A,$B$58,Genus_PerFlag!$B:$B,G$45,Genus_PerFlag!$C:$C,"unspecified",Genus_PerFlag!$D:$D,$C58) -> -0.11664237 | H58: =_xlfn.MAXIFS(Genus_PerFlag!$J:$J,Genus_PerFlag!$A:$A,$B$58,Genus_PerFlag!$B:$B,H$45,Genus_PerFlag!$C:$C,"unspecified",Genus_PerFlag!$D:$D,$C58) -> 0.05143445 | I58: =_xlfn.MAXIFS(Genus_PerFlag!$G:$G,Genus_PerFlag!$A:$A,$B$58,Genus_PerFlag!$B:$B,I$45,Genus_PerFlag!$C:$C,"unspecified",Genus_PerFlag!$D:$D,$C58) -> 0.16666667 | J58: =_xlfn.MAXIFS(Genus_PerFlag!$G:$G,Genus_PerFlag!$A:$A,$B$58,Genus_PerFlag!$B:$B,J$45,Genus_PerFlag!$C:$C,"unspecified",Genus_PerFlag!$D:$D,$C58) -> 0.047619048 | K58: =_xlfn.MAXIFS(Genus_PerFlag!$G:$G,Genus_PerFlag!$A:$A,$B$58,Genus_PerFlag!$B:$B,K$45,Genus_PerFlag!$C:$C,"unspecified",Genus_PerFlag!$D:$D,$C58) -> 0.090909091 | L58: =_xlfn.MAXIFS(Genus_PerFlag!$K:$K,Genus_PerFlag!$A:$A,$B$58,Genus_PerFlag!$B:$B,L$45,Genus_PerFlag!$C:$C,"unspecified",Genus_PerFlag!$D:$D,$C58) -> 0.15625 | M58: =_xlfn.MAXIFS(Genus_PerFlag!$K:$K,Genus_PerFlag!$A:$A,$B$58,Genus_PerFlag!$B:$B,M$45,Genus_PerFlag!$C:$C,"unspecified",Genus_PerFlag!$D:$D,$C58) -> 0 | N58: =_xlfn.MAXIFS(Genus_PerFlag!$K:$K,Genus_PerFlag!$A:$A,$B$58,Genus_PerFlag!$B:$B,N$45,Genus_PerFlag!$C:$C,"unspecified",Genus_PerFlag!$D:$D,$C58) -> 0.16129032
C59: acid_base_balance | D59: 20 | E59: 0.14 | F59: =_xlfn.MAXIFS(Genus_PerFlag!$J:$J,Genus_PerFlag!$A:$A,$B$58,Genus_PerFlag!$B:$B,F$45,Genus_PerFlag!$C:$C,"unspecified",Genus_PerFlag!$D:$D,$C59) -> 0.2360294 | G59: =_xlfn.MAXIFS(Genus_PerFlag!$J:$J,Genus_PerFlag!$A:$A,$B$58,Genus_PerFlag!$B:$B,G$45,Genus_PerFlag!$C:$C,"unspecified",Genus_PerFlag!$D:$D,$C59) -> 0.41403934 | H59: =_xlfn.MAXIFS(Genus_PerFlag!$J:$J,Genus_PerFlag!$A:$A,$B$58,Genus_PerFlag!$B:$B,H$45,Genus_PerFlag!$C:$C,"unspecified",Genus_PerFlag!$D:$D,$C59) -> 0 | I59: =_xlfn.MAXIFS(Genus_PerFlag!$G:$G,Genus_PerFlag!$A:$A,$B$58,Genus_PerFlag!$B:$B,I$45,Genus_PerFlag!$C:$C,"unspecified",Genus_PerFlag!$D:$D,$C59) -> 0.56444444 | J59: =_xlfn.MAXIFS(Genus_PerFlag!$G:$G,Genus_PerFlag!$A:$A,$B$58,Genus_PerFlag!$B:$B,J$45,Genus_PerFlag!$C:$C,"unspecified",Genus_PerFlag!$D:$D,$C59) -> 0.69619048 | K59: =_xlfn.MAXIFS(Genus_PerFlag!$G:$G,Genus_PerFlag!$A:$A,$B$58,Genus_PerFlag!$B:$B,K$45,Genus_PerFlag!$C:$C,"unspecified",Genus_PerFlag!$D:$D,$C59) -> 0.48781609 | L59: =_xlfn.MAXIFS(Genus_PerFlag!$K:$K,Genus_PerFlag!$A:$A,$B$58,Genus_PerFlag!$B:$B,L$45,Genus_PerFlag!$C:$C,"unspecified",Genus_PerFlag!$D:$D,$C59) -> 0.22727273 | M59: =_xlfn.MAXIFS(Genus_PerFlag!$K:$K,Genus_PerFlag!$A:$A,$B$58,Genus_PerFlag!$B:$B,M$45,Genus_PerFlag!$C:$C,"unspecified",Genus_PerFlag!$D:$D,$C59) -> 0.23809524 | N59: =_xlfn.MAXIFS(Genus_PerFlag!$K:$K,Genus_PerFlag!$A:$A,$B$58,Genus_PerFlag!$B:$B,N$45,Genus_PerFlag!$C:$C,"unspecified",Genus_PerFlag!$D:$D,$C59) -> 0
C60: acid_accumulation | D60: 4 | E60: 0.03 | F60: =_xlfn.MAXIFS(Genus_PerFlag!$J:$J,Genus_PerFlag!$A:$A,$B$58,Genus_PerFlag!$B:$B,F$45,Genus_PerFlag!$C:$C,"unspecified",Genus_PerFlag!$D:$D,$C60) -> 1 | G60: =_xlfn.MAXIFS(Genus_PerFlag!$J:$J,Genus_PerFlag!$A:$A,$B$58,Genus_PerFlag!$B:$B,G$45,Genus_PerFlag!$C:$C,"unspecified",Genus_PerFlag!$D:$D,$C60) -> 0 | H60: =_xlfn.MAXIFS(Genus_PerFlag!$J:$J,Genus_PerFlag!$A:$A,$B$58,Genus_PerFlag!$B:$B,H$45,Genus_PerFlag!$C:$C,"unspecified",Genus_PerFlag!$D:$D,$C60) -> 0.47245559 | I60: =_xlfn.MAXIFS(Genus_PerFlag!$G:$G,Genus_PerFlag!$A:$A,$B$58,Genus_PerFlag!$B:$B,I$45,Genus_PerFlag!$C:$C,"unspecified",Genus_PerFlag!$D:$D,$C60) -> 1 | J60: =_xlfn.MAXIFS(Genus_PerFlag!$G:$G,Genus_PerFlag!$A:$A,$B$58,Genus_PerFlag!$B:$B,J$45,Genus_PerFlag!$C:$C,"unspecified",Genus_PerFlag!$D:$D,$C60) -> 0.5 | K60: =_xlfn.MAXIFS(Genus_PerFlag!$G:$G,Genus_PerFlag!$A:$A,$B$58,Genus_PerFlag!$B:$B,K$45,Genus_PerFlag!$C:$C,"unspecified",Genus_PerFlag!$D:$D,$C60) -> 0.33333333 | L60: =_xlfn.MAXIFS(Genus_PerFlag!$K:$K,Genus_PerFlag!$A:$A,$B$58,Genus_PerFlag!$B:$B,L$45,Genus_PerFlag!$C:$C,"unspecified",Genus_PerFlag!$D:$D,$C60) -> 1 | M60: =_xlfn.MAXIFS(Genus_PerFlag!$K:$K,Genus_PerFlag!$A:$A,$B$58,Genus_PerFlag!$B:$B,M$45,Genus_PerFlag!$C:$C,"unspecified",Genus_PerFlag!$D:$D,$C60) -> 0 | N60: =_xlfn.MAXIFS(Genus_PerFlag!$K:$K,Genus_PerFlag!$A:$A,$B$58,Genus_PerFlag!$B:$B,N$45,Genus_PerFlag!$C:$C,"unspecified",Genus_PerFlag!$D:$D,$C60) -> 0.625
C61: ammonia_toxicity | D61: 26 | E61: 0.1884058 | F61: =_xlfn.MAXIFS(Genus_PerFlag!$J:$J,Genus_PerFlag!$A:$A,$B$58,Genus_PerFlag!$B:$B,F$45,Genus_PerFlag!$C:$C,"unspecified",Genus_PerFlag!$D:$D,$C61) -> 0.64807407 | G61: =_xlfn.MAXIFS(Genus_PerFlag!$J:$J,Genus_PerFlag!$A:$A,$B$58,Genus_PerFlag!$B:$B,G$45,Genus_PerFlag!$C:$C,"unspecified",Genus_PerFlag!$D:$D,$C61) -> 0.59628479 | H61: =_xlfn.MAXIFS(Genus_PerFlag!$J:$J,Genus_PerFlag!$A:$A,$B$58,Genus_PerFlag!$B:$B,H$45,Genus_PerFlag!$C:$C,"unspecified",Genus_PerFlag!$D:$D,$C61) -> 0.70912421 | I61: =_xlfn.MAXIFS(Genus_PerFlag!$G:$G,Genus_PerFlag!$A:$A,$B$58,Genus_PerFlag!$B:$B,I$45,Genus_PerFlag!$C:$C,"unspecified",Genus_PerFlag!$D:$D,$C61) -> 0.62202381 | J61: =_xlfn.MAXIFS(Genus_PerFlag!$G:$G,Genus_PerFlag!$A:$A,$B$58,Genus_PerFlag!$B:$B,J$45,Genus_PerFlag!$C:$C,"unspecified",Genus_PerFlag!$D:$D,$C61) -> 0.89285714 | K61: =_xlfn.MAXIFS(Genus_PerFlag!$G:$G,Genus_PerFlag!$A:$A,$B$58,Genus_PerFlag!$B:$B,K$45,Genus_PerFlag!$C:$C,"unspecified",Genus_PerFlag!$D:$D,$C61) -> 0.77083333 | L61: =_xlfn.MAXIFS(Genus_PerFlag!$K:$K,Genus_PerFlag!$A:$A,$B$58,Genus_PerFlag!$B:$B,L$45,Genus_PerFlag!$C:$C,"unspecified",Genus_PerFlag!$D:$D,$C61) -> 0.83333333 | M61: =_xlfn.MAXIFS(Genus_PerFlag!$K:$K,Genus_PerFlag!$A:$A,$B$58,Genus_PerFlag!$B:$B,M$45,Genus_PerFlag!$C:$C,"unspecified",Genus_PerFlag!$D:$D,$C61) -> 0.8 | N61: =_xlfn.MAXIFS(Genus_PerFlag!$K:$K,Genus_PerFlag!$A:$A,$B$58,Genus_PerFlag!$B:$B,N$45,Genus_PerFlag!$C:$C,"unspecified",Genus_PerFlag!$D:$D,$C61) -> 0.86956522
C62: biogas_quality | D62: 7 | E62: 0.050724638 | F62: =_xlfn.MAXIFS(Genus_PerFlag!$J:$J,Genus_PerFlag!$A:$A,$B$58,Genus_PerFlag!$B:$B,F$45,Genus_PerFlag!$C:$C,"unspecified",Genus_PerFlag!$D:$D,$C62) -> -0.092450033 | G62: =_xlfn.MAXIFS(Genus_PerFlag!$J:$J,Genus_PerFlag!$A:$A,$B$58,Genus_PerFlag!$B:$B,G$45,Genus_PerFlag!$C:$C,"unspecified",Genus_PerFlag!$D:$D,$C62) -> -0.05143445 | H62: =_xlfn.MAXIFS(Genus_PerFlag!$J:$J,Genus_PerFlag!$A:$A,$B$58,Genus_PerFlag!$B:$B,H$45,Genus_PerFlag!$C:$C,"unspecified",Genus_PerFlag!$D:$D,$C62) -> 0.34815531 | I62: =_xlfn.MAXIFS(Genus_PerFlag!$G:$G,Genus_PerFlag!$A:$A,$B$58,Genus_PerFlag!$B:$B,I$45,Genus_PerFlag!$C:$C,"unspecified",Genus_PerFlag!$D:$D,$C62) -> 0.19090909 | J62: =_xlfn.MAXIFS(Genus_PerFlag!$G:$G,Genus_PerFlag!$A:$A,$B$58,Genus_PerFlag!$B:$B,J$45,Genus_PerFlag!$C:$C,"unspecified",Genus_PerFlag!$D:$D,$C62) -> 0.085714286 | K62: =_xlfn.MAXIFS(Genus_PerFlag!$G:$G,Genus_PerFlag!$A:$A,$B$58,Genus_PerFlag!$B:$B,K$45,Genus_PerFlag!$C:$C,"unspecified",Genus_PerFlag!$D:$D,$C62) -> 0.18253968 | L62: =_xlfn.MAXIFS(Genus_PerFlag!$K:$K,Genus_PerFlag!$A:$A,$B$58,Genus_PerFlag!$B:$B,L$45,Genus_PerFlag!$C:$C,"unspecified",Genus_PerFlag!$D:$D,$C62) -> 0 | M62: =_xlfn.MAXIFS(Genus_PerFlag!$K:$K,Genus_PerFlag!$A:$A,$B$58,Genus_PerFlag!$B:$B,M$45,Genus_PerFlag!$C:$C,"unspecified",Genus_PerFlag!$D:$D,$C62) -> 0 | N62: =_xlfn.MAXIFS(Genus_PerFlag!$K:$K,Genus_PerFlag!$A:$A,$B$58,Genus_PerFlag!$B:$B,N$45,Genus_PerFlag!$C:$C,"unspecified",Genus_PerFlag!$D:$D,$C62) -> 0.52631579
C63: Macro-avg | F63: =AVERAGE(F58:F62) -> 0.36547354 | G63: =AVERAGE(G58:G62) -> 0.16844946 | H63: =AVERAGE(H58:H62) -> 0.31623391 | I63: =AVERAGE(I58:I62) -> 0.5088088 | J63: =AVERAGE(J58:J62) -> 0.44447619 | K63: =AVERAGE(K58:K62) -> 0.37308631 | L63: =AVERAGE(L58:L62) -> 0.44337121 | M63: =AVERAGE(M58:M62) -> 0.20761905 | N63: =AVERAGE(N58:N62) -> 0.43643427
B64: 4) ASV-tree + cross-domain
B65: Dataset | C65: Flag | D65: n_pos | E65: prevalence | F65: MCC | I65: AUPR | L65: F2
F66: DeepPhylo | G66: MetaDR | H66: Phylospec | I66: DeepPhylo | J66: MetaDR | K66: Phylospec | L66: DeepPhylo | M66: MetaDR | N66: Phylospec
B67: merged | C67: buffer_capacity | D67: 9 | E67: 0.065217391 | F67: =_xlfn.MAXIFS(ASV_PerFlag!$J:$J,ASV_PerFlag!$A:$A,$B$67,ASV_PerFlag!$B:$B,F$66,ASV_PerFlag!$C:$C,"with",ASV_PerFlag!$D:$D,$C67) -> -0.05143445 | I67: =_xlfn.MAXIFS(ASV_PerFlag!$G:$G,ASV_PerFlag!$A:$A,$B$67,ASV_PerFlag!$B:$B,I$66,ASV_PerFlag!$C:$C,"with",ASV_PerFlag!$D:$D,$C67) -> 0.041666667 | L67: =_xlfn.MAXIFS(ASV_PerFlag!$K:$K,ASV_PerFlag!$A:$A,$B$67,ASV_PerFlag!$B:$B,L$66,ASV_PerFlag!$C:$C,"with",ASV_PerFlag!$D:$D,$C67) -> 0
C68: acid_base_balance | D68: 20 | E68: 0.14 | F68: =_xlfn.MAXIFS(ASV_PerFlag!$J:$J,ASV_PerFlag!$A:$A,$B$67,ASV_PerFlag!$B:$B,F$66,ASV_PerFlag!$C:$C,"with",ASV_PerFlag!$D:$D,$C68) -> 0.16919084 | I68: =_xlfn.MAXIFS(ASV_PerFlag!$G:$G,ASV_PerFlag!$A:$A,$B$67,ASV_PerFlag!$B:$B,I$66,ASV_PerFlag!$C:$C,"with",ASV_PerFlag!$D:$D,$C68) -> 0.42869532 | L68: =_xlfn.MAXIFS(ASV_PerFlag!$K:$K,ASV_PerFlag!$A:$A,$B$67,ASV_PerFlag!$B:$B,L$66,ASV_PerFlag!$C:$C,"with",ASV_PerFlag!$D:$D,$C68) -> 0.37037037
C69: acid_accumulation | D69: 4 | E69: 0.03 | F69: =_xlfn.MAXIFS(ASV_PerFlag!$J:$J,ASV_PerFlag!$A:$A,$B$67,ASV_PerFlag!$B:$B,F$66,ASV_PerFlag!$C:$C,"with",ASV_PerFlag!$D:$D,$C69) -> 0.55634864 | I69: =_xlfn.MAXIFS(ASV_PerFlag!$G:$G,ASV_PerFlag!$A:$A,$B$67,ASV_PerFlag!$B:$B,I$66,ASV_PerFlag!$C:$C,"with",ASV_PerFlag!$D:$D,$C69) -> 0.5 | L69: =_xlfn.MAXIFS(ASV_PerFlag!$K:$K,ASV_PerFlag!$A:$A,$B$67,ASV_PerFlag!$B:$B,L$66,ASV_PerFlag!$C:$C,"with",ASV_PerFlag!$D:$D,$C69) -> 0.71428571
C70: ammonia_toxicity | D70: 26 | E70: 0.1884058 | F70: =_xlfn.MAXIFS(ASV_PerFlag!$J:$J,ASV_PerFlag!$A:$A,$B$67,ASV_PerFlag!$B:$B,F$66,ASV_PerFlag!$C:$C,"with",ASV_PerFlag!$D:$D,$C70) -> 0.70912421 | I70: =_xlfn.MAXIFS(ASV_PerFlag!$G:$G,ASV_PerFlag!$A:$A,$B$67,ASV_PerFlag!$B:$B,I$66,ASV_PerFlag!$C:$C,"with",ASV_PerFlag!$D:$D,$C70) -> 0.67916667 | L70: =_xlfn.MAXIFS(ASV_PerFlag!$K:$K,ASV_PerFlag!$A:$A,$B$67,ASV_PerFlag!$B:$B,L$66,ASV_PerFlag!$C:$C,"with",ASV_PerFlag!$D:$D,$C70) -> 0.86956522
C71: biogas_quality | D71: 7 | E71: 0.050724638 | F71: =_xlfn.MAXIFS(ASV_PerFlag!$J:$J,ASV_PerFlag!$A:$A,$B$67,ASV_PerFlag!$B:$B,F$66,ASV_PerFlag!$C:$C,"with",ASV_PerFlag!$D:$D,$C71) -> -0.05143445 | I71: =_xlfn.MAXIFS(ASV_PerFlag!$G:$G,ASV_PerFlag!$A:$A,$B$67,ASV_PerFlag!$B:$B,I$66,ASV_PerFlag!$C:$C,"with",ASV_PerFlag!$D:$D,$C71) -> 0.069411765 | L71: =_xlfn.MAXIFS(ASV_PerFlag!$K:$K,ASV_PerFlag!$A:$A,$B$67,ASV_PerFlag!$B:$B,L$66,ASV_PerFlag!$C:$C,"with",ASV_PerFlag!$D:$D,$C71) -> 0
C72: Macro-avg | F72: =AVERAGE(F67:F71) -> 0.26635896 | G72: =AVERAGE(G67:G71) -> #DIV/0! | H72: =AVERAGE(H67:H71) -> #DIV/0! | I72: =AVERAGE(I67:I71) -> 0.34378808 | J72: =AVERAGE(J67:J71) -> #DIV/0! | K72: =AVERAGE(K67:K71) -> #DIV/0! | L72: =AVERAGE(L67:L71) -> 0.39084426 | M72: =AVERAGE(M67:M71) -> #DIV/0! | N72: =AVERAGE(N67:N71) -> #DIV/0!
B73: 5) Genus-tree + cross-domain
B74: Dataset | C74: Flag | D74: n_pos | E74: prevalence | F74: MCC | I74: AUPR | L74: F2
F75: DeepPhylo | G75: MetaDR | H75: Phylospec | I75: DeepPhylo | J75: MetaDR | K75: Phylospec | L75: DeepPhylo | M75: MetaDR | N75: Phylospec
B76: merged | C76: buffer_capacity | D76: 9 | E76: 0.065217391 | F76: =_xlfn.MAXIFS(Genus_PerFlag!$J:$J,Genus_PerFlag!$A:$A,$B$76,Genus_PerFlag!$B:$B,F$75,Genus_PerFlag!$C:$C,"with",Genus_PerFlag!$D:$D,$C76) -> -0.035714286 | I76: =_xlfn.MAXIFS(Genus_PerFlag!$G:$G,Genus_PerFlag!$A:$A,$B$76,Genus_PerFlag!$B:$B,I$75,Genus_PerFlag!$C:$C,"with",Genus_PerFlag!$D:$D,$C76) -> 0.034482759 | L76: =_xlfn.MAXIFS(Genus_PerFlag!$K:$K,Genus_PerFlag!$A:$A,$B$76,Genus_PerFlag!$B:$B,L$75,Genus_PerFlag!$C:$C,"with",Genus_PerFlag!$D:$D,$C76) -> 0
C77: acid_base_balance | D77: 20 | E77: 0.14 | F77: =_xlfn.MAXIFS(Genus_PerFlag!$J:$J,Genus_PerFlag!$A:$A,$B$76,Genus_PerFlag!$B:$B,F$75,Genus_PerFlag!$C:$C,"with",Genus_PerFlag!$D:$D,$C77) -> -0.086258195 | I77: =_xlfn.MAXIFS(Genus_PerFlag!$G:$G,Genus_PerFlag!$A:$A,$B$76,Genus_PerFlag!$B:$B,I$75,Genus_PerFlag!$C:$C,"with",Genus_PerFlag!$D:$D,$C77) -> 0.25201465 | L77: =_xlfn.MAXIFS(Genus_PerFlag!$K:$K,Genus_PerFlag!$A:$A,$B$76,Genus_PerFlag!$B:$B,L$75,Genus_PerFlag!$C:$C,"with",Genus_PerFlag!$D:$D,$C77) -> 0
C78: acid_accumulation | D78: 4 | E78: 0.03 | F78: =_xlfn.MAXIFS(Genus_PerFlag!$J:$J,Genus_PerFlag!$A:$A,$B$76,Genus_PerFlag!$B:$B,F$75,Genus_PerFlag!$C:$C,"with",Genus_PerFlag!$D:$D,$C78) -> 0 | I78: =_xlfn.MAXIFS(Genus_PerFlag!$G:$G,Genus_PerFlag!$A:$A,$B$76,Genus_PerFlag!$B:$B,I$75,Genus_PerFlag!$C:$C,"with",Genus_PerFlag!$D:$D,$C78) -> 1 | L78: =_xlfn.MAXIFS(Genus_PerFlag!$K:$K,Genus_PerFlag!$A:$A,$B$76,Genus_PerFlag!$B:$B,L$75,Genus_PerFlag!$C:$C,"with",Genus_PerFlag!$D:$D,$C78) -> 0
C79: ammonia_toxicity | D79: 26 | E79: 0.1884058 | F79: =_xlfn.MAXIFS(Genus_PerFlag!$J:$J,Genus_PerFlag!$A:$A,$B$76,Genus_PerFlag!$B:$B,F$75,Genus_PerFlag!$C:$C,"with",Genus_PerFlag!$D:$D,$C79) -> 0.30558769 | I79: =_xlfn.MAXIFS(Genus_PerFlag!$G:$G,Genus_PerFlag!$A:$A,$B$76,Genus_PerFlag!$B:$B,I$75,Genus_PerFlag!$C:$C,"with",Genus_PerFlag!$D:$D,$C79) -> 0.74632353 | L79: =_xlfn.MAXIFS(Genus_PerFlag!$K:$K,Genus_PerFlag!$A:$A,$B$76,Genus_PerFlag!$B:$B,L$75,Genus_PerFlag!$C:$C,"with",Genus_PerFlag!$D:$D,$C79) -> 0.55555556
C80: biogas_quality | D80: 7 | E80: 0.050724638 | F80: =_xlfn.MAXIFS(Genus_PerFlag!$J:$J,Genus_PerFlag!$A:$A,$B$76,Genus_PerFlag!$B:$B,F$75,Genus_PerFlag!$C:$C,"with",Genus_PerFlag!$D:$D,$C80) -> -0.10886621 | I80: =_xlfn.MAXIFS(Genus_PerFlag!$G:$G,Genus_PerFlag!$A:$A,$B$76,Genus_PerFlag!$B:$B,I$75,Genus_PerFlag!$C:$C,"with",Genus_PerFlag!$D:$D,$C80) -> 0.086805556 | L80: =_xlfn.MAXIFS(Genus_PerFlag!$K:$K,Genus_PerFlag!$A:$A,$B$76,Genus_PerFlag!$B:$B,L$75,Genus_PerFlag!$C:$C,"with",Genus_PerFlag!$D:$D,$C80) -> 0
C81: Macro-avg | F81: =AVERAGE(F76:F80) -> 0.0149498 | G81: =AVERAGE(G76:G80) -> #DIV/0! | H81: =AVERAGE(H76:H80) -> #DIV/0! | I81: =AVERAGE(I76:I80) -> 0.4239253 | J81: =AVERAGE(J76:J80) -> #DIV/0! | K81: =AVERAGE(K76:K80) -> #DIV/0! | L81: =AVERAGE(L76:L80) -> 0.11111111 | M81: =AVERAGE(M76:M80) -> #DIV/0! | N81: =AVERAGE(N76:N80) -> #DIV/0!

Sheet Genus_PerFlag
A1: domain | B1: model | C1: injection | D1: flag | E1: n_pos | F1: prevalence | G1: auprc | H1: auprc_lift | I1: auroc | J1: mcc | K1: f2 | L1: precision | M1: recall | N1: threshold | O1: source_file
A2: ARC | B2: CNN | C2: unspecified | D2: acid_accumulation | E2: 1 | F2: 0.034482759 | G2: 1 | H2: 29 | I2: 1 | J2: 0 | K2: 0 | L2: 0 | M2: 0 | N2: 0.5 | O2: results_genustree_ARC_CNN.csv
A3: ARC | B3: CNN | C3: unspecified | D3: acid_base_balance | E3: 5 | F3: 0.17241379 | G3: 0.51490683 | H3: 2.9864596 | I3: 0.675 | J3: 0.41403934 | K3: 0.23809524 | L3: 1 | M3: 0.2 | N3: 0.50817544 | O3: results_genustree_ARC_CNN.csv
A4: ARC | B4: CNN | C4: unspecified | D4: ammonia_toxicity | E4: 4 | F4: 0.13793103 | G4: 0.11700369 | H4: 0.84827678 | I4: 0.28 | J4: 0.10886621 | K4: 0.46511628 | L4: 0.14814815 | M4: 1 | N4: 0.47507489 | O4: results_genustree_ARC_CNN.csv
A5: ARC | B5: CNN | C5: unspecified | D5: biogas_quality | E5: 2 | F5: 0.068965517 | G5: 0.078787879 | H5: 1.1424242 | I5: 0.37037037 | J5: 0 | K5: 0 | L5: 0 | M5: 0 | N5: 0.5 | O5: results_genustree_ARC_CNN.csv
A6: ARC | B6: CNN | C6: unspecified | D6: buffer_capacity | E6: 1 | F6: 0.034482759 | G6: 0.041666667 | H6: 1.2083333 | I6: 0.17857143 | J6: -0.30618622 | K6: 0 | L6: 0 | M6: 0 | N6: 0.45342842 | O6: results_genustree_ARC_CNN.csv
A7: ARC | B7: DeepPhylo | C7: unspecified | D7: acid_accumulation | E7: 1 | F7: 0.034482759 | G7: 0.066666667 | H7: 1.9333333 | I7: 0.75 | J7: 0 | K7: 0 | L7: 0 | M7: 0 | N7: 0.5 | O7: results_genustree_ARC_DeepPhylo.csv
A8: ARC | B8: DeepPhylo | C8: unspecified | D8: acid_base_balance | E8: 5 | F8: 0.17241379 | G8: 0.26333333 | H8: 1.5273333 | I8: 0.69166667 | J8: 0 | K8: 0.51020408 | L8: 0.17241379 | M8: 1 | N8: 0 | O8: results_genustree_ARC_DeepPhylo.csv
A9: ARC | B9: DeepPhylo | C9: unspecified | D9: ammonia_toxicity | E9: 4 | F9: 0.13793103 | G9: 0.26666667 | H9: 1.9333333 | I9: 0.78 | J9: 0.16 | K9: 0.48780488 | L9: 0.16 | M9: 1 | N9: 8.1436693e-09 | O9: results_genustree_ARC_DeepPhylo.csv
A10: ARC | B10: DeepPhylo | C10: unspecified | D10: biogas_quality | E10: 2 | F10: 0.068965517 | G10: 0.13333333 | H10: 1.9333333 | I10: 0.75925926 | J10: 0 | K10: 0 | L10: 0 | M10: 0 | N10: 0.5 | O10: results_genustree_ARC_DeepPhylo.csv
A11: ARC | B11: DeepPhylo | C11: unspecified | D11: buffer_capacity | E11: 1 | F11: 0.034482759 | G11: 0.066666667 | H11: 1.9333333 | I11: 0.75 | J11: 0.035714286 | K11: 0.15625 | L11: 0.035714286 | M11: 1 | N11: 1.7289912e-20 | O11: results_genustree_ARC_DeepPhylo.csv
A12: ARC | B12: MetaDR | C12: unspecified | D12: acid_accumulation | E12: 1 | F12: 0.034482759 | G12: 1 | H12: 29 | I12: 1 | J12: 1 | K12: 1 | L12: 1 | M12: 1 | N12: 0.5 | O12: results_genustree_ARC_MetaDR.csv
A13: ARC | B13: MetaDR | C13: unspecified | D13: acid_base_balance | E13: 5 | F13: 0.17241379 | G13: 0.58878788 | H13: 3.4149697 | I13: 0.825 | J13: 0.2360294 | K13: 0.22727273 | L13: 0.5 | M13: 0.2 | N13: 0.69585047 | O13: results_genustree_ARC_MetaDR.csv
... A101: merged | B101: RF | C101: unspecified | D101: buffer_capacity | E101: 1 | F101: 0.034482759 | G101: 0.11111111 | H101: 3.2222222 | I101: 0.71428571 | J101: 0.17034629 | K101: 0.25 | L101: 0.0625 | M101: 1 | N101: 0.15411816 | O101: results_genustree_merged_RF.csv

Sheet Genus_MacroAvg
A1: domain | B1: model | C1: injection | D1: auprc | E1: auprc_lift | F1: auroc | G1: mcc | H1: f2 | I1: precision | J1: recall | K1: source_file
A2: ARC | B2: CNN | C2: unspecified | D2: 0.35047301 | E2: 7.0370988 | F2: 0.50078836 | G2: 0.043343866 | H2: 0.1406423 | I2: 0.22962963 | J2: 0.24 | K2: results_genustree_ARC_CNN.csv
A3: ARC | B3: DeepPhylo | C3: unspecified | D3: 0.15933333 | E3: 1.8521333 | F3: 0.74618519 | G3: 0.039142857 | H3: 0.23085179 | I3: 0.073625616 | J3: 0.6 | K3: results_genustree_ARC_DeepPhylo.csv
A4: ARC | B4: MetaDR | C4: unspecified | D4: 0.45101154 | E4: 7.8679741 | F4: 0.70661905 | G4: 0.34031699 | H4: 0.40922266 | I4: 0.39340659 | J4: 0.59 | K4: results_genustree_ARC_MetaDR.csv
A5: ARC | B5: PMCNN | C5: unspecified | D5: 0.29631148 | E5: 2.8051596 | F5: 0.58257672 | G5: 0.021370607 | H5: 0.090909091 | I5: 0.066666667 | J5: 0.1 | K5: results_genustree_ARC_PMCNN.csv
A6: ARC | B6: PhyloSpec | C6: unspecified | D6: 0.32476557 | E6: 4.6937987 | F6: 0.62150794 | G6: 0.066458761 | H6: 0.22142857 | I6: 0.14357143 | J6: 0.27 | K6: results_genustree_ARC_PhyloSpec.csv
A7: ARC | B7: RF | C7: unspecified | D7: 0.39474387 | E7: 7.3558259 | F7: 0.61192063 | G7: -0.013429677 | H7: 0.095238095 | I7: 0.08 | J7: 0.1 | K7: results_genustree_ARC_RF.csv
A8: BAC | B8: CNN | C8: unspecified | D8: 0.51899179 | E8: 6.9327476 | F8: 0.88436508 | G8: 0.30247495 | H8: 0.32439782 | I8: 0.32222222 | J8: 0.45 | K8: results_genustree_BAC_CNN.csv
A9: BAC | B9: DeepPhylo | C9: unspecified | D9: 0.1790331 | E9: 2.232493 | F9: 0.7117963 | G9: 0.15187359 | H9: 0.34793908 | I9: 0.13061272 | J9: 0.71 | K9: results_genustree_BAC_DeepPhylo.csv
A10: BAC | B10: MetaDR | C10: unspecified | D10: 0.55888889 | E10: 6.9809444 | F10: 0.90486243 | G10: 0.20720296 | H10: 0.25183512 | I10: 0.32118227 | J10: 0.44 | K10: results_genustree_BAC_MetaDR.csv
A11: BAC | B11: PMCNN | C11: unspecified | D11: 0.53796798 | E11: 7.9060774 | F11: 0.89624339 | G11: 0.32904723 | H11: 0.35169082 | I11: 0.33246753 | J11: 0.5 | K11: results_genustree_BAC_PMCNN.csv
A12: BAC | B12: PhyloSpec | C12: unspecified | D12: 0.53419841 | E12: 7.8507258 | F12: 0.89660847 | G12: 0.29090139 | H12: 0.39798712 | I12: 0.17852016 | J12: 0.8 | K12: results_genustree_BAC_PhyloSpec.csv
A13: BAC | B13: RF | C13: unspecified | D13: 0.47004329 | E13: 5.9905087 | F13: 0.84569841 | G13: 0.27934929 | H13: 0.33630952 | I13: 0.27666667 | J13: 0.48 | K13: results_genustree_BAC_RF.csv
... A21: merged | B21: RF | C21: unspecified | D21: 0.42550208 | E21: 4.8113206 | F21: 0.83146561 | G21: 0.23828191 | H21: 0.28395445 | I21: 0.23916667 | J21: 0.44 | K21: results_genustree_merged_RF.csv

Sheet ASV_PerFlag
A1: domain | B1: model | C1: injection | D1: flag | E1: n_pos | F1: prevalence | G1: auprc | H1: auprc_lift | I1: auroc | J1: mcc | K1: f2 | L1: precision | M1: recall | N1: threshold | O1: source_file
A2: ARC | B2: CNN | C2: unspecified | D2: acid_accumulation | E2: 1 | F2: 0.034482759 | G2: 0.14285714 | H2: 4.1428571 | I2: 0.78571429 | J2: 0 | K2: 0 | L2: 0 | M2: 0 | N2: 0.5 | O2: results_asvtree_ARC_CNN.csv
A3: ARC | B3: CNN | C3: unspecified | D3: acid_base_balance | E3: 5 | F3: 0.17241379 | G3: 0.26555556 | H3: 1.5402222 | I3: 0.625 | J3: -0.044136741 | K3: 0.18518519 | L3: 0.14285714 | M3: 0.2 | N3: 0.49074704 | O3: results_asvtree_ARC_CNN.csv
A4: ARC | B4: CNN | C4: unspecified | D4: ammonia_toxicity | E4: 4 | F4: 0.13793103 | G4: 0.525 | H4: 3.80625 | I4: 0.92 | J4: 0.61162352 | K4: 0.71428571 | L4: 0.6 | M4: 0.75 | N4: 0.48657088 | O4: results_asvtree_ARC_CNN.csv
A5: ARC | B5: CNN | C5: unspecified | D5: biogas_quality | E5: 2 | F5: 0.068965517 | G5: 0.15555556 | H5: 2.2555556 | I5: 0.62962963 | J5: 0 | K5: 0 | L5: 0 | M5: 0 | N5: 0.5 | O5: results_asvtree_ARC_CNN.csv
A6: ARC | B6: CNN | C6: unspecified | D6: buffer_capacity | E6: 1 | F6: 0.034482759 | G6: 0.045454545 | H6: 1.3181818 | I6: 0.25 | J6: -0.15877684 | K6: 0 | L6: 0 | M6: 0 | N6: 0.4700594 | O6: results_asvtree_ARC_CNN.csv
A7: ARC | B7: DeepPhylo | C7: unspecified | D7: acid_accumulation | E7: 1 | F7: 0.034482759 | G7: 1 | H7: 29 | I7: 1 | J7: 0.69436507 | K7: 0.83333333 | L7: 0.5 | M7: 1 | N7: 0.5 | O7: results_asvtree_ARC_DeepPhylo.csv
A8: ARC | B8: DeepPhylo | C8: unspecified | D8: acid_base_balance | E8: 5 | F8: 0.17241379 | G8: 0.35714286 | H8: 2.0714286 | I8: 0.77083333 | J8: 0.30618622 | K8: 0.625 | L8: 0.25 | M8: 1 | N8: 2.7111908e-09 | O8: results_asvtree_ARC_DeepPhylo.csv
A9: ARC | B9: DeepPhylo | C9: unspecified | D9: ammonia_toxicity | E9: 4 | F9: 0.13793103 | G9: 0.25892857 | H9: 1.8772321 | I9: 0.765 | J9: 0.24268134 | K9: 0.51724138 | L9: 0.23076923 | M9: 0.75 | N9: 0.49757891 | O9: results_asvtree_ARC_DeepPhylo.csv
A10: ARC | B10: DeepPhylo | C10: unspecified | D10: biogas_quality | E10: 2 | F10: 0.068965517 | G10: 0.14285714 | H10: 2.0714286 | I10: 0.74074074 | J10: -0.074074074 | K10: 0 | L10: 0 | M10: 0 | N10: 0.5 | O10: results_asvtree_ARC_DeepPhylo.csv
A11: ARC | B11: DeepPhylo | C11: unspecified | D11: buffer_capacity | E11: 1 | F11: 0.034482759 | G11: 0.071428571 | H11: 2.0714286 | I11: 0.73214286 | J11: 0.12677314 | K11: 0.20833333 | L11: 0.05 | M11: 1 | N11: 4.6932824e-07 | O11: results_asvtree_ARC_DeepPhylo.csv
A12: ARC | B12: MetaDR | C12: unspecified | D12: acid_accumulation | E12: 1 | F12: 0.034482759 | G12: 1 | H12: 29 | I12: 1 | J12: 1 | K12: 1 | L12: 1 | M12: 1 | N12: 0.5 | O12: results_asvtree_ARC_MetaDR.csv
A13: ARC | B13: MetaDR | C13: unspecified | D13: acid_base_balance | E13: 5 | F13: 0.17241379 | G13: 0.47681159 | H13: 2.7655072 | I13: 0.775 | J13: 0.4444578 | K13: 0.43478261 | L13: 0.66666667 | M13: 0.4 | N13: 0.69840557 | O13: results_asvtree_ARC_MetaDR.csv
... A101: merged | B101: RF | C101: unspecified | D101: buffer_capacity | E101: 1 | F101: 0.034482759 | G101: 0.1 | H101: 2.9 | I101: 0.67857143 | J101: 0.17034629 | K101: 0.25 | L101: 0.0625 | M101: 1 | N101: 0.17812876 | O101: results_asvtree_merged_RF.csv

Sheet ASV_MacroAvg
A1: domain | B1: model | C1: injection | D1: auprc | E1: auprc_lift | F1: auroc | G1: mcc | H1: f2 | I1: precision | J1: recall | K1: source_file
A2: ARC | B2: CNN | C2: unspecified | D2: 0.22688456 | E2: 2.6126133 | F2: 0.64206878 | G2: 0.081741989 | H2: 0.17989418 | I2: 0.14857143 | J2: 0.19 | K2: results_asvtree_ARC_CNN.csv
A3: ARC | B3: DeepPhylo | C3: unspecified | D3: 0.36607143 | E3: 7.4183036 | F3: 0.80174339 | G3: 0.25918634 | H3: 0.43678161 | I3: 0.20615385 | J3: 0.75 | K3: results_asvtree_ARC_DeepPhylo.csv
A4: ARC | B4: MetaDR | C4: unspecified | D4: 0.50004599 | E4: 8.2197051 | F4: 0.68974074 | G4: 0.43291629 | H4: 0.48244524 | I4: 0.46666667 | J4: 0.63 | K4: results_asvtree_ARC_MetaDR.csv
A5: ARC | B5: PMCNN | C5: unspecified | D5: 0.45141274 | E5: 8.0569327 | F5: 0.72197354 | G5: 0.050512115 | H5: 0.13636364 | I5: 0.1 | J5: 0.15 | K5: results_asvtree_ARC_PMCNN.csv
A6: ARC | B6: PhyloSpec | C6: unspecified | D6: 0.48091151 | E6: 8.2535185 | F6: 0.72716402 | G6: 0.28251926 | H6: 0.4047619 | I6: 0.23333333 | J6: 0.5 | K6: results_asvtree_ARC_PhyloSpec.csv
A7: ARC | B7: RF | C7: unspecified | D7: 0.31781217 | E7: 4.7632577 | F7: 0.69192063 | G7: 0.073975327 | H7: 0.14285714 | I7: 0.12 | J7: 0.15 | K7: results_asvtree_ARC_RF.csv
A8: BAC | B8: CNN | C8: unspecified | D8: 0.45230059 | E8: 5.3367475 | F8: 0.83546032 | G8: 0.20701489 | H8: 0.29391304 | I8: 0.23428571 | J8: 0.32 | K8: results_asvtree_BAC_CNN.csv
A9: BAC | B9: DeepPhylo | C9: unspecified | D9: 0.094126181 | E9: 1.0992948 | F9: 0.53338624 | G9: 0.020460144 | H9: 0.2163949 | I9: 0.06962963 | J9: 0.56 | K9: results_asvtree_BAC_DeepPhylo.csv
A10: BAC | B10: MetaDR | C10: unspecified | D10: 0.52408953 | E10: 7.1767982 | F10: 0.84572487 | G10: 0.14182484 | H10: 0.20421607 | I10: 0.12118227 | J10: 0.4 | K10: results_asvtree_BAC_MetaDR.csv
A11: BAC | B11: PMCNN | C11: unspecified | D11: 0.41281136 | E11: 4.3806332 | F11: 0.79533862 | G11: 0.11440442 | H11: 0.17391304 | I11: 0.11428571 | J11: 0.2 | K11: results_asvtree_BAC_PMCNN.csv
A12: BAC | B12: PhyloSpec | C12: unspecified | D12: 0.4165 | E12: 4.3486306 | F12: 0.79814286 | G12: 0.2625483 | H12: 0.42362539 | I12: 0.20598291 | J12: 0.66 | K12: results_asvtree_BAC_PhyloSpec.csv
A13: BAC | B13: RF | C13: unspecified | D13: 0.45069231 | E13: 6.3397718 | F13: 0.79646561 | G13: 0.25197124 | H13: 0.32310777 | I13: 0.25333333 | J13: 0.48 | K13: results_asvtree_BAC_RF.csv
... A21: merged | B21: RF | C21: unspecified | D21: 0.51553166 | E21: 8.6661745 | F21: 0.78186243 | G21: 0.27871867 | H21: 0.32380952 | I21: 0.2725 | J21: 0.48 | K21: results_asvtree_merged_RF.csv

Sheet TaxLevel_PerFlag
A1: level | B1: domain | C1: model | D1: injection | E1: flag | F1: n_pos | G1: prevalence | H1: auprc | I1: auprc_lift | J1: auroc | K1: mcc | L1: f2 | M1: precision | N1: recall | O1: threshold | P1: source_file
A2: Phylum | B2: ARC | C2: GLMNET | D2: unspecified | E2: acid_accumulation | F2: 1 | G2: 0.034482759 | H2: 1 | I2: 29 | J2: 1 | K2: 1 | L2: 1 | M2: 1 | N2: 1 | O2: 0.5 | P2: results_taxlevel_Phylum_ARC_GLMNET.csv
A3: Phylum | B3: ARC | C3: GLMNET | D3: unspecified | E3: acid_base_balance | F3: 5 | G3: 0.17241379 | H3: 0.3525974 | I3: 2.0450649 | J3: 0.675 | K3: 0.088453796 | L3: 0.34482759 | M3: 0.22222222 | N3: 0.4 | O3: 0.30568612 | P3: results_taxlevel_Phylum_ARC_GLMNET.csv
A4: Phylum | B4: ARC | C4: GLMNET | D4: unspecified | E4: ammonia_toxicity | F4: 4 | G4: 0.13793103 | H4: 0.525 | I4: 3.80625 | J4: 0.91 | K4: 0.61162352 | L4: 0.71428571 | M4: 0.6 | N4: 0.75 | O4: 0.47661024 | P4: results_taxlevel_Phylum_ARC_GLMNET.csv
A5: Phylum | B5: ARC | C5: GLMNET | D5: unspecified | E5: biogas_quality | F5: 2 | G5: 0.068965517 | H5: 0.076923077 | I5: 1.1153846 | J5: 0.33333333 | K5: -0.074074074 | L5: 0 | M5: 0 | N5: 0 | O5: 0.5 | P5: results_taxlevel_Phylum_ARC_GLMNET.csv
A6: Phylum | B6: ARC | C6: GLMNET | D6: unspecified | E6: buffer_capacity | F6: 1 | G6: 0.034482759 | H6: 0.037037037 | I6: 1.0740741 | J6: 0.071428571 | K6: -0.37000643 | L6: 0 | M6: 0 | N6: 0 | O6: 0.056824755 | P6: results_taxlevel_Phylum_ARC_GLMNET.csv
A7: Phylum | B7: ARC | C7: KNN | D7: unspecified | E7: acid_accumulation | F7: 1 | G7: 0.034482759 | H7: 0.034482759 | I7: 1 | J7: 0.48214286 | K7: 0 | L7: 0 | M7: 0 | N7: 0 | O7: 0.5 | P7: results_taxlevel_Phylum_ARC_KNN.csv
A8: Phylum | B8: ARC | C8: KNN | D8: unspecified | E8: acid_base_balance | F8: 5 | G8: 0.17241379 | H8: 0.56114943 | I8: 3.2546667 | J8: 0.7375 | K8: 0.12677314 | L8: 0.35714286 | M8: 0.25 | N8: 0.4 | O8: 0.18518495 | P8: results_taxlevel_Phylum_ARC_KNN.csv
A9: Phylum | B9: ARC | C9: KNN | D9: unspecified | E9: ammonia_toxicity | F9: 4 | G9: 0.13793103 | H9: 0.72198276 | I9: 5.234375 | J9: 0.845 | K9: 0.61162352 | L9: 0.71428571 | M9: 0.6 | N9: 0.75 | O9: 0.20253976 | P9: results_taxlevel_Phylum_ARC_KNN.csv
A10: Phylum | B10: ARC | C10: KNN | D10: unspecified | E10: biogas_quality | F10: 2 | G10: 0.068965517 | H10: 0.068965517 | I10: 1 | J10: 0.42592593 | K10: 0 | L10: 0 | M10: 0 | N10: 0 | O10: 0.5 | P10: results_taxlevel_Phylum_ARC_KNN.csv
A11: Phylum | B11: ARC | C11: KNN | D11: unspecified | E11: buffer_capacity | F11: 1 | G11: 0.034482759 | H11: 0.034482759 | I11: 1 | J11: 0.33928571 | K11: 0 | L11: 0.15151515 | M11: 0.034482759 | N11: 1 | O11: 0 | P11: results_taxlevel_Phylum_ARC_KNN.csv
A12: Phylum | B12: ARC | C12: NNET | D12: unspecified | E12: acid_accumulation | F12: 1 | G12: 0.034482759 | H12: 0.052631579 | I12: 1.5263158 | J12: 0.35714286 | K12: -0.064194074 | L12: 0 | M12: 0 | N12: 0 | O12: 0.5 | P12: results_taxlevel_Phylum_ARC_NNET.csv
A13: Phylum | B13: ARC | C13: NNET | D13: unspecified | E13: acid_base_balance | F13: 5 | G13: 0.17241379 | H13: 0.19490683 | I13: 1.1304596 | J13: 0.475 | K13: -0.13925166 | L13: 0.27777778 | M13: 0.125 | N13: 0.4 | O13: 0.42619699 | P13: results_taxlevel_Phylum_ARC_NNET.csv
... A451: Genus | B451: merged | C451: XGBoost | D451: unspecified | E451: buffer_capacity | F451: 1 | G451: 0.034482759 | H451: 0.035714286 | I451: 1.0357143 | J451: 0.035714286 | K451: -0.035714286 | L451: 0 | M451: 0 | N451: 0 | O451: 0.27073255 | P451: results_taxlevel_Genus_merged_XGBoost.csv

Sheet TaxLevel_MacroAvg
A1: level | B1: domain | C1: model | D1: injection | E1: auprc | F1: auprc_lift | G1: auroc | H1: mcc | I1: f2 | J1: precision | K1: recall | L1: source_file
A2: Phylum | B2: ARC | C2: GLMNET | D2: unspecified | E2: 0.3983115 | F2: 7.4081547 | G2: 0.59795238 | H2: 0.25119936 | I2: 0.41182266 | J2: 0.36444444 | K2: 0.43 | L2: results_taxlevel_Phylum_ARC_GLMNET.csv
A3: Phylum | B3: ARC | C3: KNN | D3: unspecified | E3: 0.28421264 | F3: 2.2978083 | G3: 0.5659709 | H3: 0.14767933 | I3: 0.24458874 | J3: 0.17689655 | K3: 0.43 | L3: results_taxlevel_Phylum_ARC_KNN.csv
A4: Phylum | B4: ARC | C4: NNET | D4: unspecified | E4: 0.19553332 | F4: 1.8995602 | G4: 0.45992063 | H4: 0.021233865 | I4: 0.20940171 | J4: 0.105 | K4: 0.28 | L4: results_taxlevel_Phylum_ARC_NNET.csv
A5: Phylum | B5: ARC | C5: RF | D5: unspecified | E5: 0.19558297 | F5: 2.0289144 | G5: 0.55137566 | H5: -0.020117591 | I5: 0.13095238 | J5: 0.105 | K5: 0.14 | L5: results_taxlevel_Phylum_ARC_RF.csv
A6: Phylum | B6: ARC | C6: SVM | D6: unspecified | E6: 0.31999724 | F6: 4.0214619 | G6: 0.63130688 | H6: 0.25065399 | I6: 0.34193122 | J6: 0.22714286 | K6: 0.43 | L6: results_taxlevel_Phylum_ARC_SVM.csv
A7: Phylum | B7: ARC | C7: XGBoost | D7: unspecified | E7: 0.26558275 | F7: 3.170271 | G7: 0.59412698 | H7: 0.043684827 | I7: 0.13333333 | J7: 0.057142857 | K7: 0.2 | L7: results_taxlevel_Phylum_ARC_XGBoost.csv
A8: Phylum | B8: BAC | C8: GLMNET | D8: unspecified | E8: 0.49494417 | F8: 9.0840988 | G8: 0.83916402 | H8: 0.287263 | I8: 0.38603426 | J8: 0.31428571 | K8: 0.44 | L8: results_taxlevel_Phylum_BAC_GLMNET.csv
A9: Phylum | B9: BAC | C9: KNN | D9: unspecified | E9: 0.54686453 | F9: 8.8924393 | G9: 0.83380423 | H9: 0.2307164 | I9: 0.2911726 | J9: 0.2545156 | K9: 0.48 | L9: results_taxlevel_Phylum_BAC_KNN.csv
A10: Phylum | B10: BAC | C10: NNET | D10: unspecified | E10: 0.32282468 | F10: 3.2596596 | G10: 0.7156455 | H10: 0.067411815 | I10: 0.21921922 | J10: 0.088095238 | K10: 0.36 | L10: results_taxlevel_Phylum_BAC_NNET.csv
A11: Phylum | B11: BAC | C11: RF | D11: unspecified | E11: 0.48780952 | F11: 7.9598786 | G11: 0.67036508 | H11: 0.21787759 | I11: 0.26086957 | J11: 0.24761905 | K11: 0.28 | L11: results_taxlevel_Phylum_BAC_RF.csv
A12: Phylum | B12: BAC | C12: SVM | D12: unspecified | E12: 0.51007143 | F12: 9.2244857 | G12: 0.82683069 | H12: 0.21582613 | I12: 0.27391304 | J12: 0.14761905 | K12: 0.4 | L12: results_taxlevel_Phylum_BAC_SVM.csv
A13: Phylum | B13: BAC | C13: XGBoost | D13: unspecified | E13: 0.37622129 | F13: 4.3914692 | G13: 0.67792593 | H13: 0.21590159 | I13: 0.26086957 | J13: 0.24761905 | K13: 0.28 | L13: results_taxlevel_Phylum_BAC_XGBoost.csv
... A91: Genus | B91: merged | C91: XGBoost | D91: unspecified | E91: 0.3787619 | F91: 4.1367119 | G91: 0.70197884 | H91: 0.16967784 | I91: 0.21212121 | J91: 0.2 | K91: 0.24 | L91: results_taxlevel_Genus_merged_XGBoost.csv

Sheet Combined_MacroAvg
A1: experiment | B1: level | C1: domain | D1: model | E1: injection | F1: auprc | G1: auprc_lift | H1: auroc | I1: mcc | J1: f2 | K1: precision | L1: recall | M1: source_file
A2: ASV tree | B2: ASV | C2: ARC | D2: CNN | E2: unspecified | F2: 0.22688456 | G2: 2.6126133 | H2: 0.64206878 | I2: 0.081741989 | J2: 0.17989418 | K2: 0.14857143 | L2: 0.19 | M2: results_asvtree_ARC_CNN.csv
A3: ASV tree | B3: ASV | C3: ARC | D3: DeepPhylo | E3: unspecified | F3: 0.36607143 | G3: 7.4183036 | H3: 0.80174339 | I3: 0.25918634 | J3: 0.43678161 | K3: 0.20615385 | L3: 0.75 | M3: results_asvtree_ARC_DeepPhylo.csv
A4: ASV tree | B4: ASV | C4: ARC | D4: MetaDR | E4: unspecified | F4: 0.50004599 | G4: 8.2197051 | H4: 0.68974074 | I4: 0.43291629 | J4: 0.48244524 | K4: 0.46666667 | L4: 0.63 | M4: results_asvtree_ARC_MetaDR.csv
A5: ASV tree | B5: ASV | C5: ARC | D5: PMCNN | E5: unspecified | F5: 0.45141274 | G5: 8.0569327 | H5: 0.72197354 | I5: 0.050512115 | J5: 0.13636364 | K5: 0.1 | L5: 0.15 | M5: results_asvtree_ARC_PMCNN.csv
A6: ASV tree | B6: ASV | C6: ARC | D6: PhyloSpec | E6: unspecified | F6: 0.48091151 | G6: 8.2535185 | H6: 0.72716402 | I6: 0.28251926 | J6: 0.4047619 | K6: 0.23333333 | L6: 0.5 | M6: results_asvtree_ARC_PhyloSpec.csv
A7: ASV tree | B7: ASV | C7: ARC | D7: RF | E7: unspecified | F7: 0.31781217 | G7: 4.7632577 | H7: 0.69192063 | I7: 0.073975327 | J7: 0.14285714 | K7: 0.12 | L7: 0.15 | M7: results_asvtree_ARC_RF.csv
A8: ASV tree | B8: ASV | C8: BAC | D8: CNN | E8: unspecified | F8: 0.45230059 | G8: 5.3367475 | H8: 0.83546032 | I8: 0.20701489 | J8: 0.29391304 | K8: 0.23428571 | L8: 0.32 | M8: results_asvtree_BAC_CNN.csv
A9: ASV tree | B9: ASV | C9: BAC | D9: DeepPhylo | E9: unspecified | F9: 0.094126181 | G9: 1.0992948 | H9: 0.53338624 | I9: 0.020460144 | J9: 0.2163949 | K9: 0.06962963 | L9: 0.56 | M9: results_asvtree_BAC_DeepPhylo.csv
A10: ASV tree | B10: ASV | C10: BAC | D10: MetaDR | E10: unspecified | F10: 0.52408953 | G10: 7.1767982 | H10: 0.84572487 | I10: 0.14182484 | J10: 0.20421607 | K10: 0.12118227 | L10: 0.4 | M10: results_asvtree_BAC_MetaDR.csv
A11: ASV tree | B11: ASV | C11: BAC | D11: PMCNN | E11: unspecified | F11: 0.41281136 | G11: 4.3806332 | H11: 0.79533862 | I11: 0.11440442 | J11: 0.17391304 | K11: 0.11428571 | L11: 0.2 | M11: results_asvtree_BAC_PMCNN.csv
A12: ASV tree | B12: ASV | C12: BAC | D12: PhyloSpec | E12: unspecified | F12: 0.4165 | G12: 4.3486306 | H12: 0.79814286 | I12: 0.2625483 | J12: 0.42362539 | K12: 0.20598291 | L12: 0.66 | M12: results_asvtree_BAC_PhyloSpec.csv
A13: ASV tree | B13: ASV | C13: BAC | D13: RF | E13: unspecified | F13: 0.45069231 | G13: 6.3397718 | H13: 0.79646561 | I13: 0.25197124 | J13: 0.32310777 | K13: 0.25333333 | L13: 0.48 | M13: results_asvtree_BAC_RF.csv
... A131: Taxonomic level (baseline models) | B131: Genus | C131: merged | D131: XGBoost | E131: unspecified | F131: 0.3787619 | G131: 4.1367119 | H131: 0.70197884 | I131: 0.16967784 | J131: 0.21212121 | K131: 0.2 | L131: 0.24 | M131: results_taxlevel_Genus_merged_XGBoost.csv

Sheet Label_Support
A1: arm | B1: level | C1: domain | D1: injection | E1: label | F1: n_pos_samples | G1: n_pos_sites | H1: n_sites | I1: source_file
A2: asvtree | B2: ASV | C2: ARC | D2: unspecified | E2: acid_accumulation | F2: 1 | G2: 1 | H2: 8 | I2: test_label_support_asvtree_ARC.csv
A3: asvtree | B3: ASV | C3: ARC | D3: unspecified | E3: acid_base_balance | F3: 5 | G3: 2 | H3: 8 | I3: test_label_support_asvtree_ARC.csv
A4: asvtree | B4: ASV | C4: ARC | D4: unspecified | E4: ammonia_toxicity | F4: 4 | G4: 2 | H4: 8 | I4: test_label_support_asvtree_ARC.csv
A5: asvtree | B5: ASV | C5: ARC | D5: unspecified | E5: biogas_quality | F5: 2 | G5: 1 | H5: 8 | I5: test_label_support_asvtree_ARC.csv
A6: asvtree | B6: ASV | C6: ARC | D6: unspecified | E6: buffer_capacity | F6: 1 | G6: 1 | H6: 8 | I6: test_label_support_asvtree_ARC.csv
A7: asvtree | B7: ASV | C7: BAC | D7: unspecified | E7: acid_accumulation | F7: 1 | G7: 1 | H7: 8 | I7: test_label_support_asvtree_BAC.csv
A8: asvtree | B8: ASV | C8: BAC | D8: unspecified | E8: acid_base_balance | F8: 5 | G8: 2 | H8: 8 | I8: test_label_support_asvtree_BAC.csv
A9: asvtree | B9: ASV | C9: BAC | D9: unspecified | E9: ammonia_toxicity | F9: 4 | G9: 2 | H9: 8 | I9: test_label_support_asvtree_BAC.csv
A10: asvtree | B10: ASV | C10: BAC | D10: unspecified | E10: biogas_quality | F10: 2 | G10: 1 | H10: 8 | I10: test_label_support_asvtree_BAC.csv
A11: asvtree | B11: ASV | C11: BAC | D11: unspecified | E11: buffer_capacity | F11: 1 | G11: 1 | H11: 8 | I11: test_label_support_asvtree_BAC.csv
A12: asvtree | B12: ASV | C12: unspecified | D12: injection support | E12: acid_accumulation | F12: 1 | G12: 1 | H12: 8 | I12: test_label_support_asvtree_injection.csv
A13: asvtree | B13: ASV | C13: unspecified | D13: injection support | E13: acid_base_balance | F13: 5 | G13: 2 | H13: 8 | I13: test_label_support_asvtree_injection.csv
... A116: taxlevel | B116: Phylum | C116: merged | D116: unspecified | E116: buffer_capacity | F116: 1 | G116: 1 | H116: 8 | I116: test_label_support_taxlevel_Phylum_merged.csv
