Workbook

Sheet README
A1: Field | B1: Value
A2: Baseline_summary_result.xlsx
A4: Source | B4: Phylospec/multi_models/results/{site_grouped_cv, site_grouped_cv_taxlevel}
A5: Generated | B5: 2026-09-10
A7: Sheet | B7: Description
A8: README | B8: This sheet.
A9: Genus_PerFlag | B9: Per-label (flag) CV results at genus level for the advanced/embedding models: CNN, DeepPhylo, MetaDR, PMCNN, PhyloSpec, RF.
A10: Genus_MacroAvg | B10: Macro-averaged (across labels) results per domain x model, genus level.
A11: TaxLevel_PerFlag | B11: Per-label (flag) CV results across taxonomic levels (Phylum/Class/Order/Family/Genus) for classical baselines: GLMNET, KNN, NNET, RF, SVM, XGBoost.
A12: TaxLevel_MacroAvg | B12: Macro-averaged results per taxonomic level x domain x model.
A13: Combined_MacroAvg | B13: Genus_MacroAvg and TaxLevel_MacroAvg stacked for cross-experiment / cross-model comparison.
A14: Label_Support | B14: Number of positive samples/sites and total sites per label (flag), per domain. Identical across taxonomic levels.
A16: Column notes
A17: domain | B17: Dataset: ARC (archaea), BAC (bacteria), merged (ARC+BAC).
A18: flag | B18: Prediction target / warning label. 'MACRO' = macro-average across all flags.
A19: model | B19: Model name.
A20: level | B20: Taxonomic feature level used as model input (TaxLevel sheets only).
A21: n_pos / prevalence | B21: Number of positive samples and their prevalence for that flag.
A22: n_repeats_scored | B22: Number of CV repeats contributing to the metric.
A23: *_lo / *_hi | B23: Lower/upper bound of the bootstrap confidence interval for that metric.
A24: auprc_lift | B24: AUPRC divided by prevalence (lift over a random/no-skill baseline).

Sheet Summary
B1: 1) TaxLevel
B2: Dataset | C2: Flag | D2: n_pos | E2: prevalence | F2: MCC | K2: AUPR | P2: F2 | Z2: Dataset | AA2: Flag | AB2: n_pos | AC2: prevalence | AD2: MCC | AI2: AUPR | AN2: F2
F3: Phylum | G3: Class | H3: Order | I3: Family | J3: Genus | K3: Phylum | L3: Class | M3: Order | N3: Family | O3: Genus | P3: Phylum | Q3: Class | R3: Order | S3: Family | T3: Genus | AD3: Phylum | AE3: Class | AF3: Order | AG3: Family | AH3: Genus | AI3: Phylum | AJ3: Class | AK3: Order | AL3: Family | AM3: Genus | AN3: Phylum | AO3: Class | AP3: Order | AQ3: Family | AR3: Genus
B4: ARC | C4: buffer_capacity | D4: 9 | E4: 0.065217391 | F4: =_xlfn.MAXIFS(TaxLevel_PerFlag!$Q:$Q,TaxLevel_PerFlag!$A:$A,F$3,TaxLevel_PerFlag!$B:$B,$B$4,TaxLevel_PerFlag!$D:$D,$C4) -> 0.057615481 | G4: =_xlfn.MAXIFS(TaxLevel_PerFlag!$Q:$Q,TaxLevel_PerFlag!$A:$A,G$3,TaxLevel_PerFlag!$B:$B,$B$4,TaxLevel_PerFlag!$D:$D,$C4) -> 0.037926652 | H4: =_xlfn.MAXIFS(TaxLevel_PerFlag!$Q:$Q,TaxLevel_PerFlag!$A:$A,H$3,TaxLevel_PerFlag!$B:$B,$B$4,TaxLevel_PerFlag!$D:$D,$C4) -> 0.041511954 | I4: =_xlfn.MAXIFS(TaxLevel_PerFlag!$Q:$Q,TaxLevel_PerFlag!$A:$A,I$3,TaxLevel_PerFlag!$B:$B,$B$4,TaxLevel_PerFlag!$D:$D,$C4) -> 0.041158916 | J4: =_xlfn.MAXIFS(TaxLevel_PerFlag!$Q:$Q,TaxLevel_PerFlag!$A:$A,J$3,TaxLevel_PerFlag!$B:$B,$B$4,TaxLevel_PerFlag!$D:$D,$C4) -> 0.10923279 | K4: =_xlfn.MAXIFS(TaxLevel_PerFlag!$H:$H,TaxLevel_PerFlag!$A:$A,K$3,TaxLevel_PerFlag!$B:$B,$B$4,TaxLevel_PerFlag!$D:$D,$C4) -> 0.106328 | L4: =_xlfn.MAXIFS(TaxLevel_PerFlag!$H:$H,TaxLevel_PerFlag!$A:$A,L$3,TaxLevel_PerFlag!$B:$B,$B$4,TaxLevel_PerFlag!$D:$D,$C4) -> 0.097759423 | M4: =_xlfn.MAXIFS(TaxLevel_PerFlag!$H:$H,TaxLevel_PerFlag!$A:$A,M$3,TaxLevel_PerFlag!$B:$B,$B$4,TaxLevel_PerFlag!$D:$D,$C4) -> 0.10246996 | N4: =_xlfn.MAXIFS(TaxLevel_PerFlag!$H:$H,TaxLevel_PerFlag!$A:$A,N$3,TaxLevel_PerFlag!$B:$B,$B$4,TaxLevel_PerFlag!$D:$D,$C4) -> 0.12278991 | O4: =_xlfn.MAXIFS(TaxLevel_PerFlag!$H:$H,TaxLevel_PerFlag!$A:$A,O$3,TaxLevel_PerFlag!$B:$B,$B$4,TaxLevel_PerFlag!$D:$D,$C4) -> 0.11746652 | P4: =_xlfn.MAXIFS(TaxLevel_PerFlag!$T:$T,TaxLevel_PerFlag!$A:$A,P$3,TaxLevel_PerFlag!$B:$B,$B$4,TaxLevel_PerFlag!$D:$D,$C4) -> 0.25862069 | Q4: =_xlfn.MAXIFS(TaxLevel_PerFlag!$T:$T,TaxLevel_PerFlag!$A:$A,Q$3,TaxLevel_PerFlag!$B:$B,$B$4,TaxLevel_PerFlag!$D:$D,$C4) -> 0.25862069 | R4: =_xlfn.MAXIFS(TaxLevel_PerFlag!$T:$T,TaxLevel_PerFlag!$A:$A,R$3,TaxLevel_PerFlag!$B:$B,$B$4,TaxLevel_PerFlag!$D:$D,$C4) -> 0.26851765 | S4: =_xlfn.MAXIFS(TaxLevel_PerFlag!$T:$T,TaxLevel_PerFlag!$A:$A,S$3,TaxLevel_PerFlag!$B:$B,$B$4,TaxLevel_PerFlag!$D:$D,$C4) -> 0.22221159 | T4: =_xlfn.MAXIFS(TaxLevel_PerFlag!$T:$T,TaxLevel_PerFlag!$A:$A,T$3,TaxLevel_PerFlag!$B:$B,$B$4,TaxLevel_PerFlag!$D:$D,$C4) -> 0.27722369 | V4: buffer_capacity | W4: 9 | X4: 0.065217391 | Z4: ARC | AA4: buffer_capacity | AB4: 9 | AC4: 0.065217391 | AD4: =SUMIFS(TaxLevel_PerFlag!$Q:$Q,TaxLevel_PerFlag!$A:$A,AD$3,TaxLevel_PerFlag!$B:$B,$Z$4,TaxLevel_PerFlag!$C:$C,"XGBoost",TaxLevel_PerFlag!$D:$D,$AA4) -> -0.11561046 | AE4: =SUMIFS(TaxLevel_PerFlag!$Q:$Q,TaxLevel_PerFlag!$A:$A,AE$3,TaxLevel_PerFlag!$B:$B,$Z$4,TaxLevel_PerFlag!$C:$C,"XGBoost",TaxLevel_PerFlag!$D:$D,$AA4) -> -0.001990389 | AF4: =SUMIFS(TaxLevel_PerFlag!$Q:$Q,TaxLevel_PerFlag!$A:$A,AF$3,TaxLevel_PerFlag!$B:$B,$Z$4,TaxLevel_PerFlag!$C:$C,"XGBoost",TaxLevel_PerFlag!$D:$D,$AA4) -> -0.082215456 | AG4: =SUMIFS(TaxLevel_PerFlag!$Q:$Q,TaxLevel_PerFlag!$A:$A,AG$3,TaxLevel_PerFlag!$B:$B,$Z$4,TaxLevel_PerFlag!$C:$C,"XGBoost",TaxLevel_PerFlag!$D:$D,$AA4) -> 0.023245518 | AH4: =SUMIFS(TaxLevel_PerFlag!$Q:$Q,TaxLevel_PerFlag!$A:$A,AH$3,TaxLevel_PerFlag!$B:$B,$Z$4,TaxLevel_PerFlag!$C:$C,"XGBoost",TaxLevel_PerFlag!$D:$D,$AA4) -> 0.10923279 | AI4: =SUMIFS(TaxLevel_PerFlag!$H:$H,TaxLevel_PerFlag!$A:$A,AI$3,TaxLevel_PerFlag!$B:$B,$Z$4,TaxLevel_PerFlag!$C:$C,"XGBoost",TaxLevel_PerFlag!$D:$D,$AA4) -> 0.061493256 | AJ4: =SUMIFS(TaxLevel_PerFlag!$H:$H,TaxLevel_PerFlag!$A:$A,AJ$3,TaxLevel_PerFlag!$B:$B,$Z$4,TaxLevel_PerFlag!$C:$C,"XGBoost",TaxLevel_PerFlag!$D:$D,$AA4) -> 0.079390186 | AK4: =SUMIFS(TaxLevel_PerFlag!$H:$H,TaxLevel_PerFlag!$A:$A,AK$3,TaxLevel_PerFlag!$B:$B,$Z$4,TaxLevel_PerFlag!$C:$C,"XGBoost",TaxLevel_PerFlag!$D:$D,$AA4) -> 0.070087325 | AL4: =SUMIFS(TaxLevel_PerFlag!$H:$H,TaxLevel_PerFlag!$A:$A,AL$3,TaxLevel_PerFlag!$B:$B,$Z$4,TaxLevel_PerFlag!$C:$C,"XGBoost",TaxLevel_PerFlag!$D:$D,$AA4) -> 0.094839488 | AM4: =SUMIFS(TaxLevel_PerFlag!$H:$H,TaxLevel_PerFlag!$A:$A,AM$3,TaxLevel_PerFlag!$B:$B,$Z$4,TaxLevel_PerFlag!$C:$C,"XGBoost",TaxLevel_PerFlag!$D:$D,$AA4) -> 0.11746652 | AN4: =SUMIFS(TaxLevel_PerFlag!$T:$T,TaxLevel_PerFlag!$A:$A,AN$3,TaxLevel_PerFlag!$B:$B,$Z$4,TaxLevel_PerFlag!$C:$C,"XGBoost",TaxLevel_PerFlag!$D:$D,$AA4) -> 0.18514024 | AO4: =SUMIFS(TaxLevel_PerFlag!$T:$T,TaxLevel_PerFlag!$A:$A,AO$3,TaxLevel_PerFlag!$B:$B,$Z$4,TaxLevel_PerFlag!$C:$C,"XGBoost",TaxLevel_PerFlag!$D:$D,$AA4) -> 0.15918056 | AP4: =SUMIFS(TaxLevel_PerFlag!$T:$T,TaxLevel_PerFlag!$A:$A,AP$3,TaxLevel_PerFlag!$B:$B,$Z$4,TaxLevel_PerFlag!$C:$C,"XGBoost",TaxLevel_PerFlag!$D:$D,$AA4) -> 0.21807405 | AQ4: =SUMIFS(TaxLevel_PerFlag!$T:$T,TaxLevel_PerFlag!$A:$A,AQ$3,TaxLevel_PerFlag!$B:$B,$Z$4,TaxLevel_PerFlag!$C:$C,"XGBoost",TaxLevel_PerFlag!$D:$D,$AA4) -> 0.22221159 | AR4: =SUMIFS(TaxLevel_PerFlag!$T:$T,TaxLevel_PerFlag!$A:$A,AR$3,TaxLevel_PerFlag!$B:$B,$Z$4,TaxLevel_PerFlag!$C:$C,"XGBoost",TaxLevel_PerFlag!$D:$D,$AA4) -> 0.27722369
C5: acid_base_balance | D5: 4 | E5: 0.028985507 | F5: =_xlfn.MAXIFS(TaxLevel_PerFlag!$Q:$Q,TaxLevel_PerFlag!$A:$A,F$3,TaxLevel_PerFlag!$B:$B,$B$4,TaxLevel_PerFlag!$D:$D,$C5) -> 0.16502327 | G5: =_xlfn.MAXIFS(TaxLevel_PerFlag!$Q:$Q,TaxLevel_PerFlag!$A:$A,G$3,TaxLevel_PerFlag!$B:$B,$B$4,TaxLevel_PerFlag!$D:$D,$C5) -> 0.16507893 | H5: =_xlfn.MAXIFS(TaxLevel_PerFlag!$Q:$Q,TaxLevel_PerFlag!$A:$A,H$3,TaxLevel_PerFlag!$B:$B,$B$4,TaxLevel_PerFlag!$D:$D,$C5) -> 0.21032261 | I5: =_xlfn.MAXIFS(TaxLevel_PerFlag!$Q:$Q,TaxLevel_PerFlag!$A:$A,I$3,TaxLevel_PerFlag!$B:$B,$B$4,TaxLevel_PerFlag!$D:$D,$C5) -> 0.20485943 | J5: =_xlfn.MAXIFS(TaxLevel_PerFlag!$Q:$Q,TaxLevel_PerFlag!$A:$A,J$3,TaxLevel_PerFlag!$B:$B,$B$4,TaxLevel_PerFlag!$D:$D,$C5) -> 0.1184265 | K5: =_xlfn.MAXIFS(TaxLevel_PerFlag!$H:$H,TaxLevel_PerFlag!$A:$A,K$3,TaxLevel_PerFlag!$B:$B,$B$4,TaxLevel_PerFlag!$D:$D,$C5) -> 0.30912546 | L5: =_xlfn.MAXIFS(TaxLevel_PerFlag!$H:$H,TaxLevel_PerFlag!$A:$A,L$3,TaxLevel_PerFlag!$B:$B,$B$4,TaxLevel_PerFlag!$D:$D,$C5) -> 0.28527646 | M5: =_xlfn.MAXIFS(TaxLevel_PerFlag!$H:$H,TaxLevel_PerFlag!$A:$A,M$3,TaxLevel_PerFlag!$B:$B,$B$4,TaxLevel_PerFlag!$D:$D,$C5) -> 0.29751069 | N5: =_xlfn.MAXIFS(TaxLevel_PerFlag!$H:$H,TaxLevel_PerFlag!$A:$A,N$3,TaxLevel_PerFlag!$B:$B,$B$4,TaxLevel_PerFlag!$D:$D,$C5) -> 0.2954604 | O5: =_xlfn.MAXIFS(TaxLevel_PerFlag!$H:$H,TaxLevel_PerFlag!$A:$A,O$3,TaxLevel_PerFlag!$B:$B,$B$4,TaxLevel_PerFlag!$D:$D,$C5) -> 0.2753116 | P5: =_xlfn.MAXIFS(TaxLevel_PerFlag!$T:$T,TaxLevel_PerFlag!$A:$A,P$3,TaxLevel_PerFlag!$B:$B,$B$4,TaxLevel_PerFlag!$D:$D,$C5) -> 0.42589096 | Q5: =_xlfn.MAXIFS(TaxLevel_PerFlag!$T:$T,TaxLevel_PerFlag!$A:$A,Q$3,TaxLevel_PerFlag!$B:$B,$B$4,TaxLevel_PerFlag!$D:$D,$C5) -> 0.38926656 | R5: =_xlfn.MAXIFS(TaxLevel_PerFlag!$T:$T,TaxLevel_PerFlag!$A:$A,R$3,TaxLevel_PerFlag!$B:$B,$B$4,TaxLevel_PerFlag!$D:$D,$C5) -> 0.42355396 | S5: =_xlfn.MAXIFS(TaxLevel_PerFlag!$T:$T,TaxLevel_PerFlag!$A:$A,S$3,TaxLevel_PerFlag!$B:$B,$B$4,TaxLevel_PerFlag!$D:$D,$C5) -> 0.40671579 | T5: =_xlfn.MAXIFS(TaxLevel_PerFlag!$T:$T,TaxLevel_PerFlag!$A:$A,T$3,TaxLevel_PerFlag!$B:$B,$B$4,TaxLevel_PerFlag!$D:$D,$C5) -> 0.37723278 | V5: acid_accumulation | W5: 4 | X5: 0.028985507 | AA5: acid_base_balance | AB5: 4 | AC5: 0.028985507 | AD5: =SUMIFS(TaxLevel_PerFlag!$Q:$Q,TaxLevel_PerFlag!$A:$A,AD$3,TaxLevel_PerFlag!$B:$B,$Z$4,TaxLevel_PerFlag!$C:$C,"XGBoost",TaxLevel_PerFlag!$D:$D,$AA5) -> 0.1251079 | AE5: =SUMIFS(TaxLevel_PerFlag!$Q:$Q,TaxLevel_PerFlag!$A:$A,AE$3,TaxLevel_PerFlag!$B:$B,$Z$4,TaxLevel_PerFlag!$C:$C,"XGBoost",TaxLevel_PerFlag!$D:$D,$AA5) -> 0.16507893 | AF5: =SUMIFS(TaxLevel_PerFlag!$Q:$Q,TaxLevel_PerFlag!$A:$A,AF$3,TaxLevel_PerFlag!$B:$B,$Z$4,TaxLevel_PerFlag!$C:$C,"XGBoost",TaxLevel_PerFlag!$D:$D,$AA5) -> 0.15984085 | AG5: =SUMIFS(TaxLevel_PerFlag!$Q:$Q,TaxLevel_PerFlag!$A:$A,AG$3,TaxLevel_PerFlag!$B:$B,$Z$4,TaxLevel_PerFlag!$C:$C,"XGBoost",TaxLevel_PerFlag!$D:$D,$AA5) -> 0.17721741 | AH5: =SUMIFS(TaxLevel_PerFlag!$Q:$Q,TaxLevel_PerFlag!$A:$A,AH$3,TaxLevel_PerFlag!$B:$B,$Z$4,TaxLevel_PerFlag!$C:$C,"XGBoost",TaxLevel_PerFlag!$D:$D,$AA5) -> 0.1184265 | AI5: =SUMIFS(TaxLevel_PerFlag!$H:$H,TaxLevel_PerFlag!$A:$A,AI$3,TaxLevel_PerFlag!$B:$B,$Z$4,TaxLevel_PerFlag!$C:$C,"XGBoost",TaxLevel_PerFlag!$D:$D,$AA5) -> 0.30912546 | AJ5: =SUMIFS(TaxLevel_PerFlag!$H:$H,TaxLevel_PerFlag!$A:$A,AJ$3,TaxLevel_PerFlag!$B:$B,$Z$4,TaxLevel_PerFlag!$C:$C,"XGBoost",TaxLevel_PerFlag!$D:$D,$AA5) -> 0.28527646 | AK5: =SUMIFS(TaxLevel_PerFlag!$H:$H,TaxLevel_PerFlag!$A:$A,AK$3,TaxLevel_PerFlag!$B:$B,$Z$4,TaxLevel_PerFlag!$C:$C,"XGBoost",TaxLevel_PerFlag!$D:$D,$AA5) -> 0.29751069 | AL5: =SUMIFS(TaxLevel_PerFlag!$H:$H,TaxLevel_PerFlag!$A:$A,AL$3,TaxLevel_PerFlag!$B:$B,$Z$4,TaxLevel_PerFlag!$C:$C,"XGBoost",TaxLevel_PerFlag!$D:$D,$AA5) -> 0.2954604 | AM5: =SUMIFS(TaxLevel_PerFlag!$H:$H,TaxLevel_PerFlag!$A:$A,AM$3,TaxLevel_PerFlag!$B:$B,$Z$4,TaxLevel_PerFlag!$C:$C,"XGBoost",TaxLevel_PerFlag!$D:$D,$AA5) -> 0.2753116 | AN5: =SUMIFS(TaxLevel_PerFlag!$T:$T,TaxLevel_PerFlag!$A:$A,AN$3,TaxLevel_PerFlag!$B:$B,$Z$4,TaxLevel_PerFlag!$C:$C,"XGBoost",TaxLevel_PerFlag!$D:$D,$AA5) -> 0.26945282 | AO5: =SUMIFS(TaxLevel_PerFlag!$T:$T,TaxLevel_PerFlag!$A:$A,AO$3,TaxLevel_PerFlag!$B:$B,$Z$4,TaxLevel_PerFlag!$C:$C,"XGBoost",TaxLevel_PerFlag!$D:$D,$AA5) -> 0.33463072 | AP5: =SUMIFS(TaxLevel_PerFlag!$T:$T,TaxLevel_PerFlag!$A:$A,AP$3,TaxLevel_PerFlag!$B:$B,$Z$4,TaxLevel_PerFlag!$C:$C,"XGBoost",TaxLevel_PerFlag!$D:$D,$AA5) -> 0.29195855 | AQ5: =SUMIFS(TaxLevel_PerFlag!$T:$T,TaxLevel_PerFlag!$A:$A,AQ$3,TaxLevel_PerFlag!$B:$B,$Z$4,TaxLevel_PerFlag!$C:$C,"XGBoost",TaxLevel_PerFlag!$D:$D,$AA5) -> 0.40671579 | AR5: =SUMIFS(TaxLevel_PerFlag!$T:$T,TaxLevel_PerFlag!$A:$A,AR$3,TaxLevel_PerFlag!$B:$B,$Z$4,TaxLevel_PerFlag!$C:$C,"XGBoost",TaxLevel_PerFlag!$D:$D,$AA5) -> 0.37723278
C6: acid_accumulation | D6: 20 | E6: 0.14492754 | F6: =_xlfn.MAXIFS(TaxLevel_PerFlag!$Q:$Q,TaxLevel_PerFlag!$A:$A,F$3,TaxLevel_PerFlag!$B:$B,$B$4,TaxLevel_PerFlag!$D:$D,$C6) -> 0.10620714 | G6: =_xlfn.MAXIFS(TaxLevel_PerFlag!$Q:$Q,TaxLevel_PerFlag!$A:$A,G$3,TaxLevel_PerFlag!$B:$B,$B$4,TaxLevel_PerFlag!$D:$D,$C6) -> 0.063281053 | H6: =_xlfn.MAXIFS(TaxLevel_PerFlag!$Q:$Q,TaxLevel_PerFlag!$A:$A,H$3,TaxLevel_PerFlag!$B:$B,$B$4,TaxLevel_PerFlag!$D:$D,$C6) -> 0.088389388 | I6: =_xlfn.MAXIFS(TaxLevel_PerFlag!$Q:$Q,TaxLevel_PerFlag!$A:$A,I$3,TaxLevel_PerFlag!$B:$B,$B$4,TaxLevel_PerFlag!$D:$D,$C6) -> 0.18907876 | J6: =_xlfn.MAXIFS(TaxLevel_PerFlag!$Q:$Q,TaxLevel_PerFlag!$A:$A,J$3,TaxLevel_PerFlag!$B:$B,$B$4,TaxLevel_PerFlag!$D:$D,$C6) -> 0.15110532 | K6: =_xlfn.MAXIFS(TaxLevel_PerFlag!$H:$H,TaxLevel_PerFlag!$A:$A,K$3,TaxLevel_PerFlag!$B:$B,$B$4,TaxLevel_PerFlag!$D:$D,$C6) -> 0.062770049 | L6: =_xlfn.MAXIFS(TaxLevel_PerFlag!$H:$H,TaxLevel_PerFlag!$A:$A,L$3,TaxLevel_PerFlag!$B:$B,$B$4,TaxLevel_PerFlag!$D:$D,$C6) -> 0.079129264 | M6: =_xlfn.MAXIFS(TaxLevel_PerFlag!$H:$H,TaxLevel_PerFlag!$A:$A,M$3,TaxLevel_PerFlag!$B:$B,$B$4,TaxLevel_PerFlag!$D:$D,$C6) -> 0.078905245 | N6: =_xlfn.MAXIFS(TaxLevel_PerFlag!$H:$H,TaxLevel_PerFlag!$A:$A,N$3,TaxLevel_PerFlag!$B:$B,$B$4,TaxLevel_PerFlag!$D:$D,$C6) -> 0.24138277 | O6: =_xlfn.MAXIFS(TaxLevel_PerFlag!$H:$H,TaxLevel_PerFlag!$A:$A,O$3,TaxLevel_PerFlag!$B:$B,$B$4,TaxLevel_PerFlag!$D:$D,$C6) -> 0.20443605 | P6: =_xlfn.MAXIFS(TaxLevel_PerFlag!$T:$T,TaxLevel_PerFlag!$A:$A,P$3,TaxLevel_PerFlag!$B:$B,$B$4,TaxLevel_PerFlag!$D:$D,$C6) -> 0.18270628 | Q6: =_xlfn.MAXIFS(TaxLevel_PerFlag!$T:$T,TaxLevel_PerFlag!$A:$A,Q$3,TaxLevel_PerFlag!$B:$B,$B$4,TaxLevel_PerFlag!$D:$D,$C6) -> 0.17698968 | R6: =_xlfn.MAXIFS(TaxLevel_PerFlag!$T:$T,TaxLevel_PerFlag!$A:$A,R$3,TaxLevel_PerFlag!$B:$B,$B$4,TaxLevel_PerFlag!$D:$D,$C6) -> 0.17698968 | S6: =_xlfn.MAXIFS(TaxLevel_PerFlag!$T:$T,TaxLevel_PerFlag!$A:$A,S$3,TaxLevel_PerFlag!$B:$B,$B$4,TaxLevel_PerFlag!$D:$D,$C6) -> 0.29262189 | T6: =_xlfn.MAXIFS(TaxLevel_PerFlag!$T:$T,TaxLevel_PerFlag!$A:$A,T$3,TaxLevel_PerFlag!$B:$B,$B$4,TaxLevel_PerFlag!$D:$D,$C6) -> 0.23551784 | V6: acid_base_balance | W6: 20 | X6: 0.14492754 | AA6: acid_accumulation | AB6: 20 | AC6: 0.14492754 | AD6: =SUMIFS(TaxLevel_PerFlag!$Q:$Q,TaxLevel_PerFlag!$A:$A,AD$3,TaxLevel_PerFlag!$B:$B,$Z$4,TaxLevel_PerFlag!$C:$C,"XGBoost",TaxLevel_PerFlag!$D:$D,$AA6) -> 0.033545319 | AE6: =SUMIFS(TaxLevel_PerFlag!$Q:$Q,TaxLevel_PerFlag!$A:$A,AE$3,TaxLevel_PerFlag!$B:$B,$Z$4,TaxLevel_PerFlag!$C:$C,"XGBoost",TaxLevel_PerFlag!$D:$D,$AA6) -> -0.020264268 | AF6: =SUMIFS(TaxLevel_PerFlag!$Q:$Q,TaxLevel_PerFlag!$A:$A,AF$3,TaxLevel_PerFlag!$B:$B,$Z$4,TaxLevel_PerFlag!$C:$C,"XGBoost",TaxLevel_PerFlag!$D:$D,$AA6) -> 0.018531783 | AG6: =SUMIFS(TaxLevel_PerFlag!$Q:$Q,TaxLevel_PerFlag!$A:$A,AG$3,TaxLevel_PerFlag!$B:$B,$Z$4,TaxLevel_PerFlag!$C:$C,"XGBoost",TaxLevel_PerFlag!$D:$D,$AA6) -> 0.18907876 | AH6: =SUMIFS(TaxLevel_PerFlag!$Q:$Q,TaxLevel_PerFlag!$A:$A,AH$3,TaxLevel_PerFlag!$B:$B,$Z$4,TaxLevel_PerFlag!$C:$C,"XGBoost",TaxLevel_PerFlag!$D:$D,$AA6) -> 0.15110532 | AI6: =SUMIFS(TaxLevel_PerFlag!$H:$H,TaxLevel_PerFlag!$A:$A,AI$3,TaxLevel_PerFlag!$B:$B,$Z$4,TaxLevel_PerFlag!$C:$C,"XGBoost",TaxLevel_PerFlag!$D:$D,$AA6) -> 0.04387025 | AJ6: =SUMIFS(TaxLevel_PerFlag!$H:$H,TaxLevel_PerFlag!$A:$A,AJ$3,TaxLevel_PerFlag!$B:$B,$Z$4,TaxLevel_PerFlag!$C:$C,"XGBoost",TaxLevel_PerFlag!$D:$D,$AA6) -> 0.032770812 | AK6: =SUMIFS(TaxLevel_PerFlag!$H:$H,TaxLevel_PerFlag!$A:$A,AK$3,TaxLevel_PerFlag!$B:$B,$Z$4,TaxLevel_PerFlag!$C:$C,"XGBoost",TaxLevel_PerFlag!$D:$D,$AA6) -> 0.033856557 | AL6: =SUMIFS(TaxLevel_PerFlag!$H:$H,TaxLevel_PerFlag!$A:$A,AL$3,TaxLevel_PerFlag!$B:$B,$Z$4,TaxLevel_PerFlag!$C:$C,"XGBoost",TaxLevel_PerFlag!$D:$D,$AA6) -> 0.24138277 | AM6: =SUMIFS(TaxLevel_PerFlag!$H:$H,TaxLevel_PerFlag!$A:$A,AM$3,TaxLevel_PerFlag!$B:$B,$Z$4,TaxLevel_PerFlag!$C:$C,"XGBoost",TaxLevel_PerFlag!$D:$D,$AA6) -> 0.12146046 | AN6: =SUMIFS(TaxLevel_PerFlag!$T:$T,TaxLevel_PerFlag!$A:$A,AN$3,TaxLevel_PerFlag!$B:$B,$Z$4,TaxLevel_PerFlag!$C:$C,"XGBoost",TaxLevel_PerFlag!$D:$D,$AA6) -> 0.13018025 | AO6: =SUMIFS(TaxLevel_PerFlag!$T:$T,TaxLevel_PerFlag!$A:$A,AO$3,TaxLevel_PerFlag!$B:$B,$Z$4,TaxLevel_PerFlag!$C:$C,"XGBoost",TaxLevel_PerFlag!$D:$D,$AA6) -> 0.10049034 | AP6: =SUMIFS(TaxLevel_PerFlag!$T:$T,TaxLevel_PerFlag!$A:$A,AP$3,TaxLevel_PerFlag!$B:$B,$Z$4,TaxLevel_PerFlag!$C:$C,"XGBoost",TaxLevel_PerFlag!$D:$D,$AA6) -> 0.1180865 | AQ6: =SUMIFS(TaxLevel_PerFlag!$T:$T,TaxLevel_PerFlag!$A:$A,AQ$3,TaxLevel_PerFlag!$B:$B,$Z$4,TaxLevel_PerFlag!$C:$C,"XGBoost",TaxLevel_PerFlag!$D:$D,$AA6) -> 0.27017967 | AR6: =SUMIFS(TaxLevel_PerFlag!$T:$T,TaxLevel_PerFlag!$A:$A,AR$3,TaxLevel_PerFlag!$B:$B,$Z$4,TaxLevel_PerFlag!$C:$C,"XGBoost",TaxLevel_PerFlag!$D:$D,$AA6) -> 0.2352148
C7: ammonia_toxicity | D7: 26 | E7: 0.1884058 | F7: =_xlfn.MAXIFS(TaxLevel_PerFlag!$Q:$Q,TaxLevel_PerFlag!$A:$A,F$3,TaxLevel_PerFlag!$B:$B,$B$4,TaxLevel_PerFlag!$D:$D,$C7) -> 0.51941102 | G7: =_xlfn.MAXIFS(TaxLevel_PerFlag!$Q:$Q,TaxLevel_PerFlag!$A:$A,G$3,TaxLevel_PerFlag!$B:$B,$B$4,TaxLevel_PerFlag!$D:$D,$C7) -> 0.47368654 | H7: =_xlfn.MAXIFS(TaxLevel_PerFlag!$Q:$Q,TaxLevel_PerFlag!$A:$A,H$3,TaxLevel_PerFlag!$B:$B,$B$4,TaxLevel_PerFlag!$D:$D,$C7) -> 0.47861722 | I7: =_xlfn.MAXIFS(TaxLevel_PerFlag!$Q:$Q,TaxLevel_PerFlag!$A:$A,I$3,TaxLevel_PerFlag!$B:$B,$B$4,TaxLevel_PerFlag!$D:$D,$C7) -> 0.56848376 | J7: =_xlfn.MAXIFS(TaxLevel_PerFlag!$Q:$Q,TaxLevel_PerFlag!$A:$A,J$3,TaxLevel_PerFlag!$B:$B,$B$4,TaxLevel_PerFlag!$D:$D,$C7) -> 0.54889822 | K7: =_xlfn.MAXIFS(TaxLevel_PerFlag!$H:$H,TaxLevel_PerFlag!$A:$A,K$3,TaxLevel_PerFlag!$B:$B,$B$4,TaxLevel_PerFlag!$D:$D,$C7) -> 0.59791791 | L7: =_xlfn.MAXIFS(TaxLevel_PerFlag!$H:$H,TaxLevel_PerFlag!$A:$A,L$3,TaxLevel_PerFlag!$B:$B,$B$4,TaxLevel_PerFlag!$D:$D,$C7) -> 0.57107802 | M7: =_xlfn.MAXIFS(TaxLevel_PerFlag!$H:$H,TaxLevel_PerFlag!$A:$A,M$3,TaxLevel_PerFlag!$B:$B,$B$4,TaxLevel_PerFlag!$D:$D,$C7) -> 0.56936985 | N7: =_xlfn.MAXIFS(TaxLevel_PerFlag!$H:$H,TaxLevel_PerFlag!$A:$A,N$3,TaxLevel_PerFlag!$B:$B,$B$4,TaxLevel_PerFlag!$D:$D,$C7) -> 0.54890359 | O7: =_xlfn.MAXIFS(TaxLevel_PerFlag!$H:$H,TaxLevel_PerFlag!$A:$A,O$3,TaxLevel_PerFlag!$B:$B,$B$4,TaxLevel_PerFlag!$D:$D,$C7) -> 0.59006766 | P7: =_xlfn.MAXIFS(TaxLevel_PerFlag!$T:$T,TaxLevel_PerFlag!$A:$A,P$3,TaxLevel_PerFlag!$B:$B,$B$4,TaxLevel_PerFlag!$D:$D,$C7) -> 0.68507461 | Q7: =_xlfn.MAXIFS(TaxLevel_PerFlag!$T:$T,TaxLevel_PerFlag!$A:$A,Q$3,TaxLevel_PerFlag!$B:$B,$B$4,TaxLevel_PerFlag!$D:$D,$C7) -> 0.68070439 | R7: =_xlfn.MAXIFS(TaxLevel_PerFlag!$T:$T,TaxLevel_PerFlag!$A:$A,R$3,TaxLevel_PerFlag!$B:$B,$B$4,TaxLevel_PerFlag!$D:$D,$C7) -> 0.68951273 | S7: =_xlfn.MAXIFS(TaxLevel_PerFlag!$T:$T,TaxLevel_PerFlag!$A:$A,S$3,TaxLevel_PerFlag!$B:$B,$B$4,TaxLevel_PerFlag!$D:$D,$C7) -> 0.75760504 | T7: =_xlfn.MAXIFS(TaxLevel_PerFlag!$T:$T,TaxLevel_PerFlag!$A:$A,T$3,TaxLevel_PerFlag!$B:$B,$B$4,TaxLevel_PerFlag!$D:$D,$C7) -> 0.69868784 | V7: ammonia_toxicity | W7: 26 | X7: 0.1884058 | AA7: ammonia_toxicity | AB7: 26 | AC7: 0.1884058 | AD7: =SUMIFS(TaxLevel_PerFlag!$Q:$Q,TaxLevel_PerFlag!$A:$A,AD$3,TaxLevel_PerFlag!$B:$B,$Z$4,TaxLevel_PerFlag!$C:$C,"XGBoost",TaxLevel_PerFlag!$D:$D,$AA7) -> 0.45223521 | AE7: =SUMIFS(TaxLevel_PerFlag!$Q:$Q,TaxLevel_PerFlag!$A:$A,AE$3,TaxLevel_PerFlag!$B:$B,$Z$4,TaxLevel_PerFlag!$C:$C,"XGBoost",TaxLevel_PerFlag!$D:$D,$AA7) -> 0.45998774 | AF7: =SUMIFS(TaxLevel_PerFlag!$Q:$Q,TaxLevel_PerFlag!$A:$A,AF$3,TaxLevel_PerFlag!$B:$B,$Z$4,TaxLevel_PerFlag!$C:$C,"XGBoost",TaxLevel_PerFlag!$D:$D,$AA7) -> 0.46218151 | AG7: =SUMIFS(TaxLevel_PerFlag!$Q:$Q,TaxLevel_PerFlag!$A:$A,AG$3,TaxLevel_PerFlag!$B:$B,$Z$4,TaxLevel_PerFlag!$C:$C,"XGBoost",TaxLevel_PerFlag!$D:$D,$AA7) -> 0.41792079 | AH7: =SUMIFS(TaxLevel_PerFlag!$Q:$Q,TaxLevel_PerFlag!$A:$A,AH$3,TaxLevel_PerFlag!$B:$B,$Z$4,TaxLevel_PerFlag!$C:$C,"XGBoost",TaxLevel_PerFlag!$D:$D,$AA7) -> 0.47334208 | AI7: =SUMIFS(TaxLevel_PerFlag!$H:$H,TaxLevel_PerFlag!$A:$A,AI$3,TaxLevel_PerFlag!$B:$B,$Z$4,TaxLevel_PerFlag!$C:$C,"XGBoost",TaxLevel_PerFlag!$D:$D,$AA7) -> 0.59791791 | AJ7: =SUMIFS(TaxLevel_PerFlag!$H:$H,TaxLevel_PerFlag!$A:$A,AJ$3,TaxLevel_PerFlag!$B:$B,$Z$4,TaxLevel_PerFlag!$C:$C,"XGBoost",TaxLevel_PerFlag!$D:$D,$AA7) -> 0.57107802 | AK7: =SUMIFS(TaxLevel_PerFlag!$H:$H,TaxLevel_PerFlag!$A:$A,AK$3,TaxLevel_PerFlag!$B:$B,$Z$4,TaxLevel_PerFlag!$C:$C,"XGBoost",TaxLevel_PerFlag!$D:$D,$AA7) -> 0.56936985 | AL7: =SUMIFS(TaxLevel_PerFlag!$H:$H,TaxLevel_PerFlag!$A:$A,AL$3,TaxLevel_PerFlag!$B:$B,$Z$4,TaxLevel_PerFlag!$C:$C,"XGBoost",TaxLevel_PerFlag!$D:$D,$AA7) -> 0.54890359 | AM7: =SUMIFS(TaxLevel_PerFlag!$H:$H,TaxLevel_PerFlag!$A:$A,AM$3,TaxLevel_PerFlag!$B:$B,$Z$4,TaxLevel_PerFlag!$C:$C,"XGBoost",TaxLevel_PerFlag!$D:$D,$AA7) -> 0.59006766 | AN7: =SUMIFS(TaxLevel_PerFlag!$T:$T,TaxLevel_PerFlag!$A:$A,AN$3,TaxLevel_PerFlag!$B:$B,$Z$4,TaxLevel_PerFlag!$C:$C,"XGBoost",TaxLevel_PerFlag!$D:$D,$AA7) -> 0.56371431 | AO7: =SUMIFS(TaxLevel_PerFlag!$T:$T,TaxLevel_PerFlag!$A:$A,AO$3,TaxLevel_PerFlag!$B:$B,$Z$4,TaxLevel_PerFlag!$C:$C,"XGBoost",TaxLevel_PerFlag!$D:$D,$AA7) -> 0.6135198 | AP7: =SUMIFS(TaxLevel_PerFlag!$T:$T,TaxLevel_PerFlag!$A:$A,AP$3,TaxLevel_PerFlag!$B:$B,$Z$4,TaxLevel_PerFlag!$C:$C,"XGBoost",TaxLevel_PerFlag!$D:$D,$AA7) -> 0.63249039 | AQ7: =SUMIFS(TaxLevel_PerFlag!$T:$T,TaxLevel_PerFlag!$A:$A,AQ$3,TaxLevel_PerFlag!$B:$B,$Z$4,TaxLevel_PerFlag!$C:$C,"XGBoost",TaxLevel_PerFlag!$D:$D,$AA7) -> 0.62652937 | AR7: =SUMIFS(TaxLevel_PerFlag!$T:$T,TaxLevel_PerFlag!$A:$A,AR$3,TaxLevel_PerFlag!$B:$B,$Z$4,TaxLevel_PerFlag!$C:$C,"XGBoost",TaxLevel_PerFlag!$D:$D,$AA7) -> 0.68006909
C8: biogas_quality | D8: 7 | E8: 0.050724638 | F8: =_xlfn.MAXIFS(TaxLevel_PerFlag!$Q:$Q,TaxLevel_PerFlag!$A:$A,F$3,TaxLevel_PerFlag!$B:$B,$B$4,TaxLevel_PerFlag!$D:$D,$C8) -> 0.049277698 | G8: =_xlfn.MAXIFS(TaxLevel_PerFlag!$Q:$Q,TaxLevel_PerFlag!$A:$A,G$3,TaxLevel_PerFlag!$B:$B,$B$4,TaxLevel_PerFlag!$D:$D,$C8) -> 0 | H8: =_xlfn.MAXIFS(TaxLevel_PerFlag!$Q:$Q,TaxLevel_PerFlag!$A:$A,H$3,TaxLevel_PerFlag!$B:$B,$B$4,TaxLevel_PerFlag!$D:$D,$C8) -> 0.013320287 | I8: =_xlfn.MAXIFS(TaxLevel_PerFlag!$Q:$Q,TaxLevel_PerFlag!$A:$A,I$3,TaxLevel_PerFlag!$B:$B,$B$4,TaxLevel_PerFlag!$D:$D,$C8) -> 0.20836685 | J8: =_xlfn.MAXIFS(TaxLevel_PerFlag!$Q:$Q,TaxLevel_PerFlag!$A:$A,J$3,TaxLevel_PerFlag!$B:$B,$B$4,TaxLevel_PerFlag!$D:$D,$C8) -> 0.12262499 | K8: =_xlfn.MAXIFS(TaxLevel_PerFlag!$H:$H,TaxLevel_PerFlag!$A:$A,K$3,TaxLevel_PerFlag!$B:$B,$B$4,TaxLevel_PerFlag!$D:$D,$C8) -> 0.057821583 | L8: =_xlfn.MAXIFS(TaxLevel_PerFlag!$H:$H,TaxLevel_PerFlag!$A:$A,L$3,TaxLevel_PerFlag!$B:$B,$B$4,TaxLevel_PerFlag!$D:$D,$C8) -> 0.052781488 | M8: =_xlfn.MAXIFS(TaxLevel_PerFlag!$H:$H,TaxLevel_PerFlag!$A:$A,M$3,TaxLevel_PerFlag!$B:$B,$B$4,TaxLevel_PerFlag!$D:$D,$C8) -> 0.057096424 | N8: =_xlfn.MAXIFS(TaxLevel_PerFlag!$H:$H,TaxLevel_PerFlag!$A:$A,N$3,TaxLevel_PerFlag!$B:$B,$B$4,TaxLevel_PerFlag!$D:$D,$C8) -> 0.14743244 | O8: =_xlfn.MAXIFS(TaxLevel_PerFlag!$H:$H,TaxLevel_PerFlag!$A:$A,O$3,TaxLevel_PerFlag!$B:$B,$B$4,TaxLevel_PerFlag!$D:$D,$C8) -> 0.11805457 | P8: =_xlfn.MAXIFS(TaxLevel_PerFlag!$T:$T,TaxLevel_PerFlag!$A:$A,P$3,TaxLevel_PerFlag!$B:$B,$B$4,TaxLevel_PerFlag!$D:$D,$C8) -> 0.21691574 | Q8: =_xlfn.MAXIFS(TaxLevel_PerFlag!$T:$T,TaxLevel_PerFlag!$A:$A,Q$3,TaxLevel_PerFlag!$B:$B,$B$4,TaxLevel_PerFlag!$D:$D,$C8) -> 0.21084337 | R8: =_xlfn.MAXIFS(TaxLevel_PerFlag!$T:$T,TaxLevel_PerFlag!$A:$A,R$3,TaxLevel_PerFlag!$B:$B,$B$4,TaxLevel_PerFlag!$D:$D,$C8) -> 0.21084337 | S8: =_xlfn.MAXIFS(TaxLevel_PerFlag!$T:$T,TaxLevel_PerFlag!$A:$A,S$3,TaxLevel_PerFlag!$B:$B,$B$4,TaxLevel_PerFlag!$D:$D,$C8) -> 0.35505464 | T8: =_xlfn.MAXIFS(TaxLevel_PerFlag!$T:$T,TaxLevel_PerFlag!$A:$A,T$3,TaxLevel_PerFlag!$B:$B,$B$4,TaxLevel_PerFlag!$D:$D,$C8) -> 0.27793144 | V8: biogas_quality | W8: 7 | X8: 0.050724638 | AA8: biogas_quality | AB8: 7 | AC8: 0.050724638 | AD8: =SUMIFS(TaxLevel_PerFlag!$Q:$Q,TaxLevel_PerFlag!$A:$A,AD$3,TaxLevel_PerFlag!$B:$B,$Z$4,TaxLevel_PerFlag!$C:$C,"XGBoost",TaxLevel_PerFlag!$D:$D,$AA8) -> 0.049277698 | AE8: =SUMIFS(TaxLevel_PerFlag!$Q:$Q,TaxLevel_PerFlag!$A:$A,AE$3,TaxLevel_PerFlag!$B:$B,$Z$4,TaxLevel_PerFlag!$C:$C,"XGBoost",TaxLevel_PerFlag!$D:$D,$AA8) -> -0.041130405 | AF8: =SUMIFS(TaxLevel_PerFlag!$Q:$Q,TaxLevel_PerFlag!$A:$A,AF$3,TaxLevel_PerFlag!$B:$B,$Z$4,TaxLevel_PerFlag!$C:$C,"XGBoost",TaxLevel_PerFlag!$D:$D,$AA8) -> -0.035367223 | AG8: =SUMIFS(TaxLevel_PerFlag!$Q:$Q,TaxLevel_PerFlag!$A:$A,AG$3,TaxLevel_PerFlag!$B:$B,$Z$4,TaxLevel_PerFlag!$C:$C,"XGBoost",TaxLevel_PerFlag!$D:$D,$AA8) -> 0.10422556 | AH8: =SUMIFS(TaxLevel_PerFlag!$Q:$Q,TaxLevel_PerFlag!$A:$A,AH$3,TaxLevel_PerFlag!$B:$B,$Z$4,TaxLevel_PerFlag!$C:$C,"XGBoost",TaxLevel_PerFlag!$D:$D,$AA8) -> 0.12262499 | AI8: =SUMIFS(TaxLevel_PerFlag!$H:$H,TaxLevel_PerFlag!$A:$A,AI$3,TaxLevel_PerFlag!$B:$B,$Z$4,TaxLevel_PerFlag!$C:$C,"XGBoost",TaxLevel_PerFlag!$D:$D,$AA8) -> 0.057821583 | AJ8: =SUMIFS(TaxLevel_PerFlag!$H:$H,TaxLevel_PerFlag!$A:$A,AJ$3,TaxLevel_PerFlag!$B:$B,$Z$4,TaxLevel_PerFlag!$C:$C,"XGBoost",TaxLevel_PerFlag!$D:$D,$AA8) -> 0.046661294 | AK8: =SUMIFS(TaxLevel_PerFlag!$H:$H,TaxLevel_PerFlag!$A:$A,AK$3,TaxLevel_PerFlag!$B:$B,$Z$4,TaxLevel_PerFlag!$C:$C,"XGBoost",TaxLevel_PerFlag!$D:$D,$AA8) -> 0.050353838 | AL8: =SUMIFS(TaxLevel_PerFlag!$H:$H,TaxLevel_PerFlag!$A:$A,AL$3,TaxLevel_PerFlag!$B:$B,$Z$4,TaxLevel_PerFlag!$C:$C,"XGBoost",TaxLevel_PerFlag!$D:$D,$AA8) -> 0.084444115 | AM8: =SUMIFS(TaxLevel_PerFlag!$H:$H,TaxLevel_PerFlag!$A:$A,AM$3,TaxLevel_PerFlag!$B:$B,$Z$4,TaxLevel_PerFlag!$C:$C,"XGBoost",TaxLevel_PerFlag!$D:$D,$AA8) -> 0.11805457 | AN8: =SUMIFS(TaxLevel_PerFlag!$T:$T,TaxLevel_PerFlag!$A:$A,AN$3,TaxLevel_PerFlag!$B:$B,$Z$4,TaxLevel_PerFlag!$C:$C,"XGBoost",TaxLevel_PerFlag!$D:$D,$AA8) -> 0.21691574 | AO8: =SUMIFS(TaxLevel_PerFlag!$T:$T,TaxLevel_PerFlag!$A:$A,AO$3,TaxLevel_PerFlag!$B:$B,$Z$4,TaxLevel_PerFlag!$C:$C,"XGBoost",TaxLevel_PerFlag!$D:$D,$AA8) -> 0.15526106 | AP8: =SUMIFS(TaxLevel_PerFlag!$T:$T,TaxLevel_PerFlag!$A:$A,AP$3,TaxLevel_PerFlag!$B:$B,$Z$4,TaxLevel_PerFlag!$C:$C,"XGBoost",TaxLevel_PerFlag!$D:$D,$AA8) -> 0.18967535 | AQ8: =SUMIFS(TaxLevel_PerFlag!$T:$T,TaxLevel_PerFlag!$A:$A,AQ$3,TaxLevel_PerFlag!$B:$B,$Z$4,TaxLevel_PerFlag!$C:$C,"XGBoost",TaxLevel_PerFlag!$D:$D,$AA8) -> 0.25832778 | AR8: =SUMIFS(TaxLevel_PerFlag!$T:$T,TaxLevel_PerFlag!$A:$A,AR$3,TaxLevel_PerFlag!$B:$B,$Z$4,TaxLevel_PerFlag!$C:$C,"XGBoost",TaxLevel_PerFlag!$D:$D,$AA8) -> 0.27793144
C9: Macro-avg | F9: =AVERAGE(F4:F8) -> 0.17950692 | G9: =AVERAGE(G4:G8) -> 0.14799463 | H9: =AVERAGE(H4:H8) -> 0.16643229 | I9: =AVERAGE(I4:I8) -> 0.24238954 | J9: =AVERAGE(J4:J8) -> 0.21005756 | K9: =AVERAGE(K4:K8) -> 0.2267926 | L9: =AVERAGE(L4:L8) -> 0.21720493 | M9: =AVERAGE(M4:M8) -> 0.22107044 | ... T9: =AVERAGE(T4:T8) -> 0.37331872 | AA9: Macro-avg | AD9: =AVERAGE(AD4:AD8) -> 0.10891113 | AE9: =AVERAGE(AE4:AE8) -> 0.11233632 | AF9: =AVERAGE(AF4:AF8) -> 0.10459429 | AG9: =AVERAGE(AG4:AG8) -> 0.18233761 | AH9: =AVERAGE(AH4:AH8) -> 0.19494633 | AI9: =AVERAGE(AI4:AI8) -> 0.21404569 | AJ9: =AVERAGE(AJ4:AJ8) -> 0.20303535 | AK9: =AVERAGE(AK4:AK8) -> 0.20423565 | ... AR9: =AVERAGE(AR4:AR8) -> 0.36953436
B10: BAC | C10: buffer_capacity | D10: 9 | E10: 0.065217391 | F10: =_xlfn.MAXIFS(TaxLevel_PerFlag!$Q:$Q,TaxLevel_PerFlag!$A:$A,F$3,TaxLevel_PerFlag!$B:$B,$B$10,TaxLevel_PerFlag!$D:$D,$C10) -> 0.075404556 | G10: =_xlfn.MAXIFS(TaxLevel_PerFlag!$Q:$Q,TaxLevel_PerFlag!$A:$A,G$3,TaxLevel_PerFlag!$B:$B,$B$10,TaxLevel_PerFlag!$D:$D,$C10) -> 0.14698681 | H10: =_xlfn.MAXIFS(TaxLevel_PerFlag!$Q:$Q,TaxLevel_PerFlag!$A:$A,H$3,TaxLevel_PerFlag!$B:$B,$B$10,TaxLevel_PerFlag!$D:$D,$C10) -> 0.24853563 | I10: =_xlfn.MAXIFS(TaxLevel_PerFlag!$Q:$Q,TaxLevel_PerFlag!$A:$A,I$3,TaxLevel_PerFlag!$B:$B,$B$10,TaxLevel_PerFlag!$D:$D,$C10) -> 0.20785484 | J10: =_xlfn.MAXIFS(TaxLevel_PerFlag!$Q:$Q,TaxLevel_PerFlag!$A:$A,J$3,TaxLevel_PerFlag!$B:$B,$B$10,TaxLevel_PerFlag!$D:$D,$C10) -> 0.13959212 | K10: =_xlfn.MAXIFS(TaxLevel_PerFlag!$H:$H,TaxLevel_PerFlag!$A:$A,K$3,TaxLevel_PerFlag!$B:$B,$B$10,TaxLevel_PerFlag!$D:$D,$C10) -> 0.10318351 | L10: =_xlfn.MAXIFS(TaxLevel_PerFlag!$H:$H,TaxLevel_PerFlag!$A:$A,L$3,TaxLevel_PerFlag!$B:$B,$B$10,TaxLevel_PerFlag!$D:$D,$C10) -> 0.26336868 | M10: =_xlfn.MAXIFS(TaxLevel_PerFlag!$H:$H,TaxLevel_PerFlag!$A:$A,M$3,TaxLevel_PerFlag!$B:$B,$B$10,TaxLevel_PerFlag!$D:$D,$C10) -> 0.29836433 | N10: =_xlfn.MAXIFS(TaxLevel_PerFlag!$H:$H,TaxLevel_PerFlag!$A:$A,N$3,TaxLevel_PerFlag!$B:$B,$B$10,TaxLevel_PerFlag!$D:$D,$C10) -> 0.28419269 | O10: =_xlfn.MAXIFS(TaxLevel_PerFlag!$H:$H,TaxLevel_PerFlag!$A:$A,O$3,TaxLevel_PerFlag!$B:$B,$B$10,TaxLevel_PerFlag!$D:$D,$C10) -> 0.14883598 | P10: =_xlfn.MAXIFS(TaxLevel_PerFlag!$T:$T,TaxLevel_PerFlag!$A:$A,P$3,TaxLevel_PerFlag!$B:$B,$B$10,TaxLevel_PerFlag!$D:$D,$C10) -> 0.22979217 | Q10: =_xlfn.MAXIFS(TaxLevel_PerFlag!$T:$T,TaxLevel_PerFlag!$A:$A,Q$3,TaxLevel_PerFlag!$B:$B,$B$10,TaxLevel_PerFlag!$D:$D,$C10) -> 0.30430153 | R10: =_xlfn.MAXIFS(TaxLevel_PerFlag!$T:$T,TaxLevel_PerFlag!$A:$A,R$3,TaxLevel_PerFlag!$B:$B,$B$10,TaxLevel_PerFlag!$D:$D,$C10) -> 0.2833865 | S10: =_xlfn.MAXIFS(TaxLevel_PerFlag!$T:$T,TaxLevel_PerFlag!$A:$A,S$3,TaxLevel_PerFlag!$B:$B,$B$10,TaxLevel_PerFlag!$D:$D,$C10) -> 0.27012751 | T10: =_xlfn.MAXIFS(TaxLevel_PerFlag!$T:$T,TaxLevel_PerFlag!$A:$A,T$3,TaxLevel_PerFlag!$B:$B,$B$10,TaxLevel_PerFlag!$D:$D,$C10) -> 0.26432479 | Z10: BAC | AA10: buffer_capacity | AB10: 9 | AC10: 0.065217391 | AD10: =SUMIFS(TaxLevel_PerFlag!$Q:$Q,TaxLevel_PerFlag!$A:$A,AD$3,TaxLevel_PerFlag!$B:$B,$Z$10,TaxLevel_PerFlag!$C:$C,"XGBoost",TaxLevel_PerFlag!$D:$D,$AA10) -> 0.075404556 | AE10: =SUMIFS(TaxLevel_PerFlag!$Q:$Q,TaxLevel_PerFlag!$A:$A,AE$3,TaxLevel_PerFlag!$B:$B,$Z$10,TaxLevel_PerFlag!$C:$C,"XGBoost",TaxLevel_PerFlag!$D:$D,$AA10) -> 0.14152151 | AF10: =SUMIFS(TaxLevel_PerFlag!$Q:$Q,TaxLevel_PerFlag!$A:$A,AF$3,TaxLevel_PerFlag!$B:$B,$Z$10,TaxLevel_PerFlag!$C:$C,"XGBoost",TaxLevel_PerFlag!$D:$D,$AA10) -> 0.24853563 | AG10: =SUMIFS(TaxLevel_PerFlag!$Q:$Q,TaxLevel_PerFlag!$A:$A,AG$3,TaxLevel_PerFlag!$B:$B,$Z$10,TaxLevel_PerFlag!$C:$C,"XGBoost",TaxLevel_PerFlag!$D:$D,$AA10) -> 0.13088301 | AH10: =SUMIFS(TaxLevel_PerFlag!$Q:$Q,TaxLevel_PerFlag!$A:$A,AH$3,TaxLevel_PerFlag!$B:$B,$Z$10,TaxLevel_PerFlag!$C:$C,"XGBoost",TaxLevel_PerFlag!$D:$D,$AA10) -> 0.092762127 | AI10: =SUMIFS(TaxLevel_PerFlag!$H:$H,TaxLevel_PerFlag!$A:$A,AI$3,TaxLevel_PerFlag!$B:$B,$Z$10,TaxLevel_PerFlag!$C:$C,"XGBoost",TaxLevel_PerFlag!$D:$D,$AA10) -> 0.10318351 | AJ10: =SUMIFS(TaxLevel_PerFlag!$H:$H,TaxLevel_PerFlag!$A:$A,AJ$3,TaxLevel_PerFlag!$B:$B,$Z$10,TaxLevel_PerFlag!$C:$C,"XGBoost",TaxLevel_PerFlag!$D:$D,$AA10) -> 0.26336868 | AK10: =SUMIFS(TaxLevel_PerFlag!$H:$H,TaxLevel_PerFlag!$A:$A,AK$3,TaxLevel_PerFlag!$B:$B,$Z$10,TaxLevel_PerFlag!$C:$C,"XGBoost",TaxLevel_PerFlag!$D:$D,$AA10) -> 0.29836433 | AL10: =SUMIFS(TaxLevel_PerFlag!$H:$H,TaxLevel_PerFlag!$A:$A,AL$3,TaxLevel_PerFlag!$B:$B,$Z$10,TaxLevel_PerFlag!$C:$C,"XGBoost",TaxLevel_PerFlag!$D:$D,$AA10) -> 0.28419269 | AM10: =SUMIFS(TaxLevel_PerFlag!$H:$H,TaxLevel_PerFlag!$A:$A,AM$3,TaxLevel_PerFlag!$B:$B,$Z$10,TaxLevel_PerFlag!$C:$C,"XGBoost",TaxLevel_PerFlag!$D:$D,$AA10) -> 0.13196208 | AN10: =SUMIFS(TaxLevel_PerFlag!$T:$T,TaxLevel_PerFlag!$A:$A,AN$3,TaxLevel_PerFlag!$B:$B,$Z$10,TaxLevel_PerFlag!$C:$C,"XGBoost",TaxLevel_PerFlag!$D:$D,$AA10) -> 0.22410982 | AO10: =SUMIFS(TaxLevel_PerFlag!$T:$T,TaxLevel_PerFlag!$A:$A,AO$3,TaxLevel_PerFlag!$B:$B,$Z$10,TaxLevel_PerFlag!$C:$C,"XGBoost",TaxLevel_PerFlag!$D:$D,$AA10) -> 0.2741009 | AP10: =SUMIFS(TaxLevel_PerFlag!$T:$T,TaxLevel_PerFlag!$A:$A,AP$3,TaxLevel_PerFlag!$B:$B,$Z$10,TaxLevel_PerFlag!$C:$C,"XGBoost",TaxLevel_PerFlag!$D:$D,$AA10) -> 0.2833865 | AQ10: =SUMIFS(TaxLevel_PerFlag!$T:$T,TaxLevel_PerFlag!$A:$A,AQ$3,TaxLevel_PerFlag!$B:$B,$Z$10,TaxLevel_PerFlag!$C:$C,"XGBoost",TaxLevel_PerFlag!$D:$D,$AA10) -> 0.23260254 | AR10: =SUMIFS(TaxLevel_PerFlag!$T:$T,TaxLevel_PerFlag!$A:$A,AR$3,TaxLevel_PerFlag!$B:$B,$Z$10,TaxLevel_PerFlag!$C:$C,"XGBoost",TaxLevel_PerFlag!$D:$D,$AA10) -> 0.22433393
C11: acid_base_balance | D11: 4 | E11: 0.028985507 | F11: =_xlfn.MAXIFS(TaxLevel_PerFlag!$Q:$Q,TaxLevel_PerFlag!$A:$A,F$3,TaxLevel_PerFlag!$B:$B,$B$10,TaxLevel_PerFlag!$D:$D,$C11) -> 0.39098099 | G11: =_xlfn.MAXIFS(TaxLevel_PerFlag!$Q:$Q,TaxLevel_PerFlag!$A:$A,G$3,TaxLevel_PerFlag!$B:$B,$B$10,TaxLevel_PerFlag!$D:$D,$C11) -> 0.2971126 | H11: =_xlfn.MAXIFS(TaxLevel_PerFlag!$Q:$Q,TaxLevel_PerFlag!$A:$A,H$3,TaxLevel_PerFlag!$B:$B,$B$10,TaxLevel_PerFlag!$D:$D,$C11) -> 0.31271477 | I11: =_xlfn.MAXIFS(TaxLevel_PerFlag!$Q:$Q,TaxLevel_PerFlag!$A:$A,I$3,TaxLevel_PerFlag!$B:$B,$B$10,TaxLevel_PerFlag!$D:$D,$C11) -> 0.28811511 | J11: =_xlfn.MAXIFS(TaxLevel_PerFlag!$Q:$Q,TaxLevel_PerFlag!$A:$A,J$3,TaxLevel_PerFlag!$B:$B,$B$10,TaxLevel_PerFlag!$D:$D,$C11) -> 0.29764348 | K11: =_xlfn.MAXIFS(TaxLevel_PerFlag!$H:$H,TaxLevel_PerFlag!$A:$A,K$3,TaxLevel_PerFlag!$B:$B,$B$10,TaxLevel_PerFlag!$D:$D,$C11) -> 0.52102532 | L11: =_xlfn.MAXIFS(TaxLevel_PerFlag!$H:$H,TaxLevel_PerFlag!$A:$A,L$3,TaxLevel_PerFlag!$B:$B,$B$10,TaxLevel_PerFlag!$D:$D,$C11) -> 0.36604017 | M11: =_xlfn.MAXIFS(TaxLevel_PerFlag!$H:$H,TaxLevel_PerFlag!$A:$A,M$3,TaxLevel_PerFlag!$B:$B,$B$10,TaxLevel_PerFlag!$D:$D,$C11) -> 0.37704282 | N11: =_xlfn.MAXIFS(TaxLevel_PerFlag!$H:$H,TaxLevel_PerFlag!$A:$A,N$3,TaxLevel_PerFlag!$B:$B,$B$10,TaxLevel_PerFlag!$D:$D,$C11) -> 0.41313067 | O11: =_xlfn.MAXIFS(TaxLevel_PerFlag!$H:$H,TaxLevel_PerFlag!$A:$A,O$3,TaxLevel_PerFlag!$B:$B,$B$10,TaxLevel_PerFlag!$D:$D,$C11) -> 0.35625692 | P11: =_xlfn.MAXIFS(TaxLevel_PerFlag!$T:$T,TaxLevel_PerFlag!$A:$A,P$3,TaxLevel_PerFlag!$B:$B,$B$10,TaxLevel_PerFlag!$D:$D,$C11) -> 0.45972538 | Q11: =_xlfn.MAXIFS(TaxLevel_PerFlag!$T:$T,TaxLevel_PerFlag!$A:$A,Q$3,TaxLevel_PerFlag!$B:$B,$B$10,TaxLevel_PerFlag!$D:$D,$C11) -> 0.52889 | R11: =_xlfn.MAXIFS(TaxLevel_PerFlag!$T:$T,TaxLevel_PerFlag!$A:$A,R$3,TaxLevel_PerFlag!$B:$B,$B$10,TaxLevel_PerFlag!$D:$D,$C11) -> 0.50575728 | S11: =_xlfn.MAXIFS(TaxLevel_PerFlag!$T:$T,TaxLevel_PerFlag!$A:$A,S$3,TaxLevel_PerFlag!$B:$B,$B$10,TaxLevel_PerFlag!$D:$D,$C11) -> 0.52202302 | T11: =_xlfn.MAXIFS(TaxLevel_PerFlag!$T:$T,TaxLevel_PerFlag!$A:$A,T$3,TaxLevel_PerFlag!$B:$B,$B$10,TaxLevel_PerFlag!$D:$D,$C11) -> 0.54487282 | AA11: acid_base_balance | AB11: 4 | AC11: 0.028985507 | AD11: =SUMIFS(TaxLevel_PerFlag!$Q:$Q,TaxLevel_PerFlag!$A:$A,AD$3,TaxLevel_PerFlag!$B:$B,$Z$10,TaxLevel_PerFlag!$C:$C,"XGBoost",TaxLevel_PerFlag!$D:$D,$AA11) -> 0.39098099 | AE11: =SUMIFS(TaxLevel_PerFlag!$Q:$Q,TaxLevel_PerFlag!$A:$A,AE$3,TaxLevel_PerFlag!$B:$B,$Z$10,TaxLevel_PerFlag!$C:$C,"XGBoost",TaxLevel_PerFlag!$D:$D,$AA11) -> 0.2394256 | AF11: =SUMIFS(TaxLevel_PerFlag!$Q:$Q,TaxLevel_PerFlag!$A:$A,AF$3,TaxLevel_PerFlag!$B:$B,$Z$10,TaxLevel_PerFlag!$C:$C,"XGBoost",TaxLevel_PerFlag!$D:$D,$AA11) -> 0.31271477 | AG11: =SUMIFS(TaxLevel_PerFlag!$Q:$Q,TaxLevel_PerFlag!$A:$A,AG$3,TaxLevel_PerFlag!$B:$B,$Z$10,TaxLevel_PerFlag!$C:$C,"XGBoost",TaxLevel_PerFlag!$D:$D,$AA11) -> 0.26595297 | AH11: =SUMIFS(TaxLevel_PerFlag!$Q:$Q,TaxLevel_PerFlag!$A:$A,AH$3,TaxLevel_PerFlag!$B:$B,$Z$10,TaxLevel_PerFlag!$C:$C,"XGBoost",TaxLevel_PerFlag!$D:$D,$AA11) -> 0.22924259 | AI11: =SUMIFS(TaxLevel_PerFlag!$H:$H,TaxLevel_PerFlag!$A:$A,AI$3,TaxLevel_PerFlag!$B:$B,$Z$10,TaxLevel_PerFlag!$C:$C,"XGBoost",TaxLevel_PerFlag!$D:$D,$AA11) -> 0.52102532 | AJ11: =SUMIFS(TaxLevel_PerFlag!$H:$H,TaxLevel_PerFlag!$A:$A,AJ$3,TaxLevel_PerFlag!$B:$B,$Z$10,TaxLevel_PerFlag!$C:$C,"XGBoost",TaxLevel_PerFlag!$D:$D,$AA11) -> 0.36604017 | AK11: =SUMIFS(TaxLevel_PerFlag!$H:$H,TaxLevel_PerFlag!$A:$A,AK$3,TaxLevel_PerFlag!$B:$B,$Z$10,TaxLevel_PerFlag!$C:$C,"XGBoost",TaxLevel_PerFlag!$D:$D,$AA11) -> 0.32250783 | AL11: =SUMIFS(TaxLevel_PerFlag!$H:$H,TaxLevel_PerFlag!$A:$A,AL$3,TaxLevel_PerFlag!$B:$B,$Z$10,TaxLevel_PerFlag!$C:$C,"XGBoost",TaxLevel_PerFlag!$D:$D,$AA11) -> 0.37938306 | AM11: =SUMIFS(TaxLevel_PerFlag!$H:$H,TaxLevel_PerFlag!$A:$A,AM$3,TaxLevel_PerFlag!$B:$B,$Z$10,TaxLevel_PerFlag!$C:$C,"XGBoost",TaxLevel_PerFlag!$D:$D,$AA11) -> 0.33458035 | AN11: =SUMIFS(TaxLevel_PerFlag!$T:$T,TaxLevel_PerFlag!$A:$A,AN$3,TaxLevel_PerFlag!$B:$B,$Z$10,TaxLevel_PerFlag!$C:$C,"XGBoost",TaxLevel_PerFlag!$D:$D,$AA11) -> 0.45630622 | AO11: =SUMIFS(TaxLevel_PerFlag!$T:$T,TaxLevel_PerFlag!$A:$A,AO$3,TaxLevel_PerFlag!$B:$B,$Z$10,TaxLevel_PerFlag!$C:$C,"XGBoost",TaxLevel_PerFlag!$D:$D,$AA11) -> 0.45536352 | AP11: =SUMIFS(TaxLevel_PerFlag!$T:$T,TaxLevel_PerFlag!$A:$A,AP$3,TaxLevel_PerFlag!$B:$B,$Z$10,TaxLevel_PerFlag!$C:$C,"XGBoost",TaxLevel_PerFlag!$D:$D,$AA11) -> 0.47570618 | AQ11: =SUMIFS(TaxLevel_PerFlag!$T:$T,TaxLevel_PerFlag!$A:$A,AQ$3,TaxLevel_PerFlag!$B:$B,$Z$10,TaxLevel_PerFlag!$C:$C,"XGBoost",TaxLevel_PerFlag!$D:$D,$AA11) -> 0.42925616 | AR11: =SUMIFS(TaxLevel_PerFlag!$T:$T,TaxLevel_PerFlag!$A:$A,AR$3,TaxLevel_PerFlag!$B:$B,$Z$10,TaxLevel_PerFlag!$C:$C,"XGBoost",TaxLevel_PerFlag!$D:$D,$AA11) -> 0.37210216
C12: acid_accumulation | D12: 20 | E12: 0.14492754 | F12: =_xlfn.MAXIFS(TaxLevel_PerFlag!$Q:$Q,TaxLevel_PerFlag!$A:$A,F$3,TaxLevel_PerFlag!$B:$B,$B$10,TaxLevel_PerFlag!$D:$D,$C12) -> 0.19242043 | G12: =_xlfn.MAXIFS(TaxLevel_PerFlag!$Q:$Q,TaxLevel_PerFlag!$A:$A,G$3,TaxLevel_PerFlag!$B:$B,$B$10,TaxLevel_PerFlag!$D:$D,$C12) -> 0.16146929 | H12: =_xlfn.MAXIFS(TaxLevel_PerFlag!$Q:$Q,TaxLevel_PerFlag!$A:$A,H$3,TaxLevel_PerFlag!$B:$B,$B$10,TaxLevel_PerFlag!$D:$D,$C12) -> 0.56878149 | I12: =_xlfn.MAXIFS(TaxLevel_PerFlag!$Q:$Q,TaxLevel_PerFlag!$A:$A,I$3,TaxLevel_PerFlag!$B:$B,$B$10,TaxLevel_PerFlag!$D:$D,$C12) -> 0.18864023 | J12: =_xlfn.MAXIFS(TaxLevel_PerFlag!$Q:$Q,TaxLevel_PerFlag!$A:$A,J$3,TaxLevel_PerFlag!$B:$B,$B$10,TaxLevel_PerFlag!$D:$D,$C12) -> 0.23061453 | K12: =_xlfn.MAXIFS(TaxLevel_PerFlag!$H:$H,TaxLevel_PerFlag!$A:$A,K$3,TaxLevel_PerFlag!$B:$B,$B$10,TaxLevel_PerFlag!$D:$D,$C12) -> 0.26896825 | L12: =_xlfn.MAXIFS(TaxLevel_PerFlag!$H:$H,TaxLevel_PerFlag!$A:$A,L$3,TaxLevel_PerFlag!$B:$B,$B$10,TaxLevel_PerFlag!$D:$D,$C12) -> 0.22260586 | M12: =_xlfn.MAXIFS(TaxLevel_PerFlag!$H:$H,TaxLevel_PerFlag!$A:$A,M$3,TaxLevel_PerFlag!$B:$B,$B$10,TaxLevel_PerFlag!$D:$D,$C12) -> 0.47601162 | N12: =_xlfn.MAXIFS(TaxLevel_PerFlag!$H:$H,TaxLevel_PerFlag!$A:$A,N$3,TaxLevel_PerFlag!$B:$B,$B$10,TaxLevel_PerFlag!$D:$D,$C12) -> 0.3250534 | O12: =_xlfn.MAXIFS(TaxLevel_PerFlag!$H:$H,TaxLevel_PerFlag!$A:$A,O$3,TaxLevel_PerFlag!$B:$B,$B$10,TaxLevel_PerFlag!$D:$D,$C12) -> 0.31477276 | P12: =_xlfn.MAXIFS(TaxLevel_PerFlag!$T:$T,TaxLevel_PerFlag!$A:$A,P$3,TaxLevel_PerFlag!$B:$B,$B$10,TaxLevel_PerFlag!$D:$D,$C12) -> 0.28596219 | Q12: =_xlfn.MAXIFS(TaxLevel_PerFlag!$T:$T,TaxLevel_PerFlag!$A:$A,Q$3,TaxLevel_PerFlag!$B:$B,$B$10,TaxLevel_PerFlag!$D:$D,$C12) -> 0.25680584 | R12: =_xlfn.MAXIFS(TaxLevel_PerFlag!$T:$T,TaxLevel_PerFlag!$A:$A,R$3,TaxLevel_PerFlag!$B:$B,$B$10,TaxLevel_PerFlag!$D:$D,$C12) -> 0.58909774 | S12: =_xlfn.MAXIFS(TaxLevel_PerFlag!$T:$T,TaxLevel_PerFlag!$A:$A,S$3,TaxLevel_PerFlag!$B:$B,$B$10,TaxLevel_PerFlag!$D:$D,$C12) -> 0.21379119 | T12: =_xlfn.MAXIFS(TaxLevel_PerFlag!$T:$T,TaxLevel_PerFlag!$A:$A,T$3,TaxLevel_PerFlag!$B:$B,$B$10,TaxLevel_PerFlag!$D:$D,$C12) -> 0.24166985 | AA12: acid_accumulation | AB12: 20 | AC12: 0.14492754 | AD12: =SUMIFS(TaxLevel_PerFlag!$Q:$Q,TaxLevel_PerFlag!$A:$A,AD$3,TaxLevel_PerFlag!$B:$B,$Z$10,TaxLevel_PerFlag!$C:$C,"XGBoost",TaxLevel_PerFlag!$D:$D,$AA12) -> 0.10345807 | AE12: =SUMIFS(TaxLevel_PerFlag!$Q:$Q,TaxLevel_PerFlag!$A:$A,AE$3,TaxLevel_PerFlag!$B:$B,$Z$10,TaxLevel_PerFlag!$C:$C,"XGBoost",TaxLevel_PerFlag!$D:$D,$AA12) -> 0.16146929 | AF12: =SUMIFS(TaxLevel_PerFlag!$Q:$Q,TaxLevel_PerFlag!$A:$A,AF$3,TaxLevel_PerFlag!$B:$B,$Z$10,TaxLevel_PerFlag!$C:$C,"XGBoost",TaxLevel_PerFlag!$D:$D,$AA12) -> 0.56878149 | AG12: =SUMIFS(TaxLevel_PerFlag!$Q:$Q,TaxLevel_PerFlag!$A:$A,AG$3,TaxLevel_PerFlag!$B:$B,$Z$10,TaxLevel_PerFlag!$C:$C,"XGBoost",TaxLevel_PerFlag!$D:$D,$AA12) -> 0.045013009 | AH12: =SUMIFS(TaxLevel_PerFlag!$Q:$Q,TaxLevel_PerFlag!$A:$A,AH$3,TaxLevel_PerFlag!$B:$B,$Z$10,TaxLevel_PerFlag!$C:$C,"XGBoost",TaxLevel_PerFlag!$D:$D,$AA12) -> 0.095352691 | AI12: =SUMIFS(TaxLevel_PerFlag!$H:$H,TaxLevel_PerFlag!$A:$A,AI$3,TaxLevel_PerFlag!$B:$B,$Z$10,TaxLevel_PerFlag!$C:$C,"XGBoost",TaxLevel_PerFlag!$D:$D,$AA12) -> 0.11100671 | AJ12: =SUMIFS(TaxLevel_PerFlag!$H:$H,TaxLevel_PerFlag!$A:$A,AJ$3,TaxLevel_PerFlag!$B:$B,$Z$10,TaxLevel_PerFlag!$C:$C,"XGBoost",TaxLevel_PerFlag!$D:$D,$AA12) -> 0.12507044 | AK12: =SUMIFS(TaxLevel_PerFlag!$H:$H,TaxLevel_PerFlag!$A:$A,AK$3,TaxLevel_PerFlag!$B:$B,$Z$10,TaxLevel_PerFlag!$C:$C,"XGBoost",TaxLevel_PerFlag!$D:$D,$AA12) -> 0.47601162 | AL12: =SUMIFS(TaxLevel_PerFlag!$H:$H,TaxLevel_PerFlag!$A:$A,AL$3,TaxLevel_PerFlag!$B:$B,$Z$10,TaxLevel_PerFlag!$C:$C,"XGBoost",TaxLevel_PerFlag!$D:$D,$AA12) -> 0.10434477 | AM12: =SUMIFS(TaxLevel_PerFlag!$H:$H,TaxLevel_PerFlag!$A:$A,AM$3,TaxLevel_PerFlag!$B:$B,$Z$10,TaxLevel_PerFlag!$C:$C,"XGBoost",TaxLevel_PerFlag!$D:$D,$AA12) -> 0.10765794 | AN12: =SUMIFS(TaxLevel_PerFlag!$T:$T,TaxLevel_PerFlag!$A:$A,AN$3,TaxLevel_PerFlag!$B:$B,$Z$10,TaxLevel_PerFlag!$C:$C,"XGBoost",TaxLevel_PerFlag!$D:$D,$AA12) -> 0.15342556 | AO12: =SUMIFS(TaxLevel_PerFlag!$T:$T,TaxLevel_PerFlag!$A:$A,AO$3,TaxLevel_PerFlag!$B:$B,$Z$10,TaxLevel_PerFlag!$C:$C,"XGBoost",TaxLevel_PerFlag!$D:$D,$AA12) -> 0.2439443 | AP12: =SUMIFS(TaxLevel_PerFlag!$T:$T,TaxLevel_PerFlag!$A:$A,AP$3,TaxLevel_PerFlag!$B:$B,$Z$10,TaxLevel_PerFlag!$C:$C,"XGBoost",TaxLevel_PerFlag!$D:$D,$AA12) -> 0.58909774 | AQ12: =SUMIFS(TaxLevel_PerFlag!$T:$T,TaxLevel_PerFlag!$A:$A,AQ$3,TaxLevel_PerFlag!$B:$B,$Z$10,TaxLevel_PerFlag!$C:$C,"XGBoost",TaxLevel_PerFlag!$D:$D,$AA12) -> 0.14791825 | AR12: =SUMIFS(TaxLevel_PerFlag!$T:$T,TaxLevel_PerFlag!$A:$A,AR$3,TaxLevel_PerFlag!$B:$B,$Z$10,TaxLevel_PerFlag!$C:$C,"XGBoost",TaxLevel_PerFlag!$D:$D,$AA12) -> 0.17774929
C13: ammonia_toxicity | D13: 26 | E13: 0.1884058 | F13: =_xlfn.MAXIFS(TaxLevel_PerFlag!$Q:$Q,TaxLevel_PerFlag!$A:$A,F$3,TaxLevel_PerFlag!$B:$B,$B$10,TaxLevel_PerFlag!$D:$D,$C13) -> 0.6496494 | G13: =_xlfn.MAXIFS(TaxLevel_PerFlag!$Q:$Q,TaxLevel_PerFlag!$A:$A,G$3,TaxLevel_PerFlag!$B:$B,$B$10,TaxLevel_PerFlag!$D:$D,$C13) -> 0.69051723 | H13: =_xlfn.MAXIFS(TaxLevel_PerFlag!$Q:$Q,TaxLevel_PerFlag!$A:$A,H$3,TaxLevel_PerFlag!$B:$B,$B$10,TaxLevel_PerFlag!$D:$D,$C13) -> 0.6765276 | I13: =_xlfn.MAXIFS(TaxLevel_PerFlag!$Q:$Q,TaxLevel_PerFlag!$A:$A,I$3,TaxLevel_PerFlag!$B:$B,$B$10,TaxLevel_PerFlag!$D:$D,$C13) -> 0.68344736 | J13: =_xlfn.MAXIFS(TaxLevel_PerFlag!$Q:$Q,TaxLevel_PerFlag!$A:$A,J$3,TaxLevel_PerFlag!$B:$B,$B$10,TaxLevel_PerFlag!$D:$D,$C13) -> 0.63886488 | K13: =_xlfn.MAXIFS(TaxLevel_PerFlag!$H:$H,TaxLevel_PerFlag!$A:$A,K$3,TaxLevel_PerFlag!$B:$B,$B$10,TaxLevel_PerFlag!$D:$D,$C13) -> 0.62860735 | L13: =_xlfn.MAXIFS(TaxLevel_PerFlag!$H:$H,TaxLevel_PerFlag!$A:$A,L$3,TaxLevel_PerFlag!$B:$B,$B$10,TaxLevel_PerFlag!$D:$D,$C13) -> 0.7167336 | M13: =_xlfn.MAXIFS(TaxLevel_PerFlag!$H:$H,TaxLevel_PerFlag!$A:$A,M$3,TaxLevel_PerFlag!$B:$B,$B$10,TaxLevel_PerFlag!$D:$D,$C13) -> 0.68593956 | N13: =_xlfn.MAXIFS(TaxLevel_PerFlag!$H:$H,TaxLevel_PerFlag!$A:$A,N$3,TaxLevel_PerFlag!$B:$B,$B$10,TaxLevel_PerFlag!$D:$D,$C13) -> 0.6402158 | O13: =_xlfn.MAXIFS(TaxLevel_PerFlag!$H:$H,TaxLevel_PerFlag!$A:$A,O$3,TaxLevel_PerFlag!$B:$B,$B$10,TaxLevel_PerFlag!$D:$D,$C13) -> 0.60239952 | P13: =_xlfn.MAXIFS(TaxLevel_PerFlag!$T:$T,TaxLevel_PerFlag!$A:$A,P$3,TaxLevel_PerFlag!$B:$B,$B$10,TaxLevel_PerFlag!$D:$D,$C13) -> 0.82776918 | Q13: =_xlfn.MAXIFS(TaxLevel_PerFlag!$T:$T,TaxLevel_PerFlag!$A:$A,Q$3,TaxLevel_PerFlag!$B:$B,$B$10,TaxLevel_PerFlag!$D:$D,$C13) -> 0.84706074 | R13: =_xlfn.MAXIFS(TaxLevel_PerFlag!$T:$T,TaxLevel_PerFlag!$A:$A,R$3,TaxLevel_PerFlag!$B:$B,$B$10,TaxLevel_PerFlag!$D:$D,$C13) -> 0.84546763 | S13: =_xlfn.MAXIFS(TaxLevel_PerFlag!$T:$T,TaxLevel_PerFlag!$A:$A,S$3,TaxLevel_PerFlag!$B:$B,$B$10,TaxLevel_PerFlag!$D:$D,$C13) -> 0.85269483 | T13: =_xlfn.MAXIFS(TaxLevel_PerFlag!$T:$T,TaxLevel_PerFlag!$A:$A,T$3,TaxLevel_PerFlag!$B:$B,$B$10,TaxLevel_PerFlag!$D:$D,$C13) -> 0.79363919 | AA13: ammonia_toxicity | AB13: 26 | AC13: 0.1884058 | AD13: =SUMIFS(TaxLevel_PerFlag!$Q:$Q,TaxLevel_PerFlag!$A:$A,AD$3,TaxLevel_PerFlag!$B:$B,$Z$10,TaxLevel_PerFlag!$C:$C,"XGBoost",TaxLevel_PerFlag!$D:$D,$AA13) -> 0.59016947 | AE13: =SUMIFS(TaxLevel_PerFlag!$Q:$Q,TaxLevel_PerFlag!$A:$A,AE$3,TaxLevel_PerFlag!$B:$B,$Z$10,TaxLevel_PerFlag!$C:$C,"XGBoost",TaxLevel_PerFlag!$D:$D,$AA13) -> 0.54226443 | AF13: =SUMIFS(TaxLevel_PerFlag!$Q:$Q,TaxLevel_PerFlag!$A:$A,AF$3,TaxLevel_PerFlag!$B:$B,$Z$10,TaxLevel_PerFlag!$C:$C,"XGBoost",TaxLevel_PerFlag!$D:$D,$AA13) -> 0.58680827 | AG13: =SUMIFS(TaxLevel_PerFlag!$Q:$Q,TaxLevel_PerFlag!$A:$A,AG$3,TaxLevel_PerFlag!$B:$B,$Z$10,TaxLevel_PerFlag!$C:$C,"XGBoost",TaxLevel_PerFlag!$D:$D,$AA13) -> 0.61549812 | AH13: =SUMIFS(TaxLevel_PerFlag!$Q:$Q,TaxLevel_PerFlag!$A:$A,AH$3,TaxLevel_PerFlag!$B:$B,$Z$10,TaxLevel_PerFlag!$C:$C,"XGBoost",TaxLevel_PerFlag!$D:$D,$AA13) -> 0.59582099 | AI13: =SUMIFS(TaxLevel_PerFlag!$H:$H,TaxLevel_PerFlag!$A:$A,AI$3,TaxLevel_PerFlag!$B:$B,$Z$10,TaxLevel_PerFlag!$C:$C,"XGBoost",TaxLevel_PerFlag!$D:$D,$AA13) -> 0.62860735 | AJ13: =SUMIFS(TaxLevel_PerFlag!$H:$H,TaxLevel_PerFlag!$A:$A,AJ$3,TaxLevel_PerFlag!$B:$B,$Z$10,TaxLevel_PerFlag!$C:$C,"XGBoost",TaxLevel_PerFlag!$D:$D,$AA13) -> 0.7167336 | AK13: =SUMIFS(TaxLevel_PerFlag!$H:$H,TaxLevel_PerFlag!$A:$A,AK$3,TaxLevel_PerFlag!$B:$B,$Z$10,TaxLevel_PerFlag!$C:$C,"XGBoost",TaxLevel_PerFlag!$D:$D,$AA13) -> 0.6408588 | AL13: =SUMIFS(TaxLevel_PerFlag!$H:$H,TaxLevel_PerFlag!$A:$A,AL$3,TaxLevel_PerFlag!$B:$B,$Z$10,TaxLevel_PerFlag!$C:$C,"XGBoost",TaxLevel_PerFlag!$D:$D,$AA13) -> 0.6402158 | AM13: =SUMIFS(TaxLevel_PerFlag!$H:$H,TaxLevel_PerFlag!$A:$A,AM$3,TaxLevel_PerFlag!$B:$B,$Z$10,TaxLevel_PerFlag!$C:$C,"XGBoost",TaxLevel_PerFlag!$D:$D,$AA13) -> 0.57203215 | AN13: =SUMIFS(TaxLevel_PerFlag!$T:$T,TaxLevel_PerFlag!$A:$A,AN$3,TaxLevel_PerFlag!$B:$B,$Z$10,TaxLevel_PerFlag!$C:$C,"XGBoost",TaxLevel_PerFlag!$D:$D,$AA13) -> 0.79379911 | AO13: =SUMIFS(TaxLevel_PerFlag!$T:$T,TaxLevel_PerFlag!$A:$A,AO$3,TaxLevel_PerFlag!$B:$B,$Z$10,TaxLevel_PerFlag!$C:$C,"XGBoost",TaxLevel_PerFlag!$D:$D,$AA13) -> 0.69603432 | AP13: =SUMIFS(TaxLevel_PerFlag!$T:$T,TaxLevel_PerFlag!$A:$A,AP$3,TaxLevel_PerFlag!$B:$B,$Z$10,TaxLevel_PerFlag!$C:$C,"XGBoost",TaxLevel_PerFlag!$D:$D,$AA13) -> 0.76749946 | AQ13: =SUMIFS(TaxLevel_PerFlag!$T:$T,TaxLevel_PerFlag!$A:$A,AQ$3,TaxLevel_PerFlag!$B:$B,$Z$10,TaxLevel_PerFlag!$C:$C,"XGBoost",TaxLevel_PerFlag!$D:$D,$AA13) -> 0.81693981 | AR13: =SUMIFS(TaxLevel_PerFlag!$T:$T,TaxLevel_PerFlag!$A:$A,AR$3,TaxLevel_PerFlag!$B:$B,$Z$10,TaxLevel_PerFlag!$C:$C,"XGBoost",TaxLevel_PerFlag!$D:$D,$AA13) -> 0.77290626
C14: biogas_quality | D14: 7 | E14: 0.050724638 | F14: =_xlfn.MAXIFS(TaxLevel_PerFlag!$Q:$Q,TaxLevel_PerFlag!$A:$A,F$3,TaxLevel_PerFlag!$B:$B,$B$10,TaxLevel_PerFlag!$D:$D,$C14) -> 0.064920691 | G14: =_xlfn.MAXIFS(TaxLevel_PerFlag!$Q:$Q,TaxLevel_PerFlag!$A:$A,G$3,TaxLevel_PerFlag!$B:$B,$B$10,TaxLevel_PerFlag!$D:$D,$C14) -> 0.19159217 | H14: =_xlfn.MAXIFS(TaxLevel_PerFlag!$Q:$Q,TaxLevel_PerFlag!$A:$A,H$3,TaxLevel_PerFlag!$B:$B,$B$10,TaxLevel_PerFlag!$D:$D,$C14) -> 0.25214974 | I14: =_xlfn.MAXIFS(TaxLevel_PerFlag!$Q:$Q,TaxLevel_PerFlag!$A:$A,I$3,TaxLevel_PerFlag!$B:$B,$B$10,TaxLevel_PerFlag!$D:$D,$C14) -> 0.31749024 | J14: =_xlfn.MAXIFS(TaxLevel_PerFlag!$Q:$Q,TaxLevel_PerFlag!$A:$A,J$3,TaxLevel_PerFlag!$B:$B,$B$10,TaxLevel_PerFlag!$D:$D,$C14) -> 0.39139016 | K14: =_xlfn.MAXIFS(TaxLevel_PerFlag!$H:$H,TaxLevel_PerFlag!$A:$A,K$3,TaxLevel_PerFlag!$B:$B,$B$10,TaxLevel_PerFlag!$D:$D,$C14) -> 0.10649359 | L14: =_xlfn.MAXIFS(TaxLevel_PerFlag!$H:$H,TaxLevel_PerFlag!$A:$A,L$3,TaxLevel_PerFlag!$B:$B,$B$10,TaxLevel_PerFlag!$D:$D,$C14) -> 0.27851699 | M14: =_xlfn.MAXIFS(TaxLevel_PerFlag!$H:$H,TaxLevel_PerFlag!$A:$A,M$3,TaxLevel_PerFlag!$B:$B,$B$10,TaxLevel_PerFlag!$D:$D,$C14) -> 0.30891156 | N14: =_xlfn.MAXIFS(TaxLevel_PerFlag!$H:$H,TaxLevel_PerFlag!$A:$A,N$3,TaxLevel_PerFlag!$B:$B,$B$10,TaxLevel_PerFlag!$D:$D,$C14) -> 0.32108844 | O14: =_xlfn.MAXIFS(TaxLevel_PerFlag!$H:$H,TaxLevel_PerFlag!$A:$A,O$3,TaxLevel_PerFlag!$B:$B,$B$10,TaxLevel_PerFlag!$D:$D,$C14) -> 0.35482956 | P14: =_xlfn.MAXIFS(TaxLevel_PerFlag!$T:$T,TaxLevel_PerFlag!$A:$A,P$3,TaxLevel_PerFlag!$B:$B,$B$10,TaxLevel_PerFlag!$D:$D,$C14) -> 0.20833333 | Q14: =_xlfn.MAXIFS(TaxLevel_PerFlag!$T:$T,TaxLevel_PerFlag!$A:$A,Q$3,TaxLevel_PerFlag!$B:$B,$B$10,TaxLevel_PerFlag!$D:$D,$C14) -> 0.30514535 | R14: =_xlfn.MAXIFS(TaxLevel_PerFlag!$T:$T,TaxLevel_PerFlag!$A:$A,R$3,TaxLevel_PerFlag!$B:$B,$B$10,TaxLevel_PerFlag!$D:$D,$C14) -> 0.340885 | S14: =_xlfn.MAXIFS(TaxLevel_PerFlag!$T:$T,TaxLevel_PerFlag!$A:$A,S$3,TaxLevel_PerFlag!$B:$B,$B$10,TaxLevel_PerFlag!$D:$D,$C14) -> 0.38194946 | T14: =_xlfn.MAXIFS(TaxLevel_PerFlag!$T:$T,TaxLevel_PerFlag!$A:$A,T$3,TaxLevel_PerFlag!$B:$B,$B$10,TaxLevel_PerFlag!$D:$D,$C14) -> 0.47449803 | AA14: biogas_quality | AB14: 7 | AC14: 0.050724638 | AD14: =SUMIFS(TaxLevel_PerFlag!$Q:$Q,TaxLevel_PerFlag!$A:$A,AD$3,TaxLevel_PerFlag!$B:$B,$Z$10,TaxLevel_PerFlag!$C:$C,"XGBoost",TaxLevel_PerFlag!$D:$D,$AA14) -> 0.033888659 | AE14: =SUMIFS(TaxLevel_PerFlag!$Q:$Q,TaxLevel_PerFlag!$A:$A,AE$3,TaxLevel_PerFlag!$B:$B,$Z$10,TaxLevel_PerFlag!$C:$C,"XGBoost",TaxLevel_PerFlag!$D:$D,$AA14) -> 0.19159217 | AF14: =SUMIFS(TaxLevel_PerFlag!$Q:$Q,TaxLevel_PerFlag!$A:$A,AF$3,TaxLevel_PerFlag!$B:$B,$Z$10,TaxLevel_PerFlag!$C:$C,"XGBoost",TaxLevel_PerFlag!$D:$D,$AA14) -> 0.10128758 | AG14: =SUMIFS(TaxLevel_PerFlag!$Q:$Q,TaxLevel_PerFlag!$A:$A,AG$3,TaxLevel_PerFlag!$B:$B,$Z$10,TaxLevel_PerFlag!$C:$C,"XGBoost",TaxLevel_PerFlag!$D:$D,$AA14) -> 0.10899697 | AH14: =SUMIFS(TaxLevel_PerFlag!$Q:$Q,TaxLevel_PerFlag!$A:$A,AH$3,TaxLevel_PerFlag!$B:$B,$Z$10,TaxLevel_PerFlag!$C:$C,"XGBoost",TaxLevel_PerFlag!$D:$D,$AA14) -> 0.075373519 | AI14: =SUMIFS(TaxLevel_PerFlag!$H:$H,TaxLevel_PerFlag!$A:$A,AI$3,TaxLevel_PerFlag!$B:$B,$Z$10,TaxLevel_PerFlag!$C:$C,"XGBoost",TaxLevel_PerFlag!$D:$D,$AA14) -> 0.062512513 | AJ14: =SUMIFS(TaxLevel_PerFlag!$H:$H,TaxLevel_PerFlag!$A:$A,AJ$3,TaxLevel_PerFlag!$B:$B,$Z$10,TaxLevel_PerFlag!$C:$C,"XGBoost",TaxLevel_PerFlag!$D:$D,$AA14) -> 0.20184714 | AK14: =SUMIFS(TaxLevel_PerFlag!$H:$H,TaxLevel_PerFlag!$A:$A,AK$3,TaxLevel_PerFlag!$B:$B,$Z$10,TaxLevel_PerFlag!$C:$C,"XGBoost",TaxLevel_PerFlag!$D:$D,$AA14) -> 0.12090753 | AL14: =SUMIFS(TaxLevel_PerFlag!$H:$H,TaxLevel_PerFlag!$A:$A,AL$3,TaxLevel_PerFlag!$B:$B,$Z$10,TaxLevel_PerFlag!$C:$C,"XGBoost",TaxLevel_PerFlag!$D:$D,$AA14) -> 0.166902 | AM14: =SUMIFS(TaxLevel_PerFlag!$H:$H,TaxLevel_PerFlag!$A:$A,AM$3,TaxLevel_PerFlag!$B:$B,$Z$10,TaxLevel_PerFlag!$C:$C,"XGBoost",TaxLevel_PerFlag!$D:$D,$AA14) -> 0.11772906 | AN14: =SUMIFS(TaxLevel_PerFlag!$T:$T,TaxLevel_PerFlag!$A:$A,AN$3,TaxLevel_PerFlag!$B:$B,$Z$10,TaxLevel_PerFlag!$C:$C,"XGBoost",TaxLevel_PerFlag!$D:$D,$AA14) -> 0.2039629 | AO14: =SUMIFS(TaxLevel_PerFlag!$T:$T,TaxLevel_PerFlag!$A:$A,AO$3,TaxLevel_PerFlag!$B:$B,$Z$10,TaxLevel_PerFlag!$C:$C,"XGBoost",TaxLevel_PerFlag!$D:$D,$AA14) -> 0.30514535 | AP14: =SUMIFS(TaxLevel_PerFlag!$T:$T,TaxLevel_PerFlag!$A:$A,AP$3,TaxLevel_PerFlag!$B:$B,$Z$10,TaxLevel_PerFlag!$C:$C,"XGBoost",TaxLevel_PerFlag!$D:$D,$AA14) -> 0.23614021 | AQ14: =SUMIFS(TaxLevel_PerFlag!$T:$T,TaxLevel_PerFlag!$A:$A,AQ$3,TaxLevel_PerFlag!$B:$B,$Z$10,TaxLevel_PerFlag!$C:$C,"XGBoost",TaxLevel_PerFlag!$D:$D,$AA14) -> 0.18576408 | AR14: =SUMIFS(TaxLevel_PerFlag!$T:$T,TaxLevel_PerFlag!$A:$A,AR$3,TaxLevel_PerFlag!$B:$B,$Z$10,TaxLevel_PerFlag!$C:$C,"XGBoost",TaxLevel_PerFlag!$D:$D,$AA14) -> 0.23579278
C15: Macro-avg | F15: =AVERAGE(F10:F14) -> 0.27467521 | G15: =AVERAGE(G10:G14) -> 0.29753562 | H15: =AVERAGE(H10:H14) -> 0.41174185 | I15: =AVERAGE(I10:I14) -> 0.33710956 | J15: =AVERAGE(J10:J14) -> 0.33962103 | K15: =AVERAGE(K10:K14) -> 0.32565561 | L15: =AVERAGE(L10:L14) -> 0.36945306 | M15: =AVERAGE(M10:M14) -> 0.42925398 | ... T15: =AVERAGE(T10:T14) -> 0.46380093 | AA15: Macro-avg | AD15: =AVERAGE(AD10:AD14) -> 0.23878035 | AE15: =AVERAGE(AE10:AE14) -> 0.2552546 | AF15: =AVERAGE(AF10:AF14) -> 0.36362555 | AG15: =AVERAGE(AG10:AG14) -> 0.23326882 | AH15: =AVERAGE(AH10:AH14) -> 0.21771038 | AI15: =AVERAGE(AI10:AI14) -> 0.28526708 | AJ15: =AVERAGE(AJ10:AJ14) -> 0.334612 | AK15: =AVERAGE(AK10:AK14) -> 0.37173002 | ... AR15: =AVERAGE(AR10:AR14) -> 0.35657688
B16: merged | C16: buffer_capacity | D16: 9 | E16: 0.065217391 | F16: =_xlfn.MAXIFS(TaxLevel_PerFlag!$Q:$Q,TaxLevel_PerFlag!$A:$A,F$3,TaxLevel_PerFlag!$B:$B,$B$16,TaxLevel_PerFlag!$D:$D,$C16) -> 0.02219103 | G16: =_xlfn.MAXIFS(TaxLevel_PerFlag!$Q:$Q,TaxLevel_PerFlag!$A:$A,G$3,TaxLevel_PerFlag!$B:$B,$B$16,TaxLevel_PerFlag!$D:$D,$C16) -> 0.16747737 | H16: =_xlfn.MAXIFS(TaxLevel_PerFlag!$Q:$Q,TaxLevel_PerFlag!$A:$A,H$3,TaxLevel_PerFlag!$B:$B,$B$16,TaxLevel_PerFlag!$D:$D,$C16) -> 0.2081668 | I16: =_xlfn.MAXIFS(TaxLevel_PerFlag!$Q:$Q,TaxLevel_PerFlag!$A:$A,I$3,TaxLevel_PerFlag!$B:$B,$B$16,TaxLevel_PerFlag!$D:$D,$C16) -> 0.16938385 | J16: =_xlfn.MAXIFS(TaxLevel_PerFlag!$Q:$Q,TaxLevel_PerFlag!$A:$A,J$3,TaxLevel_PerFlag!$B:$B,$B$16,TaxLevel_PerFlag!$D:$D,$C16) -> 0.16055595 | K16: =_xlfn.MAXIFS(TaxLevel_PerFlag!$H:$H,TaxLevel_PerFlag!$A:$A,K$3,TaxLevel_PerFlag!$B:$B,$B$16,TaxLevel_PerFlag!$D:$D,$C16) -> 0.090168821 | L16: =_xlfn.MAXIFS(TaxLevel_PerFlag!$H:$H,TaxLevel_PerFlag!$A:$A,L$3,TaxLevel_PerFlag!$B:$B,$B$16,TaxLevel_PerFlag!$D:$D,$C16) -> 0.22388642 | M16: =_xlfn.MAXIFS(TaxLevel_PerFlag!$H:$H,TaxLevel_PerFlag!$A:$A,M$3,TaxLevel_PerFlag!$B:$B,$B$16,TaxLevel_PerFlag!$D:$D,$C16) -> 0.28386697 | N16: =_xlfn.MAXIFS(TaxLevel_PerFlag!$H:$H,TaxLevel_PerFlag!$A:$A,N$3,TaxLevel_PerFlag!$B:$B,$B$16,TaxLevel_PerFlag!$D:$D,$C16) -> 0.29031379 | O16: =_xlfn.MAXIFS(TaxLevel_PerFlag!$H:$H,TaxLevel_PerFlag!$A:$A,O$3,TaxLevel_PerFlag!$B:$B,$B$16,TaxLevel_PerFlag!$D:$D,$C16) -> 0.13869465 | P16: =_xlfn.MAXIFS(TaxLevel_PerFlag!$T:$T,TaxLevel_PerFlag!$A:$A,P$3,TaxLevel_PerFlag!$B:$B,$B$16,TaxLevel_PerFlag!$D:$D,$C16) -> 0.24850649 | Q16: =_xlfn.MAXIFS(TaxLevel_PerFlag!$T:$T,TaxLevel_PerFlag!$A:$A,Q$3,TaxLevel_PerFlag!$B:$B,$B$16,TaxLevel_PerFlag!$D:$D,$C16) -> 0.2612902 | R16: =_xlfn.MAXIFS(TaxLevel_PerFlag!$T:$T,TaxLevel_PerFlag!$A:$A,R$3,TaxLevel_PerFlag!$B:$B,$B$16,TaxLevel_PerFlag!$D:$D,$C16) -> 0.30246955 | S16: =_xlfn.MAXIFS(TaxLevel_PerFlag!$T:$T,TaxLevel_PerFlag!$A:$A,S$3,TaxLevel_PerFlag!$B:$B,$B$16,TaxLevel_PerFlag!$D:$D,$C16) -> 0.28910522 | T16: =_xlfn.MAXIFS(TaxLevel_PerFlag!$T:$T,TaxLevel_PerFlag!$A:$A,T$3,TaxLevel_PerFlag!$B:$B,$B$16,TaxLevel_PerFlag!$D:$D,$C16) -> 0.29618276 | Z16: merged | AA16: buffer_capacity | AB16: 9 | AC16: 0.065217391 | AD16: =SUMIFS(TaxLevel_PerFlag!$Q:$Q,TaxLevel_PerFlag!$A:$A,AD$3,TaxLevel_PerFlag!$B:$B,$Z$16,TaxLevel_PerFlag!$C:$C,"XGBoost",TaxLevel_PerFlag!$D:$D,$AA16) -> 0.0071316288 | AE16: =SUMIFS(TaxLevel_PerFlag!$Q:$Q,TaxLevel_PerFlag!$A:$A,AE$3,TaxLevel_PerFlag!$B:$B,$Z$16,TaxLevel_PerFlag!$C:$C,"XGBoost",TaxLevel_PerFlag!$D:$D,$AA16) -> 0.11104297 | AF16: =SUMIFS(TaxLevel_PerFlag!$Q:$Q,TaxLevel_PerFlag!$A:$A,AF$3,TaxLevel_PerFlag!$B:$B,$Z$16,TaxLevel_PerFlag!$C:$C,"XGBoost",TaxLevel_PerFlag!$D:$D,$AA16) -> 0.2081668 | AG16: =SUMIFS(TaxLevel_PerFlag!$Q:$Q,TaxLevel_PerFlag!$A:$A,AG$3,TaxLevel_PerFlag!$B:$B,$Z$16,TaxLevel_PerFlag!$C:$C,"XGBoost",TaxLevel_PerFlag!$D:$D,$AA16) -> 0.16938385 | AH16: =SUMIFS(TaxLevel_PerFlag!$Q:$Q,TaxLevel_PerFlag!$A:$A,AH$3,TaxLevel_PerFlag!$B:$B,$Z$16,TaxLevel_PerFlag!$C:$C,"XGBoost",TaxLevel_PerFlag!$D:$D,$AA16) -> 0.053484994 | AI16: =SUMIFS(TaxLevel_PerFlag!$H:$H,TaxLevel_PerFlag!$A:$A,AI$3,TaxLevel_PerFlag!$B:$B,$Z$16,TaxLevel_PerFlag!$C:$C,"XGBoost",TaxLevel_PerFlag!$D:$D,$AA16) -> 0.08908743 | AJ16: =SUMIFS(TaxLevel_PerFlag!$H:$H,TaxLevel_PerFlag!$A:$A,AJ$3,TaxLevel_PerFlag!$B:$B,$Z$16,TaxLevel_PerFlag!$C:$C,"XGBoost",TaxLevel_PerFlag!$D:$D,$AA16) -> 0.22388642 | AK16: =SUMIFS(TaxLevel_PerFlag!$H:$H,TaxLevel_PerFlag!$A:$A,AK$3,TaxLevel_PerFlag!$B:$B,$Z$16,TaxLevel_PerFlag!$C:$C,"XGBoost",TaxLevel_PerFlag!$D:$D,$AA16) -> 0.28386697 | AL16: =SUMIFS(TaxLevel_PerFlag!$H:$H,TaxLevel_PerFlag!$A:$A,AL$3,TaxLevel_PerFlag!$B:$B,$Z$16,TaxLevel_PerFlag!$C:$C,"XGBoost",TaxLevel_PerFlag!$D:$D,$AA16) -> 0.25533913 | AM16: =SUMIFS(TaxLevel_PerFlag!$H:$H,TaxLevel_PerFlag!$A:$A,AM$3,TaxLevel_PerFlag!$B:$B,$Z$16,TaxLevel_PerFlag!$C:$C,"XGBoost",TaxLevel_PerFlag!$D:$D,$AA16) -> 0.092606123 | AN16: =SUMIFS(TaxLevel_PerFlag!$T:$T,TaxLevel_PerFlag!$A:$A,AN$3,TaxLevel_PerFlag!$B:$B,$Z$16,TaxLevel_PerFlag!$C:$C,"XGBoost",TaxLevel_PerFlag!$D:$D,$AA16) -> 0.16689257 | AO16: =SUMIFS(TaxLevel_PerFlag!$T:$T,TaxLevel_PerFlag!$A:$A,AO$3,TaxLevel_PerFlag!$B:$B,$Z$16,TaxLevel_PerFlag!$C:$C,"XGBoost",TaxLevel_PerFlag!$D:$D,$AA16) -> 0.25697636 | AP16: =SUMIFS(TaxLevel_PerFlag!$T:$T,TaxLevel_PerFlag!$A:$A,AP$3,TaxLevel_PerFlag!$B:$B,$Z$16,TaxLevel_PerFlag!$C:$C,"XGBoost",TaxLevel_PerFlag!$D:$D,$AA16) -> 0.26619362 | AQ16: =SUMIFS(TaxLevel_PerFlag!$T:$T,TaxLevel_PerFlag!$A:$A,AQ$3,TaxLevel_PerFlag!$B:$B,$Z$16,TaxLevel_PerFlag!$C:$C,"XGBoost",TaxLevel_PerFlag!$D:$D,$AA16) -> 0.22242494 | AR16: =SUMIFS(TaxLevel_PerFlag!$T:$T,TaxLevel_PerFlag!$A:$A,AR$3,TaxLevel_PerFlag!$B:$B,$Z$16,TaxLevel_PerFlag!$C:$C,"XGBoost",TaxLevel_PerFlag!$D:$D,$AA16) -> 0.18559751
C17: acid_base_balance | D17: 4 | E17: 0.028985507 | F17: =_xlfn.MAXIFS(TaxLevel_PerFlag!$Q:$Q,TaxLevel_PerFlag!$A:$A,F$3,TaxLevel_PerFlag!$B:$B,$B$16,TaxLevel_PerFlag!$D:$D,$C17) -> 0.37489882 | G17: =_xlfn.MAXIFS(TaxLevel_PerFlag!$Q:$Q,TaxLevel_PerFlag!$A:$A,G$3,TaxLevel_PerFlag!$B:$B,$B$16,TaxLevel_PerFlag!$D:$D,$C17) -> 0.27886556 | H17: =_xlfn.MAXIFS(TaxLevel_PerFlag!$Q:$Q,TaxLevel_PerFlag!$A:$A,H$3,TaxLevel_PerFlag!$B:$B,$B$16,TaxLevel_PerFlag!$D:$D,$C17) -> 0.26534498 | I17: =_xlfn.MAXIFS(TaxLevel_PerFlag!$Q:$Q,TaxLevel_PerFlag!$A:$A,I$3,TaxLevel_PerFlag!$B:$B,$B$16,TaxLevel_PerFlag!$D:$D,$C17) -> 0.26365068 | J17: =_xlfn.MAXIFS(TaxLevel_PerFlag!$Q:$Q,TaxLevel_PerFlag!$A:$A,J$3,TaxLevel_PerFlag!$B:$B,$B$16,TaxLevel_PerFlag!$D:$D,$C17) -> 0.28609019 | K17: =_xlfn.MAXIFS(TaxLevel_PerFlag!$H:$H,TaxLevel_PerFlag!$A:$A,K$3,TaxLevel_PerFlag!$B:$B,$B$16,TaxLevel_PerFlag!$D:$D,$C17) -> 0.44558 | L17: =_xlfn.MAXIFS(TaxLevel_PerFlag!$H:$H,TaxLevel_PerFlag!$A:$A,L$3,TaxLevel_PerFlag!$B:$B,$B$16,TaxLevel_PerFlag!$D:$D,$C17) -> 0.3564652 | M17: =_xlfn.MAXIFS(TaxLevel_PerFlag!$H:$H,TaxLevel_PerFlag!$A:$A,M$3,TaxLevel_PerFlag!$B:$B,$B$16,TaxLevel_PerFlag!$D:$D,$C17) -> 0.35598056 | N17: =_xlfn.MAXIFS(TaxLevel_PerFlag!$H:$H,TaxLevel_PerFlag!$A:$A,N$3,TaxLevel_PerFlag!$B:$B,$B$16,TaxLevel_PerFlag!$D:$D,$C17) -> 0.36612731 | O17: =_xlfn.MAXIFS(TaxLevel_PerFlag!$H:$H,TaxLevel_PerFlag!$A:$A,O$3,TaxLevel_PerFlag!$B:$B,$B$16,TaxLevel_PerFlag!$D:$D,$C17) -> 0.34209611 | P17: =_xlfn.MAXIFS(TaxLevel_PerFlag!$T:$T,TaxLevel_PerFlag!$A:$A,P$3,TaxLevel_PerFlag!$B:$B,$B$16,TaxLevel_PerFlag!$D:$D,$C17) -> 0.51875783 | Q17: =_xlfn.MAXIFS(TaxLevel_PerFlag!$T:$T,TaxLevel_PerFlag!$A:$A,Q$3,TaxLevel_PerFlag!$B:$B,$B$16,TaxLevel_PerFlag!$D:$D,$C17) -> 0.45678136 | R17: =_xlfn.MAXIFS(TaxLevel_PerFlag!$T:$T,TaxLevel_PerFlag!$A:$A,R$3,TaxLevel_PerFlag!$B:$B,$B$16,TaxLevel_PerFlag!$D:$D,$C17) -> 0.48356051 | S17: =_xlfn.MAXIFS(TaxLevel_PerFlag!$T:$T,TaxLevel_PerFlag!$A:$A,S$3,TaxLevel_PerFlag!$B:$B,$B$16,TaxLevel_PerFlag!$D:$D,$C17) -> 0.46451305 | T17: =_xlfn.MAXIFS(TaxLevel_PerFlag!$T:$T,TaxLevel_PerFlag!$A:$A,T$3,TaxLevel_PerFlag!$B:$B,$B$16,TaxLevel_PerFlag!$D:$D,$C17) -> 0.49112346 | AA17: acid_base_balance | AB17: 4 | AC17: 0.028985507 | AD17: =SUMIFS(TaxLevel_PerFlag!$Q:$Q,TaxLevel_PerFlag!$A:$A,AD$3,TaxLevel_PerFlag!$B:$B,$Z$16,TaxLevel_PerFlag!$C:$C,"XGBoost",TaxLevel_PerFlag!$D:$D,$AA17) -> 0.26236632 | AE17: =SUMIFS(TaxLevel_PerFlag!$Q:$Q,TaxLevel_PerFlag!$A:$A,AE$3,TaxLevel_PerFlag!$B:$B,$Z$16,TaxLevel_PerFlag!$C:$C,"XGBoost",TaxLevel_PerFlag!$D:$D,$AA17) -> 0.25499828 | AF17: =SUMIFS(TaxLevel_PerFlag!$Q:$Q,TaxLevel_PerFlag!$A:$A,AF$3,TaxLevel_PerFlag!$B:$B,$Z$16,TaxLevel_PerFlag!$C:$C,"XGBoost",TaxLevel_PerFlag!$D:$D,$AA17) -> 0.26534498 | AG17: =SUMIFS(TaxLevel_PerFlag!$Q:$Q,TaxLevel_PerFlag!$A:$A,AG$3,TaxLevel_PerFlag!$B:$B,$Z$16,TaxLevel_PerFlag!$C:$C,"XGBoost",TaxLevel_PerFlag!$D:$D,$AA17) -> 0.23255197 | AH17: =SUMIFS(TaxLevel_PerFlag!$Q:$Q,TaxLevel_PerFlag!$A:$A,AH$3,TaxLevel_PerFlag!$B:$B,$Z$16,TaxLevel_PerFlag!$C:$C,"XGBoost",TaxLevel_PerFlag!$D:$D,$AA17) -> 0.21673426 | AI17: =SUMIFS(TaxLevel_PerFlag!$H:$H,TaxLevel_PerFlag!$A:$A,AI$3,TaxLevel_PerFlag!$B:$B,$Z$16,TaxLevel_PerFlag!$C:$C,"XGBoost",TaxLevel_PerFlag!$D:$D,$AA17) -> 0.44558 | AJ17: =SUMIFS(TaxLevel_PerFlag!$H:$H,TaxLevel_PerFlag!$A:$A,AJ$3,TaxLevel_PerFlag!$B:$B,$Z$16,TaxLevel_PerFlag!$C:$C,"XGBoost",TaxLevel_PerFlag!$D:$D,$AA17) -> 0.33047091 | AK17: =SUMIFS(TaxLevel_PerFlag!$H:$H,TaxLevel_PerFlag!$A:$A,AK$3,TaxLevel_PerFlag!$B:$B,$Z$16,TaxLevel_PerFlag!$C:$C,"XGBoost",TaxLevel_PerFlag!$D:$D,$AA17) -> 0.28956776 | AL17: =SUMIFS(TaxLevel_PerFlag!$H:$H,TaxLevel_PerFlag!$A:$A,AL$3,TaxLevel_PerFlag!$B:$B,$Z$16,TaxLevel_PerFlag!$C:$C,"XGBoost",TaxLevel_PerFlag!$D:$D,$AA17) -> 0.30332334 | AM17: =SUMIFS(TaxLevel_PerFlag!$H:$H,TaxLevel_PerFlag!$A:$A,AM$3,TaxLevel_PerFlag!$B:$B,$Z$16,TaxLevel_PerFlag!$C:$C,"XGBoost",TaxLevel_PerFlag!$D:$D,$AA17) -> 0.300442 | AN17: =SUMIFS(TaxLevel_PerFlag!$T:$T,TaxLevel_PerFlag!$A:$A,AN$3,TaxLevel_PerFlag!$B:$B,$Z$16,TaxLevel_PerFlag!$C:$C,"XGBoost",TaxLevel_PerFlag!$D:$D,$AA17) -> 0.33035777 | AO17: =SUMIFS(TaxLevel_PerFlag!$T:$T,TaxLevel_PerFlag!$A:$A,AO$3,TaxLevel_PerFlag!$B:$B,$Z$16,TaxLevel_PerFlag!$C:$C,"XGBoost",TaxLevel_PerFlag!$D:$D,$AA17) -> 0.41333699 | AP17: =SUMIFS(TaxLevel_PerFlag!$T:$T,TaxLevel_PerFlag!$A:$A,AP$3,TaxLevel_PerFlag!$B:$B,$Z$16,TaxLevel_PerFlag!$C:$C,"XGBoost",TaxLevel_PerFlag!$D:$D,$AA17) -> 0.42605597 | AQ17: =SUMIFS(TaxLevel_PerFlag!$T:$T,TaxLevel_PerFlag!$A:$A,AQ$3,TaxLevel_PerFlag!$B:$B,$Z$16,TaxLevel_PerFlag!$C:$C,"XGBoost",TaxLevel_PerFlag!$D:$D,$AA17) -> 0.35821168 | AR17: =SUMIFS(TaxLevel_PerFlag!$T:$T,TaxLevel_PerFlag!$A:$A,AR$3,TaxLevel_PerFlag!$B:$B,$Z$16,TaxLevel_PerFlag!$C:$C,"XGBoost",TaxLevel_PerFlag!$D:$D,$AA17) -> 0.35644174
C18: acid_accumulation | D18: 20 | E18: 0.14492754 | F18: =_xlfn.MAXIFS(TaxLevel_PerFlag!$Q:$Q,TaxLevel_PerFlag!$A:$A,F$3,TaxLevel_PerFlag!$B:$B,$B$16,TaxLevel_PerFlag!$D:$D,$C18) -> 0.25670439 | G18: =_xlfn.MAXIFS(TaxLevel_PerFlag!$Q:$Q,TaxLevel_PerFlag!$A:$A,G$3,TaxLevel_PerFlag!$B:$B,$B$16,TaxLevel_PerFlag!$D:$D,$C18) -> 0.14413117 | H18: =_xlfn.MAXIFS(TaxLevel_PerFlag!$Q:$Q,TaxLevel_PerFlag!$A:$A,H$3,TaxLevel_PerFlag!$B:$B,$B$16,TaxLevel_PerFlag!$D:$D,$C18) -> 0.5998391 | I18: =_xlfn.MAXIFS(TaxLevel_PerFlag!$Q:$Q,TaxLevel_PerFlag!$A:$A,I$3,TaxLevel_PerFlag!$B:$B,$B$16,TaxLevel_PerFlag!$D:$D,$C18) -> 0.23352612 | J18: =_xlfn.MAXIFS(TaxLevel_PerFlag!$Q:$Q,TaxLevel_PerFlag!$A:$A,J$3,TaxLevel_PerFlag!$B:$B,$B$16,TaxLevel_PerFlag!$D:$D,$C18) -> 0.15956732 | K18: =_xlfn.MAXIFS(TaxLevel_PerFlag!$H:$H,TaxLevel_PerFlag!$A:$A,K$3,TaxLevel_PerFlag!$B:$B,$B$16,TaxLevel_PerFlag!$D:$D,$C18) -> 0.14552781 | L18: =_xlfn.MAXIFS(TaxLevel_PerFlag!$H:$H,TaxLevel_PerFlag!$A:$A,L$3,TaxLevel_PerFlag!$B:$B,$B$16,TaxLevel_PerFlag!$D:$D,$C18) -> 0.12373338 | M18: =_xlfn.MAXIFS(TaxLevel_PerFlag!$H:$H,TaxLevel_PerFlag!$A:$A,M$3,TaxLevel_PerFlag!$B:$B,$B$16,TaxLevel_PerFlag!$D:$D,$C18) -> 0.53659149 | N18: =_xlfn.MAXIFS(TaxLevel_PerFlag!$H:$H,TaxLevel_PerFlag!$A:$A,N$3,TaxLevel_PerFlag!$B:$B,$B$16,TaxLevel_PerFlag!$D:$D,$C18) -> 0.32220543 | O18: =_xlfn.MAXIFS(TaxLevel_PerFlag!$H:$H,TaxLevel_PerFlag!$A:$A,O$3,TaxLevel_PerFlag!$B:$B,$B$16,TaxLevel_PerFlag!$D:$D,$C18) -> 0.25000163 | P18: =_xlfn.MAXIFS(TaxLevel_PerFlag!$T:$T,TaxLevel_PerFlag!$A:$A,P$3,TaxLevel_PerFlag!$B:$B,$B$16,TaxLevel_PerFlag!$D:$D,$C18) -> 0.3459609 | Q18: =_xlfn.MAXIFS(TaxLevel_PerFlag!$T:$T,TaxLevel_PerFlag!$A:$A,Q$3,TaxLevel_PerFlag!$B:$B,$B$16,TaxLevel_PerFlag!$D:$D,$C18) -> 0.2299581 | R18: =_xlfn.MAXIFS(TaxLevel_PerFlag!$T:$T,TaxLevel_PerFlag!$A:$A,R$3,TaxLevel_PerFlag!$B:$B,$B$16,TaxLevel_PerFlag!$D:$D,$C18) -> 0.62920138 | S18: =_xlfn.MAXIFS(TaxLevel_PerFlag!$T:$T,TaxLevel_PerFlag!$A:$A,S$3,TaxLevel_PerFlag!$B:$B,$B$16,TaxLevel_PerFlag!$D:$D,$C18) -> 0.23388541 | T18: =_xlfn.MAXIFS(TaxLevel_PerFlag!$T:$T,TaxLevel_PerFlag!$A:$A,T$3,TaxLevel_PerFlag!$B:$B,$B$16,TaxLevel_PerFlag!$D:$D,$C18) -> 0.22296157 | AA18: acid_accumulation | AB18: 20 | AC18: 0.14492754 | AD18: =SUMIFS(TaxLevel_PerFlag!$Q:$Q,TaxLevel_PerFlag!$A:$A,AD$3,TaxLevel_PerFlag!$B:$B,$Z$16,TaxLevel_PerFlag!$C:$C,"XGBoost",TaxLevel_PerFlag!$D:$D,$AA18) -> 0.097456707 | AE18: =SUMIFS(TaxLevel_PerFlag!$Q:$Q,TaxLevel_PerFlag!$A:$A,AE$3,TaxLevel_PerFlag!$B:$B,$Z$16,TaxLevel_PerFlag!$C:$C,"XGBoost",TaxLevel_PerFlag!$D:$D,$AA18) -> 0.10028394 | AF18: =SUMIFS(TaxLevel_PerFlag!$Q:$Q,TaxLevel_PerFlag!$A:$A,AF$3,TaxLevel_PerFlag!$B:$B,$Z$16,TaxLevel_PerFlag!$C:$C,"XGBoost",TaxLevel_PerFlag!$D:$D,$AA18) -> 0.5998391 | AG18: =SUMIFS(TaxLevel_PerFlag!$Q:$Q,TaxLevel_PerFlag!$A:$A,AG$3,TaxLevel_PerFlag!$B:$B,$Z$16,TaxLevel_PerFlag!$C:$C,"XGBoost",TaxLevel_PerFlag!$D:$D,$AA18) -> 0.090375771 | AH18: =SUMIFS(TaxLevel_PerFlag!$Q:$Q,TaxLevel_PerFlag!$A:$A,AH$3,TaxLevel_PerFlag!$B:$B,$Z$16,TaxLevel_PerFlag!$C:$C,"XGBoost",TaxLevel_PerFlag!$D:$D,$AA18) -> 0.050840325 | AI18: =SUMIFS(TaxLevel_PerFlag!$H:$H,TaxLevel_PerFlag!$A:$A,AI$3,TaxLevel_PerFlag!$B:$B,$Z$16,TaxLevel_PerFlag!$C:$C,"XGBoost",TaxLevel_PerFlag!$D:$D,$AA18) -> 0.067312421 | AJ18: =SUMIFS(TaxLevel_PerFlag!$H:$H,TaxLevel_PerFlag!$A:$A,AJ$3,TaxLevel_PerFlag!$B:$B,$Z$16,TaxLevel_PerFlag!$C:$C,"XGBoost",TaxLevel_PerFlag!$D:$D,$AA18) -> 0.11767013 | AK18: =SUMIFS(TaxLevel_PerFlag!$H:$H,TaxLevel_PerFlag!$A:$A,AK$3,TaxLevel_PerFlag!$B:$B,$Z$16,TaxLevel_PerFlag!$C:$C,"XGBoost",TaxLevel_PerFlag!$D:$D,$AA18) -> 0.53659149 | AL18: =SUMIFS(TaxLevel_PerFlag!$H:$H,TaxLevel_PerFlag!$A:$A,AL$3,TaxLevel_PerFlag!$B:$B,$Z$16,TaxLevel_PerFlag!$C:$C,"XGBoost",TaxLevel_PerFlag!$D:$D,$AA18) -> 0.1048542 | AM18: =SUMIFS(TaxLevel_PerFlag!$H:$H,TaxLevel_PerFlag!$A:$A,AM$3,TaxLevel_PerFlag!$B:$B,$Z$16,TaxLevel_PerFlag!$C:$C,"XGBoost",TaxLevel_PerFlag!$D:$D,$AA18) -> 0.070030086 | AN18: =SUMIFS(TaxLevel_PerFlag!$T:$T,TaxLevel_PerFlag!$A:$A,AN$3,TaxLevel_PerFlag!$B:$B,$Z$16,TaxLevel_PerFlag!$C:$C,"XGBoost",TaxLevel_PerFlag!$D:$D,$AA18) -> 0.17641471 | AO18: =SUMIFS(TaxLevel_PerFlag!$T:$T,TaxLevel_PerFlag!$A:$A,AO$3,TaxLevel_PerFlag!$B:$B,$Z$16,TaxLevel_PerFlag!$C:$C,"XGBoost",TaxLevel_PerFlag!$D:$D,$AA18) -> 0.18389577 | AP18: =SUMIFS(TaxLevel_PerFlag!$T:$T,TaxLevel_PerFlag!$A:$A,AP$3,TaxLevel_PerFlag!$B:$B,$Z$16,TaxLevel_PerFlag!$C:$C,"XGBoost",TaxLevel_PerFlag!$D:$D,$AA18) -> 0.62920138 | AQ18: =SUMIFS(TaxLevel_PerFlag!$T:$T,TaxLevel_PerFlag!$A:$A,AQ$3,TaxLevel_PerFlag!$B:$B,$Z$16,TaxLevel_PerFlag!$C:$C,"XGBoost",TaxLevel_PerFlag!$D:$D,$AA18) -> 0.16868433 | AR18: =SUMIFS(TaxLevel_PerFlag!$T:$T,TaxLevel_PerFlag!$A:$A,AR$3,TaxLevel_PerFlag!$B:$B,$Z$16,TaxLevel_PerFlag!$C:$C,"XGBoost",TaxLevel_PerFlag!$D:$D,$AA18) -> 0.14769505
C19: ammonia_toxicity | D19: 26 | E19: 0.1884058 | F19: =_xlfn.MAXIFS(TaxLevel_PerFlag!$Q:$Q,TaxLevel_PerFlag!$A:$A,F$3,TaxLevel_PerFlag!$B:$B,$B$16,TaxLevel_PerFlag!$D:$D,$C19) -> 0.65994753 | G19: =_xlfn.MAXIFS(TaxLevel_PerFlag!$Q:$Q,TaxLevel_PerFlag!$A:$A,G$3,TaxLevel_PerFlag!$B:$B,$B$16,TaxLevel_PerFlag!$D:$D,$C19) -> 0.69137235 | H19: =_xlfn.MAXIFS(TaxLevel_PerFlag!$Q:$Q,TaxLevel_PerFlag!$A:$A,H$3,TaxLevel_PerFlag!$B:$B,$B$16,TaxLevel_PerFlag!$D:$D,$C19) -> 0.6566163 | I19: =_xlfn.MAXIFS(TaxLevel_PerFlag!$Q:$Q,TaxLevel_PerFlag!$A:$A,I$3,TaxLevel_PerFlag!$B:$B,$B$16,TaxLevel_PerFlag!$D:$D,$C19) -> 0.67412458 | J19: =_xlfn.MAXIFS(TaxLevel_PerFlag!$Q:$Q,TaxLevel_PerFlag!$A:$A,J$3,TaxLevel_PerFlag!$B:$B,$B$16,TaxLevel_PerFlag!$D:$D,$C19) -> 0.6610828 | K19: =_xlfn.MAXIFS(TaxLevel_PerFlag!$H:$H,TaxLevel_PerFlag!$A:$A,K$3,TaxLevel_PerFlag!$B:$B,$B$16,TaxLevel_PerFlag!$D:$D,$C19) -> 0.59320486 | L19: =_xlfn.MAXIFS(TaxLevel_PerFlag!$H:$H,TaxLevel_PerFlag!$A:$A,L$3,TaxLevel_PerFlag!$B:$B,$B$16,TaxLevel_PerFlag!$D:$D,$C19) -> 0.71171151 | M19: =_xlfn.MAXIFS(TaxLevel_PerFlag!$H:$H,TaxLevel_PerFlag!$A:$A,M$3,TaxLevel_PerFlag!$B:$B,$B$16,TaxLevel_PerFlag!$D:$D,$C19) -> 0.66537657 | N19: =_xlfn.MAXIFS(TaxLevel_PerFlag!$H:$H,TaxLevel_PerFlag!$A:$A,N$3,TaxLevel_PerFlag!$B:$B,$B$16,TaxLevel_PerFlag!$D:$D,$C19) -> 0.6231635 | O19: =_xlfn.MAXIFS(TaxLevel_PerFlag!$H:$H,TaxLevel_PerFlag!$A:$A,O$3,TaxLevel_PerFlag!$B:$B,$B$16,TaxLevel_PerFlag!$D:$D,$C19) -> 0.58220399 | P19: =_xlfn.MAXIFS(TaxLevel_PerFlag!$T:$T,TaxLevel_PerFlag!$A:$A,P$3,TaxLevel_PerFlag!$B:$B,$B$16,TaxLevel_PerFlag!$D:$D,$C19) -> 0.82981746 | Q19: =_xlfn.MAXIFS(TaxLevel_PerFlag!$T:$T,TaxLevel_PerFlag!$A:$A,Q$3,TaxLevel_PerFlag!$B:$B,$B$16,TaxLevel_PerFlag!$D:$D,$C19) -> 0.85690041 | R19: =_xlfn.MAXIFS(TaxLevel_PerFlag!$T:$T,TaxLevel_PerFlag!$A:$A,R$3,TaxLevel_PerFlag!$B:$B,$B$16,TaxLevel_PerFlag!$D:$D,$C19) -> 0.83427394 | S19: =_xlfn.MAXIFS(TaxLevel_PerFlag!$T:$T,TaxLevel_PerFlag!$A:$A,S$3,TaxLevel_PerFlag!$B:$B,$B$16,TaxLevel_PerFlag!$D:$D,$C19) -> 0.83488523 | T19: =_xlfn.MAXIFS(TaxLevel_PerFlag!$T:$T,TaxLevel_PerFlag!$A:$A,T$3,TaxLevel_PerFlag!$B:$B,$B$16,TaxLevel_PerFlag!$D:$D,$C19) -> 0.81853763 | AA19: ammonia_toxicity | AB19: 26 | AC19: 0.1884058 | AD19: =SUMIFS(TaxLevel_PerFlag!$Q:$Q,TaxLevel_PerFlag!$A:$A,AD$3,TaxLevel_PerFlag!$B:$B,$Z$16,TaxLevel_PerFlag!$C:$C,"XGBoost",TaxLevel_PerFlag!$D:$D,$AA19) -> 0.60024541 | AE19: =SUMIFS(TaxLevel_PerFlag!$Q:$Q,TaxLevel_PerFlag!$A:$A,AE$3,TaxLevel_PerFlag!$B:$B,$Z$16,TaxLevel_PerFlag!$C:$C,"XGBoost",TaxLevel_PerFlag!$D:$D,$AA19) -> 0.56752175 | AF19: =SUMIFS(TaxLevel_PerFlag!$Q:$Q,TaxLevel_PerFlag!$A:$A,AF$3,TaxLevel_PerFlag!$B:$B,$Z$16,TaxLevel_PerFlag!$C:$C,"XGBoost",TaxLevel_PerFlag!$D:$D,$AA19) -> 0.57332093 | AG19: =SUMIFS(TaxLevel_PerFlag!$Q:$Q,TaxLevel_PerFlag!$A:$A,AG$3,TaxLevel_PerFlag!$B:$B,$Z$16,TaxLevel_PerFlag!$C:$C,"XGBoost",TaxLevel_PerFlag!$D:$D,$AA19) -> 0.5737867 | AH19: =SUMIFS(TaxLevel_PerFlag!$Q:$Q,TaxLevel_PerFlag!$A:$A,AH$3,TaxLevel_PerFlag!$B:$B,$Z$16,TaxLevel_PerFlag!$C:$C,"XGBoost",TaxLevel_PerFlag!$D:$D,$AA19) -> 0.56608633 | AI19: =SUMIFS(TaxLevel_PerFlag!$H:$H,TaxLevel_PerFlag!$A:$A,AI$3,TaxLevel_PerFlag!$B:$B,$Z$16,TaxLevel_PerFlag!$C:$C,"XGBoost",TaxLevel_PerFlag!$D:$D,$AA19) -> 0.58306252 | AJ19: =SUMIFS(TaxLevel_PerFlag!$H:$H,TaxLevel_PerFlag!$A:$A,AJ$3,TaxLevel_PerFlag!$B:$B,$Z$16,TaxLevel_PerFlag!$C:$C,"XGBoost",TaxLevel_PerFlag!$D:$D,$AA19) -> 0.71171151 | AK19: =SUMIFS(TaxLevel_PerFlag!$H:$H,TaxLevel_PerFlag!$A:$A,AK$3,TaxLevel_PerFlag!$B:$B,$Z$16,TaxLevel_PerFlag!$C:$C,"XGBoost",TaxLevel_PerFlag!$D:$D,$AA19) -> 0.63834224 | AL19: =SUMIFS(TaxLevel_PerFlag!$H:$H,TaxLevel_PerFlag!$A:$A,AL$3,TaxLevel_PerFlag!$B:$B,$Z$16,TaxLevel_PerFlag!$C:$C,"XGBoost",TaxLevel_PerFlag!$D:$D,$AA19) -> 0.6231635 | AM19: =SUMIFS(TaxLevel_PerFlag!$H:$H,TaxLevel_PerFlag!$A:$A,AM$3,TaxLevel_PerFlag!$B:$B,$Z$16,TaxLevel_PerFlag!$C:$C,"XGBoost",TaxLevel_PerFlag!$D:$D,$AA19) -> 0.58220399 | AN19: =SUMIFS(TaxLevel_PerFlag!$T:$T,TaxLevel_PerFlag!$A:$A,AN$3,TaxLevel_PerFlag!$B:$B,$Z$16,TaxLevel_PerFlag!$C:$C,"XGBoost",TaxLevel_PerFlag!$D:$D,$AA19) -> 0.79158813 | AO19: =SUMIFS(TaxLevel_PerFlag!$T:$T,TaxLevel_PerFlag!$A:$A,AO$3,TaxLevel_PerFlag!$B:$B,$Z$16,TaxLevel_PerFlag!$C:$C,"XGBoost",TaxLevel_PerFlag!$D:$D,$AA19) -> 0.72256782 | AP19: =SUMIFS(TaxLevel_PerFlag!$T:$T,TaxLevel_PerFlag!$A:$A,AP$3,TaxLevel_PerFlag!$B:$B,$Z$16,TaxLevel_PerFlag!$C:$C,"XGBoost",TaxLevel_PerFlag!$D:$D,$AA19) -> 0.76356147 | AQ19: =SUMIFS(TaxLevel_PerFlag!$T:$T,TaxLevel_PerFlag!$A:$A,AQ$3,TaxLevel_PerFlag!$B:$B,$Z$16,TaxLevel_PerFlag!$C:$C,"XGBoost",TaxLevel_PerFlag!$D:$D,$AA19) -> 0.77870192 | AR19: =SUMIFS(TaxLevel_PerFlag!$T:$T,TaxLevel_PerFlag!$A:$A,AR$3,TaxLevel_PerFlag!$B:$B,$Z$16,TaxLevel_PerFlag!$C:$C,"XGBoost",TaxLevel_PerFlag!$D:$D,$AA19) -> 0.76360643
C20: biogas_quality | D20: 7 | E20: 0.050724638 | F20: =_xlfn.MAXIFS(TaxLevel_PerFlag!$Q:$Q,TaxLevel_PerFlag!$A:$A,F$3,TaxLevel_PerFlag!$B:$B,$B$16,TaxLevel_PerFlag!$D:$D,$C20) -> 0.021899549 | G20: =_xlfn.MAXIFS(TaxLevel_PerFlag!$Q:$Q,TaxLevel_PerFlag!$A:$A,G$3,TaxLevel_PerFlag!$B:$B,$B$16,TaxLevel_PerFlag!$D:$D,$C20) -> 0.14240259 | H20: =_xlfn.MAXIFS(TaxLevel_PerFlag!$Q:$Q,TaxLevel_PerFlag!$A:$A,H$3,TaxLevel_PerFlag!$B:$B,$B$16,TaxLevel_PerFlag!$D:$D,$C20) -> 0.22546034 | I20: =_xlfn.MAXIFS(TaxLevel_PerFlag!$Q:$Q,TaxLevel_PerFlag!$A:$A,I$3,TaxLevel_PerFlag!$B:$B,$B$16,TaxLevel_PerFlag!$D:$D,$C20) -> 0.33997903 | J20: =_xlfn.MAXIFS(TaxLevel_PerFlag!$Q:$Q,TaxLevel_PerFlag!$A:$A,J$3,TaxLevel_PerFlag!$B:$B,$B$16,TaxLevel_PerFlag!$D:$D,$C20) -> 0.43170648 | K20: =_xlfn.MAXIFS(TaxLevel_PerFlag!$H:$H,TaxLevel_PerFlag!$A:$A,K$3,TaxLevel_PerFlag!$B:$B,$B$16,TaxLevel_PerFlag!$D:$D,$C20) -> 0.059432851 | L20: =_xlfn.MAXIFS(TaxLevel_PerFlag!$H:$H,TaxLevel_PerFlag!$A:$A,L$3,TaxLevel_PerFlag!$B:$B,$B$16,TaxLevel_PerFlag!$D:$D,$C20) -> 0.27492795 | M20: =_xlfn.MAXIFS(TaxLevel_PerFlag!$H:$H,TaxLevel_PerFlag!$A:$A,M$3,TaxLevel_PerFlag!$B:$B,$B$16,TaxLevel_PerFlag!$D:$D,$C20) -> 0.31096532 | N20: =_xlfn.MAXIFS(TaxLevel_PerFlag!$H:$H,TaxLevel_PerFlag!$A:$A,N$3,TaxLevel_PerFlag!$B:$B,$B$16,TaxLevel_PerFlag!$D:$D,$C20) -> 0.39878438 | O20: =_xlfn.MAXIFS(TaxLevel_PerFlag!$H:$H,TaxLevel_PerFlag!$A:$A,O$3,TaxLevel_PerFlag!$B:$B,$B$16,TaxLevel_PerFlag!$D:$D,$C20) -> 0.41246008 | P20: =_xlfn.MAXIFS(TaxLevel_PerFlag!$T:$T,TaxLevel_PerFlag!$A:$A,P$3,TaxLevel_PerFlag!$B:$B,$B$16,TaxLevel_PerFlag!$D:$D,$C20) -> 0.20095039 | Q20: =_xlfn.MAXIFS(TaxLevel_PerFlag!$T:$T,TaxLevel_PerFlag!$A:$A,Q$3,TaxLevel_PerFlag!$B:$B,$B$16,TaxLevel_PerFlag!$D:$D,$C20) -> 0.28450924 | R20: =_xlfn.MAXIFS(TaxLevel_PerFlag!$T:$T,TaxLevel_PerFlag!$A:$A,R$3,TaxLevel_PerFlag!$B:$B,$B$16,TaxLevel_PerFlag!$D:$D,$C20) -> 0.31472951 | S20: =_xlfn.MAXIFS(TaxLevel_PerFlag!$T:$T,TaxLevel_PerFlag!$A:$A,S$3,TaxLevel_PerFlag!$B:$B,$B$16,TaxLevel_PerFlag!$D:$D,$C20) -> 0.39050922 | T20: =_xlfn.MAXIFS(TaxLevel_PerFlag!$T:$T,TaxLevel_PerFlag!$A:$A,T$3,TaxLevel_PerFlag!$B:$B,$B$16,TaxLevel_PerFlag!$D:$D,$C20) -> 0.50760002 | AA20: biogas_quality | AB20: 7 | AC20: 0.050724638 | AD20: =SUMIFS(TaxLevel_PerFlag!$Q:$Q,TaxLevel_PerFlag!$A:$A,AD$3,TaxLevel_PerFlag!$B:$B,$Z$16,TaxLevel_PerFlag!$C:$C,"XGBoost",TaxLevel_PerFlag!$D:$D,$AA20) -> -0.016849985 | AE20: =SUMIFS(TaxLevel_PerFlag!$Q:$Q,TaxLevel_PerFlag!$A:$A,AE$3,TaxLevel_PerFlag!$B:$B,$Z$16,TaxLevel_PerFlag!$C:$C,"XGBoost",TaxLevel_PerFlag!$D:$D,$AA20) -> 0.14240259 | AF20: =SUMIFS(TaxLevel_PerFlag!$Q:$Q,TaxLevel_PerFlag!$A:$A,AF$3,TaxLevel_PerFlag!$B:$B,$Z$16,TaxLevel_PerFlag!$C:$C,"XGBoost",TaxLevel_PerFlag!$D:$D,$AA20) -> 0.01703934 | AG20: =SUMIFS(TaxLevel_PerFlag!$Q:$Q,TaxLevel_PerFlag!$A:$A,AG$3,TaxLevel_PerFlag!$B:$B,$Z$16,TaxLevel_PerFlag!$C:$C,"XGBoost",TaxLevel_PerFlag!$D:$D,$AA20) -> 0.057265341 | AH20: =SUMIFS(TaxLevel_PerFlag!$Q:$Q,TaxLevel_PerFlag!$A:$A,AH$3,TaxLevel_PerFlag!$B:$B,$Z$16,TaxLevel_PerFlag!$C:$C,"XGBoost",TaxLevel_PerFlag!$D:$D,$AA20) -> 0.024012631 | AI20: =SUMIFS(TaxLevel_PerFlag!$H:$H,TaxLevel_PerFlag!$A:$A,AI$3,TaxLevel_PerFlag!$B:$B,$Z$16,TaxLevel_PerFlag!$C:$C,"XGBoost",TaxLevel_PerFlag!$D:$D,$AA20) -> 0.056416283 | AJ20: =SUMIFS(TaxLevel_PerFlag!$H:$H,TaxLevel_PerFlag!$A:$A,AJ$3,TaxLevel_PerFlag!$B:$B,$Z$16,TaxLevel_PerFlag!$C:$C,"XGBoost",TaxLevel_PerFlag!$D:$D,$AA20) -> 0.10071107 | AK20: =SUMIFS(TaxLevel_PerFlag!$H:$H,TaxLevel_PerFlag!$A:$A,AK$3,TaxLevel_PerFlag!$B:$B,$Z$16,TaxLevel_PerFlag!$C:$C,"XGBoost",TaxLevel_PerFlag!$D:$D,$AA20) -> 0.095524987 | AL20: =SUMIFS(TaxLevel_PerFlag!$H:$H,TaxLevel_PerFlag!$A:$A,AL$3,TaxLevel_PerFlag!$B:$B,$Z$16,TaxLevel_PerFlag!$C:$C,"XGBoost",TaxLevel_PerFlag!$D:$D,$AA20) -> 0.15227412 | AM20: =SUMIFS(TaxLevel_PerFlag!$H:$H,TaxLevel_PerFlag!$A:$A,AM$3,TaxLevel_PerFlag!$B:$B,$Z$16,TaxLevel_PerFlag!$C:$C,"XGBoost",TaxLevel_PerFlag!$D:$D,$AA20) -> 0.094239709 | AN20: =SUMIFS(TaxLevel_PerFlag!$T:$T,TaxLevel_PerFlag!$A:$A,AN$3,TaxLevel_PerFlag!$B:$B,$Z$16,TaxLevel_PerFlag!$C:$C,"XGBoost",TaxLevel_PerFlag!$D:$D,$AA20) -> 0.20095039 | AO20: =SUMIFS(TaxLevel_PerFlag!$T:$T,TaxLevel_PerFlag!$A:$A,AO$3,TaxLevel_PerFlag!$B:$B,$Z$16,TaxLevel_PerFlag!$C:$C,"XGBoost",TaxLevel_PerFlag!$D:$D,$AA20) -> 0.28450924 | AP20: =SUMIFS(TaxLevel_PerFlag!$T:$T,TaxLevel_PerFlag!$A:$A,AP$3,TaxLevel_PerFlag!$B:$B,$Z$16,TaxLevel_PerFlag!$C:$C,"XGBoost",TaxLevel_PerFlag!$D:$D,$AA20) -> 0.18273851 | AQ20: =SUMIFS(TaxLevel_PerFlag!$T:$T,TaxLevel_PerFlag!$A:$A,AQ$3,TaxLevel_PerFlag!$B:$B,$Z$16,TaxLevel_PerFlag!$C:$C,"XGBoost",TaxLevel_PerFlag!$D:$D,$AA20) -> 0.16730159 | AR20: =SUMIFS(TaxLevel_PerFlag!$T:$T,TaxLevel_PerFlag!$A:$A,AR$3,TaxLevel_PerFlag!$B:$B,$Z$16,TaxLevel_PerFlag!$C:$C,"XGBoost",TaxLevel_PerFlag!$D:$D,$AA20) -> 0.17280702
C21: Macro-avg | F21: =AVERAGE(F16:F20) -> 0.26712826 | G21: =AVERAGE(G16:G20) -> 0.28484981 | H21: =AVERAGE(H16:H20) -> 0.3910855 | I21: =AVERAGE(I16:I20) -> 0.33613285 | J21: =AVERAGE(J16:J20) -> 0.33980055 | K21: =AVERAGE(K16:K20) -> 0.26678287 | L21: =AVERAGE(L16:L20) -> 0.33814489 | M21: =AVERAGE(M16:M20) -> 0.43055618 | ... T21: =AVERAGE(T16:T20) -> 0.46728109 | AA21: Macro-avg | AD21: =AVERAGE(AD16:AD20) -> 0.19007002 | AE21: =AVERAGE(AE16:AE20) -> 0.23524991 | AF21: =AVERAGE(AF16:AF20) -> 0.33274223 | AG21: =AVERAGE(AG16:AG20) -> 0.22467273 | AH21: =AVERAGE(AH16:AH20) -> 0.18223171 | AI21: =AVERAGE(AI16:AI20) -> 0.24829173 | AJ21: =AVERAGE(AJ16:AJ20) -> 0.29689001 | AK21: =AVERAGE(AK16:AK20) -> 0.36877869 | ... AR21: =AVERAGE(AR16:AR20) -> 0.32522955
B22: 2) Genus
B23: Dataset | C23: Flag | D23: n_pos | E23: prevalence | F23: MCC | K23: AUPR | P23: F2
F24: DeepPhylo | G24: MetaDR | H24: RF | I24: Phylospec | J24: PMCNN | K24: DeepPhylo | L24: MetaDR | M24: RF | N24: Phylospec | O24: PMCNN | P24: DeepPhylo | Q24: MetaDR | R24: RF | S24: Phylospec | T24: PMCNN
B25: ARC | C25: buffer_capacity | D25: 9 | E25: 0.065217391 | F25: =SUMIFS(Genus_PerFlag!$P:$P,Genus_PerFlag!$A:$A,$B$25,Genus_PerFlag!$B:$B,F$24,Genus_PerFlag!$C:$C,$C25) -> -0.083852988 | G25: =SUMIFS(Genus_PerFlag!$P:$P,Genus_PerFlag!$A:$A,$B$25,Genus_PerFlag!$B:$B,G$24,Genus_PerFlag!$C:$C,$C25) -> -0.039655772 | H25: =SUMIFS(Genus_PerFlag!$P:$P,Genus_PerFlag!$A:$A,$B$25,Genus_PerFlag!$B:$B,H$24,Genus_PerFlag!$C:$C,$C25) -> -0.1237917 | I25: =SUMIFS(Genus_PerFlag!$P:$P,Genus_PerFlag!$A:$A,$B$25,Genus_PerFlag!$B:$B,I$24,Genus_PerFlag!$C:$C,$C25) -> -0.095844918 | J25: =SUMIFS(Genus_PerFlag!$P:$P,Genus_PerFlag!$A:$A,$B$25,Genus_PerFlag!$B:$B,J$24,Genus_PerFlag!$C:$C,$C25) -> -0.054911708 | K25: =SUMIFS(Genus_PerFlag!$G:$G,Genus_PerFlag!$A:$A,$B$25,Genus_PerFlag!$B:$B,K$24,Genus_PerFlag!$C:$C,$C25) -> 0.055015568 | L25: =SUMIFS(Genus_PerFlag!$G:$G,Genus_PerFlag!$A:$A,$B$25,Genus_PerFlag!$B:$B,L$24,Genus_PerFlag!$C:$C,$C25) -> 0.069544204 | M25: =SUMIFS(Genus_PerFlag!$G:$G,Genus_PerFlag!$A:$A,$B$25,Genus_PerFlag!$B:$B,M$24,Genus_PerFlag!$C:$C,$C25) -> 0.062207217 | N25: =SUMIFS(Genus_PerFlag!$G:$G,Genus_PerFlag!$A:$A,$B$25,Genus_PerFlag!$B:$B,N$24,Genus_PerFlag!$C:$C,$C25) -> 0.063563971 | O25: =SUMIFS(Genus_PerFlag!$G:$G,Genus_PerFlag!$A:$A,$B$25,Genus_PerFlag!$B:$B,O$24,Genus_PerFlag!$C:$C,$C25) -> 0.064614389 | P25: =SUMIFS(Genus_PerFlag!$S:$S,Genus_PerFlag!$A:$A,$B$25,Genus_PerFlag!$B:$B,P$24,Genus_PerFlag!$C:$C,$C25) -> 0.10810214 | Q25: =SUMIFS(Genus_PerFlag!$S:$S,Genus_PerFlag!$A:$A,$B$25,Genus_PerFlag!$B:$B,Q$24,Genus_PerFlag!$C:$C,$C25) -> 0.16631874 | R25: =SUMIFS(Genus_PerFlag!$S:$S,Genus_PerFlag!$A:$A,$B$25,Genus_PerFlag!$B:$B,R$24,Genus_PerFlag!$C:$C,$C25) -> 0.17442676 | S25: =SUMIFS(Genus_PerFlag!$S:$S,Genus_PerFlag!$A:$A,$B$25,Genus_PerFlag!$B:$B,S$24,Genus_PerFlag!$C:$C,$C25) -> 0.20641437 | T25: =SUMIFS(Genus_PerFlag!$S:$S,Genus_PerFlag!$A:$A,$B$25,Genus_PerFlag!$B:$B,T$24,Genus_PerFlag!$C:$C,$C25) -> 0.18521889
C26: acid_base_balance | D26: 4 | E26: 0.028985507 | F26: =SUMIFS(Genus_PerFlag!$P:$P,Genus_PerFlag!$A:$A,$B$25,Genus_PerFlag!$B:$B,F$24,Genus_PerFlag!$C:$C,$C26) -> 0.11111674 | G26: =SUMIFS(Genus_PerFlag!$P:$P,Genus_PerFlag!$A:$A,$B$25,Genus_PerFlag!$B:$B,G$24,Genus_PerFlag!$C:$C,$C26) -> 0.28011091 | H26: =SUMIFS(Genus_PerFlag!$P:$P,Genus_PerFlag!$A:$A,$B$25,Genus_PerFlag!$B:$B,H$24,Genus_PerFlag!$C:$C,$C26) -> 0.12117476 | I26: =SUMIFS(Genus_PerFlag!$P:$P,Genus_PerFlag!$A:$A,$B$25,Genus_PerFlag!$B:$B,I$24,Genus_PerFlag!$C:$C,$C26) -> 0.23753225 | J26: =SUMIFS(Genus_PerFlag!$P:$P,Genus_PerFlag!$A:$A,$B$25,Genus_PerFlag!$B:$B,J$24,Genus_PerFlag!$C:$C,$C26) -> 0.18136987 | K26: =SUMIFS(Genus_PerFlag!$G:$G,Genus_PerFlag!$A:$A,$B$25,Genus_PerFlag!$B:$B,K$24,Genus_PerFlag!$C:$C,$C26) -> 0.19914532 | L26: =SUMIFS(Genus_PerFlag!$G:$G,Genus_PerFlag!$A:$A,$B$25,Genus_PerFlag!$B:$B,L$24,Genus_PerFlag!$C:$C,$C26) -> 0.26310702 | M26: =SUMIFS(Genus_PerFlag!$G:$G,Genus_PerFlag!$A:$A,$B$25,Genus_PerFlag!$B:$B,M$24,Genus_PerFlag!$C:$C,$C26) -> 0.28623426 | N26: =SUMIFS(Genus_PerFlag!$G:$G,Genus_PerFlag!$A:$A,$B$25,Genus_PerFlag!$B:$B,N$24,Genus_PerFlag!$C:$C,$C26) -> 0.25044448 | O26: =SUMIFS(Genus_PerFlag!$G:$G,Genus_PerFlag!$A:$A,$B$25,Genus_PerFlag!$B:$B,O$24,Genus_PerFlag!$C:$C,$C26) -> 0.27296873 | P26: =SUMIFS(Genus_PerFlag!$S:$S,Genus_PerFlag!$A:$A,$B$25,Genus_PerFlag!$B:$B,P$24,Genus_PerFlag!$C:$C,$C26) -> 0.33115727 | Q26: =SUMIFS(Genus_PerFlag!$S:$S,Genus_PerFlag!$A:$A,$B$25,Genus_PerFlag!$B:$B,Q$24,Genus_PerFlag!$C:$C,$C26) -> 0.52966107 | R26: =SUMIFS(Genus_PerFlag!$S:$S,Genus_PerFlag!$A:$A,$B$25,Genus_PerFlag!$B:$B,R$24,Genus_PerFlag!$C:$C,$C26) -> 0.30074419 | S26: =SUMIFS(Genus_PerFlag!$S:$S,Genus_PerFlag!$A:$A,$B$25,Genus_PerFlag!$B:$B,S$24,Genus_PerFlag!$C:$C,$C26) -> 0.50343035 | T26: =SUMIFS(Genus_PerFlag!$S:$S,Genus_PerFlag!$A:$A,$B$25,Genus_PerFlag!$B:$B,T$24,Genus_PerFlag!$C:$C,$C26) -> 0.38774508
C27: acid_accumulation | D27: 20 | E27: 0.14492754 | F27: =SUMIFS(Genus_PerFlag!$P:$P,Genus_PerFlag!$A:$A,$B$25,Genus_PerFlag!$B:$B,F$24,Genus_PerFlag!$C:$C,$C27) -> -0.018766489 | G27: =SUMIFS(Genus_PerFlag!$P:$P,Genus_PerFlag!$A:$A,$B$25,Genus_PerFlag!$B:$B,G$24,Genus_PerFlag!$C:$C,$C27) -> 0.1623832 | H27: =SUMIFS(Genus_PerFlag!$P:$P,Genus_PerFlag!$A:$A,$B$25,Genus_PerFlag!$B:$B,H$24,Genus_PerFlag!$C:$C,$C27) -> 0.17571797 | I27: =SUMIFS(Genus_PerFlag!$P:$P,Genus_PerFlag!$A:$A,$B$25,Genus_PerFlag!$B:$B,I$24,Genus_PerFlag!$C:$C,$C27) -> 0.044334688 | J27: =SUMIFS(Genus_PerFlag!$P:$P,Genus_PerFlag!$A:$A,$B$25,Genus_PerFlag!$B:$B,J$24,Genus_PerFlag!$C:$C,$C27) -> 0.013256814 | K27: =SUMIFS(Genus_PerFlag!$G:$G,Genus_PerFlag!$A:$A,$B$25,Genus_PerFlag!$B:$B,K$24,Genus_PerFlag!$C:$C,$C27) -> 0.0290697 | L27: =SUMIFS(Genus_PerFlag!$G:$G,Genus_PerFlag!$A:$A,$B$25,Genus_PerFlag!$B:$B,L$24,Genus_PerFlag!$C:$C,$C27) -> 0.090836132 | M27: =SUMIFS(Genus_PerFlag!$G:$G,Genus_PerFlag!$A:$A,$B$25,Genus_PerFlag!$B:$B,M$24,Genus_PerFlag!$C:$C,$C27) -> 0.12044459 | N27: =SUMIFS(Genus_PerFlag!$G:$G,Genus_PerFlag!$A:$A,$B$25,Genus_PerFlag!$B:$B,N$24,Genus_PerFlag!$C:$C,$C27) -> 0.040822184 | O27: =SUMIFS(Genus_PerFlag!$G:$G,Genus_PerFlag!$A:$A,$B$25,Genus_PerFlag!$B:$B,O$24,Genus_PerFlag!$C:$C,$C27) -> 0.045762481 | P27: =SUMIFS(Genus_PerFlag!$S:$S,Genus_PerFlag!$A:$A,$B$25,Genus_PerFlag!$B:$B,P$24,Genus_PerFlag!$C:$C,$C27) -> 0.088391463 | Q27: =SUMIFS(Genus_PerFlag!$S:$S,Genus_PerFlag!$A:$A,$B$25,Genus_PerFlag!$B:$B,Q$24,Genus_PerFlag!$C:$C,$C27) -> 0.23627994 | R27: =SUMIFS(Genus_PerFlag!$S:$S,Genus_PerFlag!$A:$A,$B$25,Genus_PerFlag!$B:$B,R$24,Genus_PerFlag!$C:$C,$C27) -> 0.27719891 | S27: =SUMIFS(Genus_PerFlag!$S:$S,Genus_PerFlag!$A:$A,$B$25,Genus_PerFlag!$B:$B,S$24,Genus_PerFlag!$C:$C,$C27) -> 0.1410244 | T27: =SUMIFS(Genus_PerFlag!$S:$S,Genus_PerFlag!$A:$A,$B$25,Genus_PerFlag!$B:$B,T$24,Genus_PerFlag!$C:$C,$C27) -> 0.13371172
C28: ammonia_toxicity | D28: 26 | E28: 0.1884058 | F28: =SUMIFS(Genus_PerFlag!$P:$P,Genus_PerFlag!$A:$A,$B$25,Genus_PerFlag!$B:$B,F$24,Genus_PerFlag!$C:$C,$C28) -> 0.074796835 | G28: =SUMIFS(Genus_PerFlag!$P:$P,Genus_PerFlag!$A:$A,$B$25,Genus_PerFlag!$B:$B,G$24,Genus_PerFlag!$C:$C,$C28) -> 0.46595376 | H28: =SUMIFS(Genus_PerFlag!$P:$P,Genus_PerFlag!$A:$A,$B$25,Genus_PerFlag!$B:$B,H$24,Genus_PerFlag!$C:$C,$C28) -> 0.52179346 | I28: =SUMIFS(Genus_PerFlag!$P:$P,Genus_PerFlag!$A:$A,$B$25,Genus_PerFlag!$B:$B,I$24,Genus_PerFlag!$C:$C,$C28) -> 0.43208599 | J28: =SUMIFS(Genus_PerFlag!$P:$P,Genus_PerFlag!$A:$A,$B$25,Genus_PerFlag!$B:$B,J$24,Genus_PerFlag!$C:$C,$C28) -> 0.52448655 | K28: =SUMIFS(Genus_PerFlag!$G:$G,Genus_PerFlag!$A:$A,$B$25,Genus_PerFlag!$B:$B,K$24,Genus_PerFlag!$C:$C,$C28) -> 0.24415475 | L28: =SUMIFS(Genus_PerFlag!$G:$G,Genus_PerFlag!$A:$A,$B$25,Genus_PerFlag!$B:$B,L$24,Genus_PerFlag!$C:$C,$C28) -> 0.55629374 | M28: =SUMIFS(Genus_PerFlag!$G:$G,Genus_PerFlag!$A:$A,$B$25,Genus_PerFlag!$B:$B,M$24,Genus_PerFlag!$C:$C,$C28) -> 0.52780354 | N28: =SUMIFS(Genus_PerFlag!$G:$G,Genus_PerFlag!$A:$A,$B$25,Genus_PerFlag!$B:$B,N$24,Genus_PerFlag!$C:$C,$C28) -> 0.49049483 | O28: =SUMIFS(Genus_PerFlag!$G:$G,Genus_PerFlag!$A:$A,$B$25,Genus_PerFlag!$B:$B,O$24,Genus_PerFlag!$C:$C,$C28) -> 0.47012211 | P28: =SUMIFS(Genus_PerFlag!$S:$S,Genus_PerFlag!$A:$A,$B$25,Genus_PerFlag!$B:$B,P$24,Genus_PerFlag!$C:$C,$C28) -> 0.32400065 | Q28: =SUMIFS(Genus_PerFlag!$S:$S,Genus_PerFlag!$A:$A,$B$25,Genus_PerFlag!$B:$B,Q$24,Genus_PerFlag!$C:$C,$C28) -> 0.69562618 | R28: =SUMIFS(Genus_PerFlag!$S:$S,Genus_PerFlag!$A:$A,$B$25,Genus_PerFlag!$B:$B,R$24,Genus_PerFlag!$C:$C,$C28) -> 0.68585333 | S28: =SUMIFS(Genus_PerFlag!$S:$S,Genus_PerFlag!$A:$A,$B$25,Genus_PerFlag!$B:$B,S$24,Genus_PerFlag!$C:$C,$C28) -> 0.62412156 | T28: =SUMIFS(Genus_PerFlag!$S:$S,Genus_PerFlag!$A:$A,$B$25,Genus_PerFlag!$B:$B,T$24,Genus_PerFlag!$C:$C,$C28) -> 0.69549219
C29: biogas_quality | D29: 7 | E29: 0.050724638 | F29: =SUMIFS(Genus_PerFlag!$P:$P,Genus_PerFlag!$A:$A,$B$25,Genus_PerFlag!$B:$B,F$24,Genus_PerFlag!$C:$C,$C29) -> -0.00068404397 | G29: =SUMIFS(Genus_PerFlag!$P:$P,Genus_PerFlag!$A:$A,$B$25,Genus_PerFlag!$B:$B,G$24,Genus_PerFlag!$C:$C,$C29) -> 0.10413199 | H29: =SUMIFS(Genus_PerFlag!$P:$P,Genus_PerFlag!$A:$A,$B$25,Genus_PerFlag!$B:$B,H$24,Genus_PerFlag!$C:$C,$C29) -> -0.056884991 | I29: =SUMIFS(Genus_PerFlag!$P:$P,Genus_PerFlag!$A:$A,$B$25,Genus_PerFlag!$B:$B,I$24,Genus_PerFlag!$C:$C,$C29) -> 0.025078509 | J29: =SUMIFS(Genus_PerFlag!$P:$P,Genus_PerFlag!$A:$A,$B$25,Genus_PerFlag!$B:$B,J$24,Genus_PerFlag!$C:$C,$C29) -> 0.085561525 | K29: =SUMIFS(Genus_PerFlag!$G:$G,Genus_PerFlag!$A:$A,$B$25,Genus_PerFlag!$B:$B,K$24,Genus_PerFlag!$C:$C,$C29) -> 0.049622288 | L29: =SUMIFS(Genus_PerFlag!$G:$G,Genus_PerFlag!$A:$A,$B$25,Genus_PerFlag!$B:$B,L$24,Genus_PerFlag!$C:$C,$C29) -> 0.10677999 | M29: =SUMIFS(Genus_PerFlag!$G:$G,Genus_PerFlag!$A:$A,$B$25,Genus_PerFlag!$B:$B,M$24,Genus_PerFlag!$C:$C,$C29) -> 0.049935634 | N29: =SUMIFS(Genus_PerFlag!$G:$G,Genus_PerFlag!$A:$A,$B$25,Genus_PerFlag!$B:$B,N$24,Genus_PerFlag!$C:$C,$C29) -> 0.061434211 | O29: =SUMIFS(Genus_PerFlag!$G:$G,Genus_PerFlag!$A:$A,$B$25,Genus_PerFlag!$B:$B,O$24,Genus_PerFlag!$C:$C,$C29) -> 0.07462714 | P29: =SUMIFS(Genus_PerFlag!$S:$S,Genus_PerFlag!$A:$A,$B$25,Genus_PerFlag!$B:$B,P$24,Genus_PerFlag!$C:$C,$C29) -> 0.1968548 | Q29: =SUMIFS(Genus_PerFlag!$S:$S,Genus_PerFlag!$A:$A,$B$25,Genus_PerFlag!$B:$B,Q$24,Genus_PerFlag!$C:$C,$C29) -> 0.25740796 | R29: =SUMIFS(Genus_PerFlag!$S:$S,Genus_PerFlag!$A:$A,$B$25,Genus_PerFlag!$B:$B,R$24,Genus_PerFlag!$C:$C,$C29) -> 0.16096673 | S29: =SUMIFS(Genus_PerFlag!$S:$S,Genus_PerFlag!$A:$A,$B$25,Genus_PerFlag!$B:$B,S$24,Genus_PerFlag!$C:$C,$C29) -> 0.2093385 | T29: =SUMIFS(Genus_PerFlag!$S:$S,Genus_PerFlag!$A:$A,$B$25,Genus_PerFlag!$B:$B,T$24,Genus_PerFlag!$C:$C,$C29) -> 0.22748992
C30: Macro-avg | F30: =AVERAGE(F25:F29) -> 0.016522011 | G30: =AVERAGE(G25:G29) -> 0.19458482 | H30: =AVERAGE(H25:H29) -> 0.1276019 | I30: =AVERAGE(I25:I29) -> 0.1286373 | J30: =AVERAGE(J25:J29) -> 0.14995261 | K30: =AVERAGE(K25:K29) -> 0.11540153 | L30: =AVERAGE(L25:L29) -> 0.21731222 | M30: =AVERAGE(M25:M29) -> 0.20932505 | ... T30: =AVERAGE(T25:T29) -> 0.32593156
B31: BAC | C31: buffer_capacity | D31: 9 | E31: 0.065217391 | F31: =SUMIFS(Genus_PerFlag!$P:$P,Genus_PerFlag!$A:$A,$B$31,Genus_PerFlag!$B:$B,F$24,Genus_PerFlag!$C:$C,$C31) -> -0.038786086 | G31: =SUMIFS(Genus_PerFlag!$P:$P,Genus_PerFlag!$A:$A,$B$31,Genus_PerFlag!$B:$B,G$24,Genus_PerFlag!$C:$C,$C31) -> 0.020037117 | H31: =SUMIFS(Genus_PerFlag!$P:$P,Genus_PerFlag!$A:$A,$B$31,Genus_PerFlag!$B:$B,H$24,Genus_PerFlag!$C:$C,$C31) -> -0.063952306 | I31: =SUMIFS(Genus_PerFlag!$P:$P,Genus_PerFlag!$A:$A,$B$31,Genus_PerFlag!$B:$B,I$24,Genus_PerFlag!$C:$C,$C31) -> 0.059160097 | J31: =SUMIFS(Genus_PerFlag!$P:$P,Genus_PerFlag!$A:$A,$B$31,Genus_PerFlag!$B:$B,J$24,Genus_PerFlag!$C:$C,$C31) -> 0.054929964 | K31: =SUMIFS(Genus_PerFlag!$G:$G,Genus_PerFlag!$A:$A,$B$31,Genus_PerFlag!$B:$B,K$24,Genus_PerFlag!$C:$C,$C31) -> 0.067531353 | L31: =SUMIFS(Genus_PerFlag!$G:$G,Genus_PerFlag!$A:$A,$B$31,Genus_PerFlag!$B:$B,L$24,Genus_PerFlag!$C:$C,$C31) -> 0.079371599 | M31: =SUMIFS(Genus_PerFlag!$G:$G,Genus_PerFlag!$A:$A,$B$31,Genus_PerFlag!$B:$B,M$24,Genus_PerFlag!$C:$C,$C31) -> 0.096688917 | N31: =SUMIFS(Genus_PerFlag!$G:$G,Genus_PerFlag!$A:$A,$B$31,Genus_PerFlag!$B:$B,N$24,Genus_PerFlag!$C:$C,$C31) -> 0.08438801 | O31: =SUMIFS(Genus_PerFlag!$G:$G,Genus_PerFlag!$A:$A,$B$31,Genus_PerFlag!$B:$B,O$24,Genus_PerFlag!$C:$C,$C31) -> 0.11863297 | P31: =SUMIFS(Genus_PerFlag!$S:$S,Genus_PerFlag!$A:$A,$B$31,Genus_PerFlag!$B:$B,P$24,Genus_PerFlag!$C:$C,$C31) -> 0.10393114 | Q31: =SUMIFS(Genus_PerFlag!$S:$S,Genus_PerFlag!$A:$A,$B$31,Genus_PerFlag!$B:$B,Q$24,Genus_PerFlag!$C:$C,$C31) -> 0.22108977 | R31: =SUMIFS(Genus_PerFlag!$S:$S,Genus_PerFlag!$A:$A,$B$31,Genus_PerFlag!$B:$B,R$24,Genus_PerFlag!$C:$C,$C31) -> 0.14588669 | S31: =SUMIFS(Genus_PerFlag!$S:$S,Genus_PerFlag!$A:$A,$B$31,Genus_PerFlag!$B:$B,S$24,Genus_PerFlag!$C:$C,$C31) -> 0.23538478 | T31: =SUMIFS(Genus_PerFlag!$S:$S,Genus_PerFlag!$A:$A,$B$31,Genus_PerFlag!$B:$B,T$24,Genus_PerFlag!$C:$C,$C31) -> 0.17911825
C32: acid_base_balance | D32: 4 | E32: 0.028985507 | F32: =SUMIFS(Genus_PerFlag!$P:$P,Genus_PerFlag!$A:$A,$B$31,Genus_PerFlag!$B:$B,F$24,Genus_PerFlag!$C:$C,$C32) -> 0.22045016 | G32: =SUMIFS(Genus_PerFlag!$P:$P,Genus_PerFlag!$A:$A,$B$31,Genus_PerFlag!$B:$B,G$24,Genus_PerFlag!$C:$C,$C32) -> 0.28248574 | H32: =SUMIFS(Genus_PerFlag!$P:$P,Genus_PerFlag!$A:$A,$B$31,Genus_PerFlag!$B:$B,H$24,Genus_PerFlag!$C:$C,$C32) -> 0.13188275 | I32: =SUMIFS(Genus_PerFlag!$P:$P,Genus_PerFlag!$A:$A,$B$31,Genus_PerFlag!$B:$B,I$24,Genus_PerFlag!$C:$C,$C32) -> 0.31907429 | J32: =SUMIFS(Genus_PerFlag!$P:$P,Genus_PerFlag!$A:$A,$B$31,Genus_PerFlag!$B:$B,J$24,Genus_PerFlag!$C:$C,$C32) -> 0.38840435 | K32: =SUMIFS(Genus_PerFlag!$G:$G,Genus_PerFlag!$A:$A,$B$31,Genus_PerFlag!$B:$B,K$24,Genus_PerFlag!$C:$C,$C32) -> 0.31113045 | L32: =SUMIFS(Genus_PerFlag!$G:$G,Genus_PerFlag!$A:$A,$B$31,Genus_PerFlag!$B:$B,L$24,Genus_PerFlag!$C:$C,$C32) -> 0.35132294 | M32: =SUMIFS(Genus_PerFlag!$G:$G,Genus_PerFlag!$A:$A,$B$31,Genus_PerFlag!$B:$B,M$24,Genus_PerFlag!$C:$C,$C32) -> 0.31355939 | N32: =SUMIFS(Genus_PerFlag!$G:$G,Genus_PerFlag!$A:$A,$B$31,Genus_PerFlag!$B:$B,N$24,Genus_PerFlag!$C:$C,$C32) -> 0.45350099 | O32: =SUMIFS(Genus_PerFlag!$G:$G,Genus_PerFlag!$A:$A,$B$31,Genus_PerFlag!$B:$B,O$24,Genus_PerFlag!$C:$C,$C32) -> 0.47584101 | P32: =SUMIFS(Genus_PerFlag!$S:$S,Genus_PerFlag!$A:$A,$B$31,Genus_PerFlag!$B:$B,P$24,Genus_PerFlag!$C:$C,$C32) -> 0.42475531 | Q32: =SUMIFS(Genus_PerFlag!$S:$S,Genus_PerFlag!$A:$A,$B$31,Genus_PerFlag!$B:$B,Q$24,Genus_PerFlag!$C:$C,$C32) -> 0.50416698 | R32: =SUMIFS(Genus_PerFlag!$S:$S,Genus_PerFlag!$A:$A,$B$31,Genus_PerFlag!$B:$B,R$24,Genus_PerFlag!$C:$C,$C32) -> 0.39991881 | S32: =SUMIFS(Genus_PerFlag!$S:$S,Genus_PerFlag!$A:$A,$B$31,Genus_PerFlag!$B:$B,S$24,Genus_PerFlag!$C:$C,$C32) -> 0.37919546 | T32: =SUMIFS(Genus_PerFlag!$S:$S,Genus_PerFlag!$A:$A,$B$31,Genus_PerFlag!$B:$B,T$24,Genus_PerFlag!$C:$C,$C32) -> 0.63331896
C33: acid_accumulation | D33: 20 | E33: 0.14492754 | F33: =SUMIFS(Genus_PerFlag!$P:$P,Genus_PerFlag!$A:$A,$B$31,Genus_PerFlag!$B:$B,F$24,Genus_PerFlag!$C:$C,$C33) -> 0.095461363 | G33: =SUMIFS(Genus_PerFlag!$P:$P,Genus_PerFlag!$A:$A,$B$31,Genus_PerFlag!$B:$B,G$24,Genus_PerFlag!$C:$C,$C33) -> 0.051701861 | H33: =SUMIFS(Genus_PerFlag!$P:$P,Genus_PerFlag!$A:$A,$B$31,Genus_PerFlag!$B:$B,H$24,Genus_PerFlag!$C:$C,$C33) -> 0.09112735 | I33: =SUMIFS(Genus_PerFlag!$P:$P,Genus_PerFlag!$A:$A,$B$31,Genus_PerFlag!$B:$B,I$24,Genus_PerFlag!$C:$C,$C33) -> 0.013548832 | J33: =SUMIFS(Genus_PerFlag!$P:$P,Genus_PerFlag!$A:$A,$B$31,Genus_PerFlag!$B:$B,J$24,Genus_PerFlag!$C:$C,$C33) -> 0.042862148 | K33: =SUMIFS(Genus_PerFlag!$G:$G,Genus_PerFlag!$A:$A,$B$31,Genus_PerFlag!$B:$B,K$24,Genus_PerFlag!$C:$C,$C33) -> 0.048920377 | L33: =SUMIFS(Genus_PerFlag!$G:$G,Genus_PerFlag!$A:$A,$B$31,Genus_PerFlag!$B:$B,L$24,Genus_PerFlag!$C:$C,$C33) -> 0.068876451 | M33: =SUMIFS(Genus_PerFlag!$G:$G,Genus_PerFlag!$A:$A,$B$31,Genus_PerFlag!$B:$B,M$24,Genus_PerFlag!$C:$C,$C33) -> 0.063151385 | N33: =SUMIFS(Genus_PerFlag!$G:$G,Genus_PerFlag!$A:$A,$B$31,Genus_PerFlag!$B:$B,N$24,Genus_PerFlag!$C:$C,$C33) -> 0.056156658 | O33: =SUMIFS(Genus_PerFlag!$G:$G,Genus_PerFlag!$A:$A,$B$31,Genus_PerFlag!$B:$B,O$24,Genus_PerFlag!$C:$C,$C33) -> 0.069875654 | P33: =SUMIFS(Genus_PerFlag!$S:$S,Genus_PerFlag!$A:$A,$B$31,Genus_PerFlag!$B:$B,P$24,Genus_PerFlag!$C:$C,$C33) -> 0.17273735 | Q33: =SUMIFS(Genus_PerFlag!$S:$S,Genus_PerFlag!$A:$A,$B$31,Genus_PerFlag!$B:$B,Q$24,Genus_PerFlag!$C:$C,$C33) -> 0.13503095 | R33: =SUMIFS(Genus_PerFlag!$S:$S,Genus_PerFlag!$A:$A,$B$31,Genus_PerFlag!$B:$B,R$24,Genus_PerFlag!$C:$C,$C33) -> 0.16779746 | S33: =SUMIFS(Genus_PerFlag!$S:$S,Genus_PerFlag!$A:$A,$B$31,Genus_PerFlag!$B:$B,S$24,Genus_PerFlag!$C:$C,$C33) -> 0.10706554 | T33: =SUMIFS(Genus_PerFlag!$S:$S,Genus_PerFlag!$A:$A,$B$31,Genus_PerFlag!$B:$B,T$24,Genus_PerFlag!$C:$C,$C33) -> 0.10326637
C34: ammonia_toxicity | D34: 26 | E34: 0.1884058 | F34: =SUMIFS(Genus_PerFlag!$P:$P,Genus_PerFlag!$A:$A,$B$31,Genus_PerFlag!$B:$B,F$24,Genus_PerFlag!$C:$C,$C34) -> 0.45708668 | G34: =SUMIFS(Genus_PerFlag!$P:$P,Genus_PerFlag!$A:$A,$B$31,Genus_PerFlag!$B:$B,G$24,Genus_PerFlag!$C:$C,$C34) -> 0.64317581 | H34: =SUMIFS(Genus_PerFlag!$P:$P,Genus_PerFlag!$A:$A,$B$31,Genus_PerFlag!$B:$B,H$24,Genus_PerFlag!$C:$C,$C34) -> 0.67971387 | I34: =SUMIFS(Genus_PerFlag!$P:$P,Genus_PerFlag!$A:$A,$B$31,Genus_PerFlag!$B:$B,I$24,Genus_PerFlag!$C:$C,$C34) -> 0.49516996 | J34: =SUMIFS(Genus_PerFlag!$P:$P,Genus_PerFlag!$A:$A,$B$31,Genus_PerFlag!$B:$B,J$24,Genus_PerFlag!$C:$C,$C34) -> 0.62902554 | K34: =SUMIFS(Genus_PerFlag!$G:$G,Genus_PerFlag!$A:$A,$B$31,Genus_PerFlag!$B:$B,K$24,Genus_PerFlag!$C:$C,$C34) -> 0.40498547 | L34: =SUMIFS(Genus_PerFlag!$G:$G,Genus_PerFlag!$A:$A,$B$31,Genus_PerFlag!$B:$B,L$24,Genus_PerFlag!$C:$C,$C34) -> 0.60006945 | M34: =SUMIFS(Genus_PerFlag!$G:$G,Genus_PerFlag!$A:$A,$B$31,Genus_PerFlag!$B:$B,M$24,Genus_PerFlag!$C:$C,$C34) -> 0.56183966 | N34: =SUMIFS(Genus_PerFlag!$G:$G,Genus_PerFlag!$A:$A,$B$31,Genus_PerFlag!$B:$B,N$24,Genus_PerFlag!$C:$C,$C34) -> 0.4864325 | O34: =SUMIFS(Genus_PerFlag!$G:$G,Genus_PerFlag!$A:$A,$B$31,Genus_PerFlag!$B:$B,O$24,Genus_PerFlag!$C:$C,$C34) -> 0.61876915 | P34: =SUMIFS(Genus_PerFlag!$S:$S,Genus_PerFlag!$A:$A,$B$31,Genus_PerFlag!$B:$B,P$24,Genus_PerFlag!$C:$C,$C34) -> 0.72180247 | Q34: =SUMIFS(Genus_PerFlag!$S:$S,Genus_PerFlag!$A:$A,$B$31,Genus_PerFlag!$B:$B,Q$24,Genus_PerFlag!$C:$C,$C34) -> 0.80882128 | R34: =SUMIFS(Genus_PerFlag!$S:$S,Genus_PerFlag!$A:$A,$B$31,Genus_PerFlag!$B:$B,R$24,Genus_PerFlag!$C:$C,$C34) -> 0.84503604 | S34: =SUMIFS(Genus_PerFlag!$S:$S,Genus_PerFlag!$A:$A,$B$31,Genus_PerFlag!$B:$B,S$24,Genus_PerFlag!$C:$C,$C34) -> 0.70959057 | T34: =SUMIFS(Genus_PerFlag!$S:$S,Genus_PerFlag!$A:$A,$B$31,Genus_PerFlag!$B:$B,T$24,Genus_PerFlag!$C:$C,$C34) -> 0.80607234
C35: biogas_quality | D35: 7 | E35: 0.050724638 | F35: =SUMIFS(Genus_PerFlag!$P:$P,Genus_PerFlag!$A:$A,$B$31,Genus_PerFlag!$B:$B,F$24,Genus_PerFlag!$C:$C,$C35) -> 0.0096090909 | G35: =SUMIFS(Genus_PerFlag!$P:$P,Genus_PerFlag!$A:$A,$B$31,Genus_PerFlag!$B:$B,G$24,Genus_PerFlag!$C:$C,$C35) -> 0.066668166 | H35: =SUMIFS(Genus_PerFlag!$P:$P,Genus_PerFlag!$A:$A,$B$31,Genus_PerFlag!$B:$B,H$24,Genus_PerFlag!$C:$C,$C35) -> 0.07449537 | I35: =SUMIFS(Genus_PerFlag!$P:$P,Genus_PerFlag!$A:$A,$B$31,Genus_PerFlag!$B:$B,I$24,Genus_PerFlag!$C:$C,$C35) -> -0.016466881 | J35: =SUMIFS(Genus_PerFlag!$P:$P,Genus_PerFlag!$A:$A,$B$31,Genus_PerFlag!$B:$B,J$24,Genus_PerFlag!$C:$C,$C35) -> 0.071717164 | K35: =SUMIFS(Genus_PerFlag!$G:$G,Genus_PerFlag!$A:$A,$B$31,Genus_PerFlag!$B:$B,K$24,Genus_PerFlag!$C:$C,$C35) -> 0.069311934 | L35: =SUMIFS(Genus_PerFlag!$G:$G,Genus_PerFlag!$A:$A,$B$31,Genus_PerFlag!$B:$B,L$24,Genus_PerFlag!$C:$C,$C35) -> 0.079542316 | M35: =SUMIFS(Genus_PerFlag!$G:$G,Genus_PerFlag!$A:$A,$B$31,Genus_PerFlag!$B:$B,M$24,Genus_PerFlag!$C:$C,$C35) -> 0.087119875 | N35: =SUMIFS(Genus_PerFlag!$G:$G,Genus_PerFlag!$A:$A,$B$31,Genus_PerFlag!$B:$B,N$24,Genus_PerFlag!$C:$C,$C35) -> 0.073498536 | O35: =SUMIFS(Genus_PerFlag!$G:$G,Genus_PerFlag!$A:$A,$B$31,Genus_PerFlag!$B:$B,O$24,Genus_PerFlag!$C:$C,$C35) -> 0.088594288 | P35: =SUMIFS(Genus_PerFlag!$S:$S,Genus_PerFlag!$A:$A,$B$31,Genus_PerFlag!$B:$B,P$24,Genus_PerFlag!$C:$C,$C35) -> 0.13281915 | Q35: =SUMIFS(Genus_PerFlag!$S:$S,Genus_PerFlag!$A:$A,$B$31,Genus_PerFlag!$B:$B,Q$24,Genus_PerFlag!$C:$C,$C35) -> 0.21831177 | R35: =SUMIFS(Genus_PerFlag!$S:$S,Genus_PerFlag!$A:$A,$B$31,Genus_PerFlag!$B:$B,R$24,Genus_PerFlag!$C:$C,$C35) -> 0.23959388 | S35: =SUMIFS(Genus_PerFlag!$S:$S,Genus_PerFlag!$A:$A,$B$31,Genus_PerFlag!$B:$B,S$24,Genus_PerFlag!$C:$C,$C35) -> 0.16164551 | T35: =SUMIFS(Genus_PerFlag!$S:$S,Genus_PerFlag!$A:$A,$B$31,Genus_PerFlag!$B:$B,T$24,Genus_PerFlag!$C:$C,$C35) -> 0.22319095
C36: Macro-avg | F36: =AVERAGE(F31:F35) -> 0.14876424 | G36: =AVERAGE(G31:G35) -> 0.21281374 | H36: =AVERAGE(H31:H35) -> 0.18265341 | I36: =AVERAGE(I31:I35) -> 0.17409726 | J36: =AVERAGE(J31:J35) -> 0.23738783 | K36: =AVERAGE(K31:K35) -> 0.18037592 | L36: =AVERAGE(L31:L35) -> 0.23583655 | M36: =AVERAGE(M31:M35) -> 0.22447185 | ... T36: =AVERAGE(T31:T35) -> 0.38899337
B37: merged | C37: buffer_capacity | D37: 9 | E37: 0.065217391 | F37: =SUMIFS(Genus_PerFlag!$P:$P,Genus_PerFlag!$A:$A,$B$37,Genus_PerFlag!$B:$B,F$24,Genus_PerFlag!$C:$C,$C37) -> -0.013729353 | G37: =SUMIFS(Genus_PerFlag!$P:$P,Genus_PerFlag!$A:$A,$B$37,Genus_PerFlag!$B:$B,G$24,Genus_PerFlag!$C:$C,$C37) -> -0.1054096 | H37: =SUMIFS(Genus_PerFlag!$P:$P,Genus_PerFlag!$A:$A,$B$37,Genus_PerFlag!$B:$B,H$24,Genus_PerFlag!$C:$C,$C37) -> -0.062270006 | I37: =SUMIFS(Genus_PerFlag!$P:$P,Genus_PerFlag!$A:$A,$B$37,Genus_PerFlag!$B:$B,I$24,Genus_PerFlag!$C:$C,$C37) -> -0.076167817 | J37: =SUMIFS(Genus_PerFlag!$P:$P,Genus_PerFlag!$A:$A,$B$37,Genus_PerFlag!$B:$B,J$24,Genus_PerFlag!$C:$C,$C37) -> 0.043814198 | K37: =SUMIFS(Genus_PerFlag!$G:$G,Genus_PerFlag!$A:$A,$B$37,Genus_PerFlag!$B:$B,K$24,Genus_PerFlag!$C:$C,$C37) -> 0.10620651 | L37: =SUMIFS(Genus_PerFlag!$G:$G,Genus_PerFlag!$A:$A,$B$37,Genus_PerFlag!$B:$B,L$24,Genus_PerFlag!$C:$C,$C37) -> 0.053302311 | M37: =SUMIFS(Genus_PerFlag!$G:$G,Genus_PerFlag!$A:$A,$B$37,Genus_PerFlag!$B:$B,M$24,Genus_PerFlag!$C:$C,$C37) -> 0.06604763 | N37: =SUMIFS(Genus_PerFlag!$G:$G,Genus_PerFlag!$A:$A,$B$37,Genus_PerFlag!$B:$B,N$24,Genus_PerFlag!$C:$C,$C37) -> 0.060125322 | O37: =SUMIFS(Genus_PerFlag!$G:$G,Genus_PerFlag!$A:$A,$B$37,Genus_PerFlag!$B:$B,O$24,Genus_PerFlag!$C:$C,$C37) -> 0.088111977 | P37: =SUMIFS(Genus_PerFlag!$S:$S,Genus_PerFlag!$A:$A,$B$37,Genus_PerFlag!$B:$B,P$24,Genus_PerFlag!$C:$C,$C37) -> 0.14440377 | Q37: =SUMIFS(Genus_PerFlag!$S:$S,Genus_PerFlag!$A:$A,$B$37,Genus_PerFlag!$B:$B,Q$24,Genus_PerFlag!$C:$C,$C37) -> 0.19935845 | R37: =SUMIFS(Genus_PerFlag!$S:$S,Genus_PerFlag!$A:$A,$B$37,Genus_PerFlag!$B:$B,R$24,Genus_PerFlag!$C:$C,$C37) -> 0.20704773 | S37: =SUMIFS(Genus_PerFlag!$S:$S,Genus_PerFlag!$A:$A,$B$37,Genus_PerFlag!$B:$B,S$24,Genus_PerFlag!$C:$C,$C37) -> 0.050120773 | T37: =SUMIFS(Genus_PerFlag!$S:$S,Genus_PerFlag!$A:$A,$B$37,Genus_PerFlag!$B:$B,T$24,Genus_PerFlag!$C:$C,$C37) -> 0.22231585
C38: acid_base_balance | D38: 4 | E38: 0.028985507 | F38: =SUMIFS(Genus_PerFlag!$P:$P,Genus_PerFlag!$A:$A,$B$37,Genus_PerFlag!$B:$B,F$24,Genus_PerFlag!$C:$C,$C38) -> 0.244939 | G38: =SUMIFS(Genus_PerFlag!$P:$P,Genus_PerFlag!$A:$A,$B$37,Genus_PerFlag!$B:$B,G$24,Genus_PerFlag!$C:$C,$C38) -> 0.31782198 | H38: =SUMIFS(Genus_PerFlag!$P:$P,Genus_PerFlag!$A:$A,$B$37,Genus_PerFlag!$B:$B,H$24,Genus_PerFlag!$C:$C,$C38) -> 0.10820027 | I38: =SUMIFS(Genus_PerFlag!$P:$P,Genus_PerFlag!$A:$A,$B$37,Genus_PerFlag!$B:$B,I$24,Genus_PerFlag!$C:$C,$C38) -> 0.37469588 | J38: =SUMIFS(Genus_PerFlag!$P:$P,Genus_PerFlag!$A:$A,$B$37,Genus_PerFlag!$B:$B,J$24,Genus_PerFlag!$C:$C,$C38) -> 0.38010351 | K38: =SUMIFS(Genus_PerFlag!$G:$G,Genus_PerFlag!$A:$A,$B$37,Genus_PerFlag!$B:$B,K$24,Genus_PerFlag!$C:$C,$C38) -> 0.2758899 | L38: =SUMIFS(Genus_PerFlag!$G:$G,Genus_PerFlag!$A:$A,$B$37,Genus_PerFlag!$B:$B,L$24,Genus_PerFlag!$C:$C,$C38) -> 0.32762517 | M38: =SUMIFS(Genus_PerFlag!$G:$G,Genus_PerFlag!$A:$A,$B$37,Genus_PerFlag!$B:$B,M$24,Genus_PerFlag!$C:$C,$C38) -> 0.29381231 | N38: =SUMIFS(Genus_PerFlag!$G:$G,Genus_PerFlag!$A:$A,$B$37,Genus_PerFlag!$B:$B,N$24,Genus_PerFlag!$C:$C,$C38) -> 0.3909738 | O38: =SUMIFS(Genus_PerFlag!$G:$G,Genus_PerFlag!$A:$A,$B$37,Genus_PerFlag!$B:$B,O$24,Genus_PerFlag!$C:$C,$C38) -> 0.36051157 | P38: =SUMIFS(Genus_PerFlag!$S:$S,Genus_PerFlag!$A:$A,$B$37,Genus_PerFlag!$B:$B,P$24,Genus_PerFlag!$C:$C,$C38) -> 0.50816554 | Q38: =SUMIFS(Genus_PerFlag!$S:$S,Genus_PerFlag!$A:$A,$B$37,Genus_PerFlag!$B:$B,Q$24,Genus_PerFlag!$C:$C,$C38) -> 0.57748119 | R38: =SUMIFS(Genus_PerFlag!$S:$S,Genus_PerFlag!$A:$A,$B$37,Genus_PerFlag!$B:$B,R$24,Genus_PerFlag!$C:$C,$C38) -> 0.34600618 | S38: =SUMIFS(Genus_PerFlag!$S:$S,Genus_PerFlag!$A:$A,$B$37,Genus_PerFlag!$B:$B,S$24,Genus_PerFlag!$C:$C,$C38) -> 0.562844 | T38: =SUMIFS(Genus_PerFlag!$S:$S,Genus_PerFlag!$A:$A,$B$37,Genus_PerFlag!$B:$B,T$24,Genus_PerFlag!$C:$C,$C38) -> 0.6083234
C39: acid_accumulation | D39: 20 | E39: 0.14492754 | F39: =SUMIFS(Genus_PerFlag!$P:$P,Genus_PerFlag!$A:$A,$B$37,Genus_PerFlag!$B:$B,F$24,Genus_PerFlag!$C:$C,$C39) -> 0.09426337 | G39: =SUMIFS(Genus_PerFlag!$P:$P,Genus_PerFlag!$A:$A,$B$37,Genus_PerFlag!$B:$B,G$24,Genus_PerFlag!$C:$C,$C39) -> 0.15957805 | H39: =SUMIFS(Genus_PerFlag!$P:$P,Genus_PerFlag!$A:$A,$B$37,Genus_PerFlag!$B:$B,H$24,Genus_PerFlag!$C:$C,$C39) -> 0.10440914 | I39: =SUMIFS(Genus_PerFlag!$P:$P,Genus_PerFlag!$A:$A,$B$37,Genus_PerFlag!$B:$B,I$24,Genus_PerFlag!$C:$C,$C39) -> -0.010550946 | J39: =SUMIFS(Genus_PerFlag!$P:$P,Genus_PerFlag!$A:$A,$B$37,Genus_PerFlag!$B:$B,J$24,Genus_PerFlag!$C:$C,$C39) -> 0.064579445 | K39: =SUMIFS(Genus_PerFlag!$G:$G,Genus_PerFlag!$A:$A,$B$37,Genus_PerFlag!$B:$B,K$24,Genus_PerFlag!$C:$C,$C39) -> 0.13327345 | L39: =SUMIFS(Genus_PerFlag!$G:$G,Genus_PerFlag!$A:$A,$B$37,Genus_PerFlag!$B:$B,L$24,Genus_PerFlag!$C:$C,$C39) -> 0.060043342 | M39: =SUMIFS(Genus_PerFlag!$G:$G,Genus_PerFlag!$A:$A,$B$37,Genus_PerFlag!$B:$B,M$24,Genus_PerFlag!$C:$C,$C39) -> 0.093744871 | N39: =SUMIFS(Genus_PerFlag!$G:$G,Genus_PerFlag!$A:$A,$B$37,Genus_PerFlag!$B:$B,N$24,Genus_PerFlag!$C:$C,$C39) -> 0.05489844 | O39: =SUMIFS(Genus_PerFlag!$G:$G,Genus_PerFlag!$A:$A,$B$37,Genus_PerFlag!$B:$B,O$24,Genus_PerFlag!$C:$C,$C39) -> 0.05348888 | P39: =SUMIFS(Genus_PerFlag!$S:$S,Genus_PerFlag!$A:$A,$B$37,Genus_PerFlag!$B:$B,P$24,Genus_PerFlag!$C:$C,$C39) -> 0.16534392 | Q39: =SUMIFS(Genus_PerFlag!$S:$S,Genus_PerFlag!$A:$A,$B$37,Genus_PerFlag!$B:$B,Q$24,Genus_PerFlag!$C:$C,$C39) -> 0.22257602 | R39: =SUMIFS(Genus_PerFlag!$S:$S,Genus_PerFlag!$A:$A,$B$37,Genus_PerFlag!$B:$B,R$24,Genus_PerFlag!$C:$C,$C39) -> 0.19499269 | S39: =SUMIFS(Genus_PerFlag!$S:$S,Genus_PerFlag!$A:$A,$B$37,Genus_PerFlag!$B:$B,S$24,Genus_PerFlag!$C:$C,$C39) -> 0.076128485 | T39: =SUMIFS(Genus_PerFlag!$S:$S,Genus_PerFlag!$A:$A,$B$37,Genus_PerFlag!$B:$B,T$24,Genus_PerFlag!$C:$C,$C39) -> 0.15548472
C40: ammonia_toxicity | D40: 26 | E40: 0.1884058 | F40: =SUMIFS(Genus_PerFlag!$P:$P,Genus_PerFlag!$A:$A,$B$37,Genus_PerFlag!$B:$B,F$24,Genus_PerFlag!$C:$C,$C40) -> 0.36399765 | G40: =SUMIFS(Genus_PerFlag!$P:$P,Genus_PerFlag!$A:$A,$B$37,Genus_PerFlag!$B:$B,G$24,Genus_PerFlag!$C:$C,$C40) -> 0.62256924 | H40: =SUMIFS(Genus_PerFlag!$P:$P,Genus_PerFlag!$A:$A,$B$37,Genus_PerFlag!$B:$B,H$24,Genus_PerFlag!$C:$C,$C40) -> 0.66150813 | I40: =SUMIFS(Genus_PerFlag!$P:$P,Genus_PerFlag!$A:$A,$B$37,Genus_PerFlag!$B:$B,I$24,Genus_PerFlag!$C:$C,$C40) -> 0.57126249 | J40: =SUMIFS(Genus_PerFlag!$P:$P,Genus_PerFlag!$A:$A,$B$37,Genus_PerFlag!$B:$B,J$24,Genus_PerFlag!$C:$C,$C40) -> 0.53654385 | K40: =SUMIFS(Genus_PerFlag!$G:$G,Genus_PerFlag!$A:$A,$B$37,Genus_PerFlag!$B:$B,K$24,Genus_PerFlag!$C:$C,$C40) -> 0.43211204 | L40: =SUMIFS(Genus_PerFlag!$G:$G,Genus_PerFlag!$A:$A,$B$37,Genus_PerFlag!$B:$B,L$24,Genus_PerFlag!$C:$C,$C40) -> 0.56640214 | M40: =SUMIFS(Genus_PerFlag!$G:$G,Genus_PerFlag!$A:$A,$B$37,Genus_PerFlag!$B:$B,M$24,Genus_PerFlag!$C:$C,$C40) -> 0.58410153 | N40: =SUMIFS(Genus_PerFlag!$G:$G,Genus_PerFlag!$A:$A,$B$37,Genus_PerFlag!$B:$B,N$24,Genus_PerFlag!$C:$C,$C40) -> 0.58566837 | O40: =SUMIFS(Genus_PerFlag!$G:$G,Genus_PerFlag!$A:$A,$B$37,Genus_PerFlag!$B:$B,O$24,Genus_PerFlag!$C:$C,$C40) -> 0.56498044 | P40: =SUMIFS(Genus_PerFlag!$S:$S,Genus_PerFlag!$A:$A,$B$37,Genus_PerFlag!$B:$B,P$24,Genus_PerFlag!$C:$C,$C40) -> 0.58761899 | Q40: =SUMIFS(Genus_PerFlag!$S:$S,Genus_PerFlag!$A:$A,$B$37,Genus_PerFlag!$B:$B,Q$24,Genus_PerFlag!$C:$C,$C40) -> 0.81184608 | R40: =SUMIFS(Genus_PerFlag!$S:$S,Genus_PerFlag!$A:$A,$B$37,Genus_PerFlag!$B:$B,R$24,Genus_PerFlag!$C:$C,$C40) -> 0.81350759 | S40: =SUMIFS(Genus_PerFlag!$S:$S,Genus_PerFlag!$A:$A,$B$37,Genus_PerFlag!$B:$B,S$24,Genus_PerFlag!$C:$C,$C40) -> 0.7701689 | T40: =SUMIFS(Genus_PerFlag!$S:$S,Genus_PerFlag!$A:$A,$B$37,Genus_PerFlag!$B:$B,T$24,Genus_PerFlag!$C:$C,$C40) -> 0.73829246
C41: biogas_quality | D41: 7 | E41: 0.050724638 | F41: =SUMIFS(Genus_PerFlag!$P:$P,Genus_PerFlag!$A:$A,$B$37,Genus_PerFlag!$B:$B,F$24,Genus_PerFlag!$C:$C,$C41) -> 0.090873257 | G41: =SUMIFS(Genus_PerFlag!$P:$P,Genus_PerFlag!$A:$A,$B$37,Genus_PerFlag!$B:$B,G$24,Genus_PerFlag!$C:$C,$C41) -> -0.0072669714 | H41: =SUMIFS(Genus_PerFlag!$P:$P,Genus_PerFlag!$A:$A,$B$37,Genus_PerFlag!$B:$B,H$24,Genus_PerFlag!$C:$C,$C41) -> -0.0081206965 | I41: =SUMIFS(Genus_PerFlag!$P:$P,Genus_PerFlag!$A:$A,$B$37,Genus_PerFlag!$B:$B,I$24,Genus_PerFlag!$C:$C,$C41) -> 0.10743822 | J41: =SUMIFS(Genus_PerFlag!$P:$P,Genus_PerFlag!$A:$A,$B$37,Genus_PerFlag!$B:$B,J$24,Genus_PerFlag!$C:$C,$C41) -> 0.11331157 | K41: =SUMIFS(Genus_PerFlag!$G:$G,Genus_PerFlag!$A:$A,$B$37,Genus_PerFlag!$B:$B,K$24,Genus_PerFlag!$C:$C,$C41) -> 0.14391609 | L41: =SUMIFS(Genus_PerFlag!$G:$G,Genus_PerFlag!$A:$A,$B$37,Genus_PerFlag!$B:$B,L$24,Genus_PerFlag!$C:$C,$C41) -> 0.056625037 | M41: =SUMIFS(Genus_PerFlag!$G:$G,Genus_PerFlag!$A:$A,$B$37,Genus_PerFlag!$B:$B,M$24,Genus_PerFlag!$C:$C,$C41) -> 0.074391771 | N41: =SUMIFS(Genus_PerFlag!$G:$G,Genus_PerFlag!$A:$A,$B$37,Genus_PerFlag!$B:$B,N$24,Genus_PerFlag!$C:$C,$C41) -> 0.090533782 | O41: =SUMIFS(Genus_PerFlag!$G:$G,Genus_PerFlag!$A:$A,$B$37,Genus_PerFlag!$B:$B,O$24,Genus_PerFlag!$C:$C,$C41) -> 0.15088137 | P41: =SUMIFS(Genus_PerFlag!$S:$S,Genus_PerFlag!$A:$A,$B$37,Genus_PerFlag!$B:$B,P$24,Genus_PerFlag!$C:$C,$C41) -> 0.21459769 | Q41: =SUMIFS(Genus_PerFlag!$S:$S,Genus_PerFlag!$A:$A,$B$37,Genus_PerFlag!$B:$B,Q$24,Genus_PerFlag!$C:$C,$C41) -> 0.18591185 | R41: =SUMIFS(Genus_PerFlag!$S:$S,Genus_PerFlag!$A:$A,$B$37,Genus_PerFlag!$B:$B,R$24,Genus_PerFlag!$C:$C,$C41) -> 0.19348804 | S41: =SUMIFS(Genus_PerFlag!$S:$S,Genus_PerFlag!$A:$A,$B$37,Genus_PerFlag!$B:$B,S$24,Genus_PerFlag!$C:$C,$C41) -> 0.26120802 | T41: =SUMIFS(Genus_PerFlag!$S:$S,Genus_PerFlag!$A:$A,$B$37,Genus_PerFlag!$B:$B,T$24,Genus_PerFlag!$C:$C,$C41) -> 0.24372819
C42: Macro-avg | F42: =AVERAGE(F37:F41) -> 0.15606879 | G42: =AVERAGE(G37:G41) -> 0.19745854 | H42: =AVERAGE(H37:H41) -> 0.16074537 | I42: =AVERAGE(I37:I41) -> 0.19333557 | J42: =AVERAGE(J37:J41) -> 0.22767051 | K42: =AVERAGE(K37:K41) -> 0.2182796 | L42: =AVERAGE(L37:L41) -> 0.2127996 | M42: =AVERAGE(M37:M41) -> 0.22241962 | ... T42: =AVERAGE(T37:T41) -> 0.39362893
B46: 1) TaxLevel
B47: Dataset | C47: Flag | D47: n_pos | E47: prevalence | F47: MCC | K47: AUPR | P47: F2
F48: Phylum | G48: Class | H48: Order | I48: Family | J48: Genus | K48: Phylum | L48: Class | M48: Order | N48: Family | O48: Genus | P48: Phylum | Q48: Class | R48: Order | S48: Family | T48: Genus
B49: ARC | C49: buffer_capacity | D49: 9 | E49: 0.065217391 | F49: 0.057615481 | G49: 0.037926652 | H49: 0.041511954 | I49: 0.041158916 | J49: 0.10923279 | K49: 0.106328 | L49: 0.097759423 | M49: 0.10246996 | N49: 0.12278991 | O49: 0.11746652 | P49: 0.25862069 | Q49: 0.25862069 | R49: 0.26851765 | S49: 0.22221159 | T49: 0.27722369
C50: acid_base_balance | D50: 4 | E50: 0.028985507 | F50: 0.16502327 | G50: 0.16507893 | H50: 0.21032261 | I50: 0.20485943 | J50: 0.1184265 | K50: 0.30912546 | L50: 0.28527646 | M50: 0.29751069 | N50: 0.2954604 | O50: 0.2753116 | P50: 0.42589096 | Q50: 0.38926656 | R50: 0.42355396 | S50: 0.40671579 | T50: 0.37723278
C51: acid_accumulation | D51: 20 | E51: 0.14492754 | F51: 0.10620714 | G51: 0.063281053 | H51: 0.088389388 | I51: 0.18907876 | J51: 0.15110532 | K51: 0.062770049 | L51: 0.079129264 | M51: 0.078905245 | N51: 0.24138277 | O51: 0.20443605 | P51: 0.18270628 | Q51: 0.17698968 | R51: 0.17698968 | S51: 0.29262189 | T51: 0.23551784
C52: ammonia_toxicity | D52: 26 | E52: 0.1884058 | F52: 0.51941102 | G52: 0.47368654 | H52: 0.47861722 | I52: 0.56848376 | J52: 0.54889822 | K52: 0.59791791 | L52: 0.57107802 | M52: 0.56936985 | N52: 0.54890359 | O52: 0.59006766 | P52: 0.68507461 | Q52: 0.68070439 | R52: 0.68951273 | S52: 0.75760504 | T52: 0.69868784
C53: biogas_quality | D53: 7 | E53: 0.050724638 | F53: 0.049277698 | G53: 0 | H53: 0.013320287 | I53: 0.20836685 | J53: 0.12262499 | K53: 0.057821583 | L53: 0.052781488 | M53: 0.057096424 | N53: 0.14743244 | O53: 0.11805457 | P53: 0.21691574 | Q53: 0.21084337 | R53: 0.21084337 | S53: 0.35505464 | T53: 0.27793144
C54: Macro-avg | F54: 0.17950692 | G54: 0.14799463 | H54: 0.16643229 | I54: 0.24238954 | J54: 0.21005756 | K54: 0.2267926 | L54: 0.21720493 | M54: 0.22107044 | N54: 0.27119382 | O54: 0.26106728 | P54: 0.35384166 | Q54: 0.34328494 | R54: 0.35388348 | S54: 0.40684179 | T54: 0.37331872
B55: BAC | C55: buffer_capacity | D55: 9 | E55: 0.065217391 | F55: 0.075404556 | G55: 0.14698681 | H55: 0.24853563 | I55: 0.20785484 | J55: 0.13959212 | K55: 0.10318351 | L55: 0.26336868 | M55: 0.29836433 | N55: 0.28419269 | O55: 0.14883598 | P55: 0.22979217 | Q55: 0.30430153 | R55: 0.2833865 | S55: 0.27012751 | T55: 0.26432479
C56: acid_base_balance | D56: 4 | E56: 0.028985507 | F56: 0.39098099 | G56: 0.2971126 | H56: 0.31271477 | I56: 0.28811511 | J56: 0.29764348 | K56: 0.52102532 | L56: 0.36604017 | M56: 0.37704282 | N56: 0.41313067 | O56: 0.35625692 | P56: 0.45972538 | Q56: 0.52889 | R56: 0.50575728 | S56: 0.52202302 | T56: 0.54487282
C57: acid_accumulation | D57: 20 | E57: 0.14492754 | F57: 0.19242043 | G57: 0.16146929 | H57: 0.56878149 | I57: 0.18864023 | J57: 0.23061453 | K57: 0.26896825 | L57: 0.22260586 | M57: 0.47601162 | N57: 0.3250534 | O57: 0.31477276 | P57: 0.28596219 | Q57: 0.25680584 | R57: 0.58909774 | S57: 0.21379119 | T57: 0.24166985
C58: ammonia_toxicity | D58: 26 | E58: 0.1884058 | F58: 0.6496494 | G58: 0.69051723 | H58: 0.6765276 | I58: 0.68344736 | J58: 0.63886488 | K58: 0.62860735 | L58: 0.7167336 | M58: 0.68593956 | N58: 0.6402158 | O58: 0.60239952 | P58: 0.82776918 | Q58: 0.84706074 | R58: 0.84546763 | S58: 0.85269483 | T58: 0.79363919
C59: biogas_quality | D59: 7 | E59: 0.050724638 | F59: 0.064920691 | G59: 0.19159217 | H59: 0.25214974 | I59: 0.31749024 | J59: 0.39139016 | K59: 0.10649359 | L59: 0.27851699 | M59: 0.30891156 | N59: 0.32108844 | O59: 0.35482956 | P59: 0.20833333 | Q59: 0.30514535 | R59: 0.340885 | S59: 0.38194946 | T59: 0.47449803
C60: Macro-avg | F60: 0.27467521 | G60: 0.29753562 | H60: 0.41174185 | I60: 0.33710956 | J60: 0.33962103 | K60: 0.32565561 | L60: 0.36945306 | M60: 0.42925398 | N60: 0.3967362 | O60: 0.35541895 | P60: 0.40231645 | Q60: 0.44844069 | R60: 0.51291883 | S60: 0.4481172 | T60: 0.46380093
B61: merged | C61: buffer_capacity | D61: 9 | E61: 0.065217391 | F61: 0.02219103 | G61: 0.16747737 | H61: 0.2081668 | I61: 0.16938385 | J61: 0.16055595 | K61: 0.090168821 | L61: 0.22388642 | M61: 0.28386697 | N61: 0.29031379 | O61: 0.13869465 | P61: 0.24850649 | Q61: 0.2612902 | R61: 0.30246955 | S61: 0.28910522 | T61: 0.29618276
C62: acid_base_balance | D62: 4 | E62: 0.028985507 | F62: 0.37489882 | G62: 0.27886556 | H62: 0.26534498 | I62: 0.26365068 | J62: 0.28609019 | K62: 0.44558 | L62: 0.3564652 | M62: 0.35598056 | N62: 0.36612731 | O62: 0.34209611 | P62: 0.51875783 | Q62: 0.45678136 | R62: 0.48356051 | S62: 0.46451305 | T62: 0.49112346
C63: acid_accumulation | D63: 20 | E63: 0.14492754 | F63: 0.25670439 | G63: 0.14413117 | H63: 0.5998391 | I63: 0.23352612 | J63: 0.15956732 | K63: 0.14552781 | L63: 0.12373338 | M63: 0.53659149 | N63: 0.32220543 | O63: 0.25000163 | P63: 0.3459609 | Q63: 0.2299581 | R63: 0.62920138 | S63: 0.23388541 | T63: 0.22296157
C64: ammonia_toxicity | D64: 26 | E64: 0.1884058 | F64: 0.65994753 | G64: 0.69137235 | H64: 0.6566163 | I64: 0.67412458 | J64: 0.6610828 | K64: 0.59320486 | L64: 0.71171151 | M64: 0.66537657 | N64: 0.6231635 | O64: 0.58220399 | P64: 0.82981746 | Q64: 0.85690041 | R64: 0.83427394 | S64: 0.83488523 | T64: 0.81853763
C65: biogas_quality | D65: 7 | E65: 0.050724638 | F65: 0.021899549 | G65: 0.14240259 | H65: 0.22546034 | I65: 0.33997903 | J65: 0.43170648 | K65: 0.059432851 | L65: 0.27492795 | M65: 0.31096532 | N65: 0.39878438 | O65: 0.41246008 | P65: 0.20095039 | Q65: 0.28450924 | R65: 0.31472951 | S65: 0.39050922 | T65: 0.50760002
C66: Macro-avg | F66: 0.26712826 | G66: 0.28484981 | H66: 0.3910855 | I66: 0.33613285 | J66: 0.33980055 | K66: 0.26678287 | L66: 0.33814489 | M66: 0.43055618 | N66: 0.40011888 | O66: 0.34509129 | P66: 0.42879861 | Q66: 0.41788786 | R66: 0.51284698 | S66: 0.44257963 | T66: 0.46728109
B67: 2) Genus
B68: Dataset | C68: Flag | D68: n_pos | E68: prevalence | F68: MCC | K68: AUPR | P68: F2
F69: DeepPhylo | G69: MetaDR | H69: RF | I69: Phylospec | J69: PMCNN | K69: DeepPhylo | L69: MetaDR | M69: RF | N69: Phylospec | O69: PMCNN | P69: DeepPhylo | Q69: MetaDR | R69: RF | S69: Phylospec | T69: PMCNN
B70: ARC | C70: buffer_capacity | D70: 9 | E70: 0.065217391 | F70: -0.083852988 | G70: -0.039655772 | H70: -0.1237917 | I70: -0.095844918 | J70: -0.054911708 | K70: 0.055015568 | L70: 0.069544204 | M70: 0.062207217 | N70: 0.063563971 | O70: 0.064614389 | P70: 0.10810214 | Q70: 0.16631874 | R70: 0.17442676 | S70: 0.20641437 | T70: 0.18521889
C71: acid_base_balance | D71: 4 | E71: 0.028985507 | F71: 0.11111674 | G71: 0.28011091 | H71: 0.12117476 | I71: 0.23753225 | J71: 0.18136987 | K71: 0.19914532 | L71: 0.26310702 | M71: 0.28623426 | N71: 0.25044448 | O71: 0.27296873 | P71: 0.33115727 | Q71: 0.52966107 | R71: 0.30074419 | S71: 0.50343035 | T71: 0.38774508
C72: acid_accumulation | D72: 20 | E72: 0.14492754 | F72: -0.018766489 | G72: 0.1623832 | H72: 0.17571797 | I72: 0.044334688 | J72: 0.013256814 | K72: 0.0290697 | L72: 0.090836132 | M72: 0.12044459 | N72: 0.040822184 | O72: 0.045762481 | P72: 0.088391463 | Q72: 0.23627994 | R72: 0.27719891 | S72: 0.1410244 | T72: 0.13371172
C73: ammonia_toxicity | D73: 26 | E73: 0.1884058 | F73: 0.074796835 | G73: 0.46595376 | H73: 0.52179346 | I73: 0.43208599 | J73: 0.52448655 | K73: 0.24415475 | L73: 0.55629374 | M73: 0.52780354 | N73: 0.49049483 | O73: 0.47012211 | P73: 0.32400065 | Q73: 0.69562618 | R73: 0.68585333 | S73: 0.62412156 | T73: 0.69549219
C74: biogas_quality | D74: 7 | E74: 0.050724638 | F74: -0.00068404397 | G74: 0.10413199 | H74: -0.056884991 | I74: 0.025078509 | J74: 0.085561525 | K74: 0.049622288 | L74: 0.10677999 | M74: 0.049935634 | N74: 0.061434211 | O74: 0.07462714 | P74: 0.1968548 | Q74: 0.25740796 | R74: 0.16096673 | S74: 0.2093385 | T74: 0.22748992
C75: Macro-avg | F75: 0.016522011 | G75: 0.19458482 | H75: 0.1276019 | I75: 0.1286373 | J75: 0.14995261 | K75: 0.11540153 | L75: 0.21731222 | M75: 0.20932505 | N75: 0.18135194 | O75: 0.18561897 | P75: 0.20970126 | Q75: 0.37705878 | R75: 0.31983798 | S75: 0.33686584 | T75: 0.32593156
B76: BAC | C76: buffer_capacity | D76: 9 | E76: 0.065217391 | F76: -0.038786086 | G76: 0.020037117 | H76: -0.063952306 | I76: 0.059160097 | J76: 0.054929964 | K76: 0.067531353 | L76: 0.079371599 | M76: 0.096688917 | N76: 0.08438801 | O76: 0.11863297 | P76: 0.10393114 | Q76: 0.22108977 | R76: 0.14588669 | S76: 0.23538478 | T76: 0.17911825
C77: acid_base_balance | D77: 4 | E77: 0.028985507 | F77: 0.22045016 | G77: 0.28248574 | H77: 0.13188275 | I77: 0.31907429 | J77: 0.38840435 | K77: 0.31113045 | L77: 0.35132294 | M77: 0.31355939 | N77: 0.45350099 | O77: 0.47584101 | P77: 0.42475531 | Q77: 0.50416698 | R77: 0.39991881 | S77: 0.37919546 | T77: 0.63331896
C78: acid_accumulation | D78: 20 | E78: 0.14492754 | F78: 0.095461363 | G78: 0.051701861 | H78: 0.09112735 | I78: 0.013548832 | J78: 0.042862148 | K78: 0.048920377 | L78: 0.068876451 | M78: 0.063151385 | N78: 0.056156658 | O78: 0.069875654 | P78: 0.17273735 | Q78: 0.13503095 | R78: 0.16779746 | S78: 0.10706554 | T78: 0.10326637
C79: ammonia_toxicity | D79: 26 | E79: 0.1884058 | F79: 0.45708668 | G79: 0.64317581 | H79: 0.67971387 | I79: 0.49516996 | J79: 0.62902554 | K79: 0.40498547 | L79: 0.60006945 | M79: 0.56183966 | N79: 0.4864325 | O79: 0.61876915 | P79: 0.72180247 | Q79: 0.80882128 | R79: 0.84503604 | S79: 0.70959057 | T79: 0.80607234
C80: biogas_quality | D80: 7 | E80: 0.050724638 | F80: 0.0096090909 | G80: 0.066668166 | H80: 0.07449537 | I80: -0.016466881 | J80: 0.071717164 | K80: 0.069311934 | L80: 0.079542316 | M80: 0.087119875 | N80: 0.073498536 | O80: 0.088594288 | P80: 0.13281915 | Q80: 0.21831177 | R80: 0.23959388 | S80: 0.16164551 | T80: 0.22319095
C81: Macro-avg | F81: 0.14876424 | G81: 0.21281374 | H81: 0.18265341 | I81: 0.17409726 | J81: 0.23738783 | K81: 0.18037592 | L81: 0.23583655 | M81: 0.22447185 | N81: 0.23079534 | O81: 0.27434261 | P81: 0.31120908 | Q81: 0.37748415 | R81: 0.35964658 | S81: 0.31857637 | T81: 0.38899337
B82: merged | C82: buffer_capacity | D82: 9 | E82: 0.065217391 | F82: -0.013729353 | G82: -0.1054096 | H82: -0.062270006 | I82: -0.076167817 | J82: 0.043814198 | K82: 0.10620651 | L82: 0.053302311 | M82: 0.06604763 | N82: 0.060125322 | O82: 0.088111977 | P82: 0.14440377 | Q82: 0.19935845 | R82: 0.20704773 | S82: 0.050120773 | T82: 0.22231585
C83: acid_base_balance | D83: 4 | E83: 0.028985507 | F83: 0.244939 | G83: 0.31782198 | H83: 0.10820027 | I83: 0.37469588 | J83: 0.38010351 | K83: 0.2758899 | L83: 0.32762517 | M83: 0.29381231 | N83: 0.3909738 | O83: 0.36051157 | P83: 0.50816554 | Q83: 0.57748119 | R83: 0.34600618 | S83: 0.562844 | T83: 0.6083234
C84: acid_accumulation | D84: 20 | E84: 0.14492754 | F84: 0.09426337 | G84: 0.15957805 | H84: 0.10440914 | I84: -0.010550946 | J84: 0.064579445 | K84: 0.13327345 | L84: 0.060043342 | M84: 0.093744871 | N84: 0.05489844 | O84: 0.05348888 | P84: 0.16534392 | Q84: 0.22257602 | R84: 0.19499269 | S84: 0.076128485 | T84: 0.15548472
C85: ammonia_toxicity | D85: 26 | E85: 0.1884058 | F85: 0.36399765 | G85: 0.62256924 | H85: 0.66150813 | I85: 0.57126249 | J85: 0.53654385 | K85: 0.43211204 | L85: 0.56640214 | M85: 0.58410153 | N85: 0.58566837 | O85: 0.56498044 | P85: 0.58761899 | Q85: 0.81184608 | R85: 0.81350759 | S85: 0.7701689 | T85: 0.73829246
C86: biogas_quality | D86: 7 | E86: 0.050724638 | F86: 0.090873257 | G86: -0.0072669714 | H86: -0.0081206965 | I86: 0.10743822 | J86: 0.11331157 | K86: 0.14391609 | L86: 0.056625037 | M86: 0.074391771 | N86: 0.090533782 | O86: 0.15088137 | P86: 0.21459769 | Q86: 0.18591185 | R86: 0.19348804 | S86: 0.26120802 | T86: 0.24372819
C87: Macro-avg | F87: 0.15606879 | G87: 0.19745854 | H87: 0.16074537 | I87: 0.19333557 | J87: 0.22767051 | K87: 0.2182796 | L87: 0.2127996 | M87: 0.22241962 | N87: 0.23643994 | O87: 0.24359485 | P87: 0.32402598 | Q87: 0.39943472 | R87: 0.35100845 | S87: 0.34409404 | T87: 0.39362893

Sheet Genus_PerFlag
A1: domain | B1: model | C1: flag | D1: n_pos | E1: prevalence | F1: n_repeats_scored | G1: auprc | H1: auprc_lo | I1: auprc_hi | J1: auprc_lift | K1: auprc_lift_lo | L1: auprc_lift_hi | M1: auroc | N1: auroc_lo | O1: auroc_hi | P1: mcc | Q1: mcc_lo | R1: mcc_hi | S1: f2 | T1: f2_lo | U1: f2_hi | V1: precision | W1: precision_lo | X1: precision_hi | Y1: recall | Z1: recall_lo | AA1: recall_hi | AB1: threshold | AC1: threshold_lo | AD1: threshold_hi
A2: ARC | B2: CNN | C2: acid_accumulation | D2: 4 | E2: 0.028985507 | F2: 5 | G2: 0.062356127 | H2: 0.027803274 | I2: 0.16212446 | J2: 2.1512864 | K2: 0.95921296 | L2: 5.5932937 | M2: 0.54626866 | N2: 0.38041045 | O2: 0.86324627 | P2: 0.092388616 | Q2: -0.011406425 | R2: 0.26270559 | S2: 0.18370199 | T2: 0.094318182 | U2: 0.35042735 | V2: 0.047278267 | W2: 0.025961538 | X2: 0.098697238 | Y2: 0.8 | Z2: 0.3 | AA2: 1 | AB2: 0.33129564 | AC2: 0.27347774 | AD2: 0.37585088
A3: ARC | B3: CNN | C3: acid_base_balance | D3: 20 | E3: 0.14492754 | F3: 5 | G3: 0.35889731 | H3: 0.26348981 | I3: 0.42351673 | J3: 2.4763914 | K3: 1.8180797 | L3: 2.9222655 | M3: 0.74355932 | N3: 0.70792373 | O3: 0.77177966 | P3: 0.22850963 | Q3: 0.20464554 | R3: 0.27620688 | S3: 0.411137 | T3: 0.23002497 | U3: 0.52405149 | V3: 0.31560461 | W3: 0.20287456 | X3: 0.49444444 | Y3: 0.58 | Z3: 0.205 | AA3: 0.85 | AB3: 0.5025435 | AC3: 0.49763612 | AD3: 0.50895876
A4: ARC | B4: CNN | C4: ammonia_toxicity | D4: 26 | E4: 0.1884058 | F4: 5 | G4: 0.25979611 | H4: 0.2455251 | I4: 0.29468944 | J4: 1.3789178 | K4: 1.3031717 | L4: 1.5641209 | M4: 0.61098901 | N4: 0.57414148 | O4: 0.64766484 | P4: 0.01784221 | Q4: -0.060023787 | R4: 0.10806641 | S4: 0.36242493 | T4: 0.068416187 | U4: 0.52372983 | V4: 0.20973166 | W4: 0.17685185 | X4: 0.27275472 | Y4: 0.56923077 | Z4: 0.061538462 | AA4: 0.95 | AB4: 0.50124126 | AC4: 0.4738974 | AD4: 0.5178338
A5: ARC | B5: CNN | C5: biogas_quality | D5: 7 | E5: 0.050724638 | F5: 5 | G5: 0.041724392 | H5: 0.037873546 | I5: 0.04788488 | J5: 0.82256659 | K5: 0.74664991 | L5: 0.94401621 | M5: 0.34307525 | N5: 0.28135224 | O5: 0.43576881 | P5: -0.045830622 | Q5: -0.15830865 | R5: 0.072708363 | S5: 0.17499725 | T5: 0.065259677 | U5: 0.22857831 | V5: 0.042945622 | W5: 0.017623631 | X5: 0.05595351 | Y5: 0.77142857 | Z5: 0.21428571 | AA5: 1 | AB5: 0.33981033 | AC5: 0.19910286 | AD5: 0.45241667
A6: ARC | B6: CNN | C6: buffer_capacity | D6: 9 | E6: 0.065217391 | F6: 5 | G6: 0.071672436 | H6: 0.05645921 | I6: 0.099470887 | J6: 1.0989774 | K6: 0.86570789 | L6: 1.5252203 | M6: 0.40602929 | N6: 0.35469423 | O6: 0.44186047 | P6: -0.035350816 | Q6: -0.11638376 | R6: -0.0043907906 | S6: 0.19722709 | T6: 0.1043956 | U6: 0.24829384 | V6: 0.061609524 | W6: 0.05625 | X6: 0.063949206 | Y6: 0.6 | Z6: 0.13333333 | AA6: 0.88888889 | AB6: 0.41643998 | AC6: 0.36628679 | AD6: 0.47094315
A7: ARC | B7: DeepPhylo | C7: acid_accumulation | D7: 4 | E7: 0.028985507 | F7: 5 | G7: 0.0290697 | H7: 0.024931237 | I7: 0.035489034 | J7: 1.0029046 | K7: 0.86012769 | L7: 1.2243717 | M7: 0.42201493 | N7: 0.33479478 | O7: 0.53320896 | P7: -0.018766489 | Q7: -0.123028 | R7: 0.082444193 | S7: 0.088391463 | T7: 0.0061728395 | U7: 0.15577652 | V7: 0.020889917 | W7: 0.0015384615 | X7: 0.035591133 | Y7: 0.5 | Z7: 0.025 | AA7: 1 | AB7: 0.14119783 | AC7: 0.0080964461 | AD7: 0.21912629
A8: ARC | B8: DeepPhylo | C8: acid_base_balance | D8: 20 | E8: 0.14492754 | F8: 5 | G8: 0.19914532 | H8: 0.14647716 | I8: 0.23656998 | J8: 1.3741027 | K8: 1.0106924 | L8: 1.6323328 | M8: 0.5870339 | N8: 0.50747881 | O8: 0.68300847 | P8: 0.11111674 | Q8: -0.0041520239 | R8: 0.19536048 | S8: 0.33115727 | T8: 0.13239538 | U8: 0.51475376 | V8: 0.24920414 | W8: 0.14215883 | X8: 0.47631579 | Y8: 0.52 | Z8: 0.115 | AA8: 0.94 | AB8: 0.46406123 | AC8: 0.091831665 | AD8: 0.62999344
A9: ARC | B9: DeepPhylo | C9: ammonia_toxicity | D9: 26 | E9: 0.1884058 | F9: 5 | G9: 0.24415475 | H9: 0.19166098 | I9: 0.31757975 | J9: 1.2958983 | K9: 1.0172775 | L9: 1.6856156 | M9: 0.56651786 | N9: 0.47474245 | O9: 0.66052541 | P9: 0.074796835 | Q9: 0.035756169 | R9: 0.13372372 | S9: 0.32400065 | T9: 0.06760352 | U9: 0.45320856 | V9: 0.24750931 | W9: 0.20554947 | X9: 0.326 | Y9: 0.40769231 | Z9: 0.061538462 | AA9: 0.64615385 | AB9: 0.59482182 | AC9: 0.50035905 | AD9: 0.79667664
A10: ARC | B10: DeepPhylo | C10: biogas_quality | D10: 7 | E10: 0.050724638 | F10: 5 | G10: 0.049622288 | H10: 0.04072283 | I10: 0.067344187 | J10: 0.97826796 | K10: 0.80282152 | L10: 1.3276426 | M10: 0.43718648 | N10: 0.34912759 | O10: 0.5757361 | P10: -0.00068404397 | Q10: -0.11800857 | R10: 0.099986987 | S10: 0.1968548 | T10: 0.12864135 | U10: 0.24405321 | V10: 0.049507112 | W10: 0.033227909 | X10: 0.060870635 | Y10: 0.77142857 | Z10: 0.45714286 | AA10: 0.98571429 | AB10: 0.11216592 | AC10: 0.0004860038 | AD10: 0.33125043
A11: ARC | B11: DeepPhylo | C11: buffer_capacity | D11: 9 | E11: 0.065217391 | F11: 5 | G11: 0.055015568 | H11: 0.04268055 | I11: 0.063065434 | J11: 0.84357205 | K11: 0.65443511 | L11: 0.96700332 | M11: 0.37416021 | N11: 0.19763135 | O11: 0.46033592 | P11: -0.083852988 | Q11: -0.24836566 | R11: -0.016016678 | S11: 0.10810214 | T11: 0.0069444444 | U11: 0.23693582 | V11: 0.035373099 | W11: 0.0027777778 | X11: 0.0626 | Y11: 0.31111111 | Z11: 0.011111111 | AA11: 0.84444444 | AB11: 0.39102411 | AC11: 0.0033081178 | AD11: 0.86111756
A12: ARC | B12: MetaDR | C12: acid_accumulation | D12: 4 | E12: 0.028985507 | F12: 5 | G12: 0.090836132 | H12: 0.077970965 | I12: 0.1022834 | J12: 3.1338465 | K12: 2.6899983 | L12: 3.5287772 | M12: 0.78470149 | N12: 0.7608209 | O12: 0.80634328 | P12: 0.1623832 | Q12: 0.11941332 | R12: 0.2098707 | S12: 0.23627994 | T12: 0.19307692 | U12: 0.27894486 | V12: 0.083419578 | W12: 0.064119601 | X12: 0.11 | Y12: 0.65 | Z12: 0.25 | AA12: 1 | AB12: 0.13977067 | AC12: 0.0043832595 | AD12: 0.43109375
A13: ARC | B13: MetaDR | C13: acid_base_balance | D13: 20 | E13: 0.14492754 | F13: 5 | G13: 0.26310702 | H13: 0.25140255 | I13: 0.27840017 | J13: 1.8154384 | K13: 1.7346776 | L13: 1.9209612 | M13: 0.72635593 | N13: 0.71364407 | O13: 0.73847458 | P13: 0.28011091 | Q13: 0.22323377 | R13: 0.32679924 | S13: 0.52966107 | T13: 0.46928879 | U13: 0.58358621 | V13: 0.27286325 | W13: 0.2375 | X13: 0.31055556 | Y13: 0.71 | Z13: 0.555 | AA13: 0.85 | AB13: 0.43948392 | AC13: 0.33900647 | AD13: 0.61618674
... A91: merged | B91: RF | C91: buffer_capacity | D91: 9 | E91: 0.065217391 | F91: 5 | G91: 0.06604763 | H91: 0.056040968 | I91: 0.073807673 | J91: 1.0127303 | K91: 0.85929484 | L91: 1.1317177 | M91: 0.40103359 | N91: 0.37838071 | O91: 0.43126615 | P91: -0.062270006 | Q91: -0.165061 | R91: 0.043336337 | S91: 0.20704773 | T91: 0.11496212 | U91: 0.26218739 | V91: 0.064189578 | W91: 0.05434902 | X91: 0.081716418 | Y91: 0.71111111 | Z91: 0.17777778 | AA91: 0.98888889 | AB91: 0.05640049 | AC91: 0.015089074 | AD91: 0.17351856

Sheet Genus_MacroAvg
A1: domain | B1: model | C1: n_repeats_scored | D1: auprc | E1: auprc_lo | F1: auprc_hi | G1: auprc_lift | H1: auprc_lift_lo | I1: auprc_lift_hi | J1: auroc | K1: auroc_lo | L1: auroc_hi | M1: mcc | N1: mcc_lo | O1: mcc_hi | P1: f2 | Q1: f2_lo | R1: f2_hi | S1: precision | T1: precision_lo | U1: precision_hi | V1: recall | W1: recall_lo | X1: recall_hi
A2: ARC | B2: CNN | C2: 5 | D2: 0.15888927 | E2: 0.13956085 | F2: 0.19648267 | G2: 1.5856279 | H2: 1.2994583 | I2: 2.3604846 | J2: 0.5299843 | K2: 0.48500438 | L2: 0.60503664 | M2: 0.051511804 | N2: 0.027254106 | O2: 0.076712795 | P2: 0.26589765 | Q2: 0.18707888 | R2: 0.3571242 | S2: 0.13543394 | T2: 0.10687851 | U2: 0.16506885 | V2: 0.66413187 | W2: 0.47672283 | X2: 0.85057387
A3: ARC | B3: DeepPhylo | C3: 5 | D3: 0.11540153 | E3: 0.10863115 | F3: 0.12301222 | G3: 1.0989491 | H3: 1.0019234 | I3: 1.201901 | J3: 0.47738267 | K3: 0.41316433 | L3: 0.53081302 | M3: 0.016522011 | N3: -0.036662109 | O3: 0.06694409 | P3: 0.20970126 | Q3: 0.1053705 | R3: 0.27276594 | S3: 0.12049672 | T3: 0.09911618 | U3: 0.14879868 | V3: 0.5020464 | W3: 0.19159585 | X3: 0.73557387
A4: ARC | B4: MetaDR | C4: 5 | D4: 0.21731222 | E4: 0.20391761 | F4: 0.23579961 | G4: 2.2146713 | H4: 2.1396872 | I4: 2.3005459 | J4: 0.69400358 | K4: 0.64956605 | L4: 0.71967972 | M4: 0.19458482 | N4: 0.16525298 | O4: 0.21180305 | P4: 0.37705878 | Q4: 0.33867527 | R4: 0.40658103 | S4: 0.18422151 | T4: 0.16239186 | U4: 0.20802585 | V4: 0.67878877 | W4: 0.54138706 | X4: 0.78580342
A5: ARC | B5: PMCNN | C5: 5 | D5: 0.18561897 | E5: 0.17994884 | F5: 0.19031826 | G5: 1.6839056 | H5: 1.5872958 | I5: 1.7975074 | J5: 0.62761442 | K5: 0.59133094 | L5: 0.66192509 | M5: 0.14995261 | N5: 0.085996533 | O5: 0.20392394 | P5: 0.32593156 | Q5: 0.25993841 | R5: 0.37758531 | S5: 0.1752367 | T5: 0.13734592 | U5: 0.20328762 | V5: 0.68932357 | W5: 0.64876435 | X5: 0.80022833
A6: ARC | B6: PhyloSpec | C6: 5 | D6: 0.18135194 | E6: 0.15312452 | F6: 0.20716026 | G6: 1.5851214 | H6: 1.3422938 | I6: 1.7819485 | J6: 0.58195093 | K6: 0.54364014 | L6: 0.62092319 | M6: 0.1286373 | N6: 0.1079698 | O6: 0.16052361 | P6: 0.33686584 | Q6: 0.31624522 | R6: 0.36427369 | S6: 0.16847056 | T6: 0.15461067 | U6: 0.19051682 | V6: 0.72052503 | W6: 0.59308059 | X6: 0.78055922
A7: ARC | B7: RF | C7: 5 | D7: 0.20932505 | E7: 0.17092051 | F7: 0.22611638 | G7: 2.1740125 | H7: 1.8303866 | I7: 2.5569808 | J7: 0.62799847 | K7: 0.6135185 | L7: 0.64590216 | M7: 0.1276019 | N7: 0.05887698 | O7: 0.19157927 | P7: 0.31983798 | Q7: 0.28235047 | R7: 0.37135618 | S7: 0.18949795 | T7: 0.15326242 | U7: 0.21399505 | V7: 0.62011966 | W7: 0.48310989 | X7: 0.74335775
A8: BAC | B8: CNN | C8: 5 | D8: 0.1973321 | E8: 0.18208515 | F8: 0.20792784 | G8: 1.7461418 | H8: 1.6721358 | I8: 1.8490523 | J8: 0.62989435 | K8: 0.60680227 | L8: 0.65579072 | M8: 0.18304438 | N8: 0.17239186 | O8: 0.191691 | P8: 0.37812439 | Q8: 0.36773275 | R8: 0.39500247 | S8: 0.17777133 | T8: 0.16109763 | U8: 0.19590743 | V8: 0.82522589 | W8: 0.7036569 | X8: 0.92082418
A9: BAC | B9: DeepPhylo | C9: 5 | D9: 0.18037592 | E9: 0.15284457 | F9: 0.20648614 | G9: 1.6807667 | H9: 1.4276491 | I9: 1.8138595 | J9: 0.64704349 | K9: 0.59855212 | L9: 0.69688244 | M9: 0.14876424 | N9: 0.11948458 | O9: 0.18081672 | P9: 0.31120908 | Q9: 0.22288103 | R9: 0.35511032 | S9: 0.17547045 | T9: 0.11168372 | U9: 0.2788447 | V9: 0.62796093 | W9: 0.42912698 | X9: 0.76691087
A10: BAC | B10: MetaDR | C10: 5 | D10: 0.23583655 | E10: 0.20308485 | F10: 0.2565046 | G10: 2.1618975 | H10: 1.825082 | I10: 2.4627081 | J10: 0.70109543 | K10: 0.68091945 | L10: 0.72605028 | M10: 0.21281374 | N10: 0.18467772 | O10: 0.2678337 | P10: 0.37748415 | Q10: 0.35356969 | R10: 0.4239746 | S10: 0.20913359 | T10: 0.1978129 | U10: 0.23581923 | V10: 0.64190476 | W10: 0.50434066 | X10: 0.76203297
A11: BAC | B11: PMCNN | C11: 5 | D11: 0.27434261 | E11: 0.26727187 | F11: 0.27964296 | G11: 2.5134085 | H11: 2.3781034 | I11: 2.6423926 | J11: 0.70279658 | K11: 0.68303622 | L11: 0.71537035 | M11: 0.23738783 | N11: 0.20248296 | O11: 0.26986781 | P11: 0.38899337 | Q11: 0.34065641 | R11: 0.42950738 | S11: 0.21403174 | T11: 0.19625768 | U11: 0.22714664 | V11: 0.67503053 | W11: 0.42017094 | X11: 0.83724054
A12: BAC | B12: PhyloSpec | C12: 5 | D12: 0.23079534 | E12: 0.19480607 | F12: 0.26204415 | G12: 2.0781496 | H12: 1.7916459 | I12: 2.3516285 | J12: 0.61226327 | K12: 0.57564699 | L12: 0.6321419 | M12: 0.17409726 | N12: 0.1248439 | O12: 0.20534113 | P12: 0.31857637 | Q12: 0.29118389 | R12: 0.3799795 | S12: 0.2212126 | T12: 0.17441106 | U12: 0.27373314 | V12: 0.61758242 | W12: 0.49260684 | X12: 0.72467033
A13: BAC | B13: RF | C13: 5 | D13: 0.22447185 | E13: 0.20525769 | F13: 0.249081 | G13: 2.1144864 | H13: 1.6956604 | I13: 2.8594105 | J13: 0.63804905 | K13: 0.59591823 | L13: 0.67069364 | M13: 0.18265341 | N13: 0.14667505 | O13: 0.23806645 | P13: 0.35964658 | Q13: 0.31853458 | R13: 0.40364369 | S13: 0.19582072 | T13: 0.18023565 | U13: 0.23268704 | V13: 0.69557998 | W13: 0.49874237 | X13: 0.80913309
... A19: merged | B19: RF | C19: 5 | D19: 0.22241962 | E19: 0.20448643 | F19: 0.25423861 | G19: 2.168209 | H19: 1.7416511 | I19: 3.0411145 | J19: 0.60415748 | K19: 0.58551543 | L19: 0.62785302 | M19: 0.16074537 | N19: 0.12402803 | O19: 0.18785064 | P19: 0.35100845 | Q19: 0.29286076 | R19: 0.38760993 | S19: 0.19974099 | T19: 0.18494946 | U19: 0.23647357 | V19: 0.72896947 | W19: 0.63474481 | X19: 0.83560684

Sheet TaxLevel_PerFlag
A1: level | B1: domain | C1: model | D1: flag | E1: n_pos | F1: prevalence | G1: n_repeats_scored | H1: auprc | I1: auprc_lo | J1: auprc_hi | K1: auprc_lift | L1: auprc_lift_lo | M1: auprc_lift_hi | N1: auroc | O1: auroc_lo | P1: auroc_hi | Q1: mcc | R1: mcc_lo | S1: mcc_hi | T1: f2 | U1: f2_lo | V1: f2_hi | W1: precision | X1: precision_lo | Y1: precision_hi | Z1: recall | AA1: recall_lo | AB1: recall_hi | AC1: threshold | AD1: threshold_lo | AE1: threshold_hi
A2: Phylum | B2: ARC | C2: GLMNET | D2: acid_accumulation | E2: 4 | F2: 0.028985507 | G2: 5 | H2: 0.062770049 | I2: 0.054528264 | J2: 0.075306829 | K2: 2.1655667 | L2: 1.8812251 | M2: 2.5980856 | N2: 0.69776119 | O2: 0.67052239 | P2: 0.7358209 | Q2: 0.10620714 | R2: 0.054256515 | S2: 0.15451029 | T2: 0.18270628 | U2: 0.15494505 | V2: 0.21585419 | W2: 0.044491401 | X2: 0.040081633 | Y2: 0.052187698 | Z2: 0.85 | AA2: 0.525 | AB2: 1 | AC2: 0.018170136 | AD2: 0.0033904516 | AE2: 0.046249434
A3: Phylum | B3: ARC | C3: GLMNET | D3: acid_base_balance | E3: 20 | F3: 0.14492754 | G3: 5 | H3: 0.2131209 | I3: 0.18530057 | J3: 0.26543038 | K3: 1.4705342 | L3: 1.2785739 | M3: 1.8314696 | N3: 0.64237288 | O3: 0.60885593 | P3: 0.67567797 | Q3: 0.14972069 | R3: 0.081608539 | S3: 0.22906928 | T3: 0.42589096 | U3: 0.32868293 | V3: 0.51313629 | W3: 0.20877162 | X3: 0.1672285 | Y3: 0.25879121 | Z3: 0.61 | AA3: 0.405 | AB3: 0.885 | AC3: 0.42076131 | AD3: 0.074851225 | AE3: 0.60786685
A4: Phylum | B4: ARC | C4: GLMNET | D4: ammonia_toxicity | E4: 26 | F4: 0.1884058 | G4: 5 | H4: 0.44004481 | I4: 0.37855451 | J4: 0.49456323 | K4: 2.3356225 | L4: 2.0092509 | M4: 2.6249895 | N4: 0.81737637 | O4: 0.78983516 | P4: 0.83224588 | Q4: 0.5088691 | R4: 0.42479975 | S4: 0.56621288 | T4: 0.68507461 | U4: 0.56970357 | V4: 0.75291212 | W4: 0.50735064 | X4: 0.4775 | Y4: 0.52606516 | Z4: 0.75384615 | AA4: 0.59230769 | AB4: 0.84615385 | AC4: 0.66764206 | AD4: 0.62574376 | AE4: 0.73126206
A5: Phylum | B5: ARC | C5: GLMNET | D5: biogas_quality | E5: 7 | F5: 0.050724638 | G5: 5 | H5: 0.053912111 | I5: 0.04969481 | J5: 0.058441636 | K5: 1.0628388 | L5: 0.97969769 | M5: 1.1521351 | N5: 0.40937841 | O5: 0.38004362 | P5: 0.44263904 | Q5: -0.060295435 | R5: -0.088971997 | S5: -0.028062439 | T5: 0.13171945 | U5: 0.0092592593 | V5: 0.19206426 | W5: 0.035557336 | X5: 0.0038461538 | Y5: 0.04681713 | Z5: 0.51428571 | AA5: 0.014285714 | AB5: 0.85714286 | AC5: 0.16123827 | AD5: 0.000138787 | AE5: 0.44837038
A6: Phylum | B6: ARC | C6: GLMNET | D6: buffer_capacity | E6: 9 | F6: 0.065217391 | G6: 5 | H6: 0.077996616 | I6: 0.067756423 | J6: 0.092289983 | K6: 1.1959481 | L6: 1.0389318 | M6: 1.4151131 | N6: 0.47269595 | O6: 0.43264427 | P6: 0.50232558 | Q6: 0.019971439 | R6: -0.12353531 | S6: 0.10947295 | T6: 0.17701149 | U6: 0.10565476 | V6: 0.28621126 | W6: 0.087840756 | X6: 0.044912281 | Y6: 0.15833333 | Z6: 0.42222222 | AA6: 0.11111111 | AB6: 0.94444444 | AC6: 0.37117969 | AD6: 0.028829647 | AE6: 0.74697516
A7: Phylum | B7: ARC | C7: KNN | D7: acid_accumulation | E7: 4 | F7: 0.028985507 | G7: 5 | H7: 0.029619565 | I7: 0.028985507 | J7: 0.031838768 | K7: 1.021875 | L7: 1 | M7: 1.0984375 | N7: 0.44123134 | O7: 0.41156716 | P7: 0.50419776 | Q7: 0 | R7: 0 | S7: 0 | T7: 0.12987013 | U7: 0.12987013 | V7: 0.12987013 | W7: 0.028985507 | X7: 0.028985507 | Y7: 0.028985507 | Z7: 1 | AA7: 1 | AB7: 1 | AC7: 0 | AD7: 0 | AE7: 0
A8: Phylum | B8: ARC | C8: KNN | D8: acid_base_balance | E8: 20 | F8: 0.14492754 | G8: 5 | H8: 0.25362795 | I8: 0.20256767 | J8: 0.33454671 | K8: 1.7500328 | L8: 1.3977169 | M8: 2.3083723 | N8: 0.66779661 | O8: 0.62188559 | P8: 0.71116525 | Q8: 0.16502327 | R8: 0.080864598 | S8: 0.26251866 | T8: 0.34737118 | U8: 0.21515152 | V8: 0.44572799 | W8: 0.25379022 | X8: 0.21220096 | Y8: 0.31832258 | Z8: 0.39 | AA8: 0.215 | AB8: 0.5 | AC8: 0.31813991 | AD8: 0.2015549 | AE8: 0.45356797
A9: Phylum | B9: ARC | C9: KNN | D9: ammonia_toxicity | E9: 26 | F9: 0.1884058 | G9: 5 | H9: 0.51663459 | I9: 0.44283855 | J9: 0.64939362 | K9: 2.7421374 | L9: 2.3504507 | M9: 3.4467815 | N9: 0.81723901 | O9: 0.77570398 | P9: 0.8465831 | Q9: 0.41603897 | R9: 0.3051511 | S9: 0.51392756 | T9: 0.54836514 | U9: 0.40592334 | V9: 0.6951601 | W9: 0.50312232 | X9: 0.42045455 | Y9: 0.6197031 | Z9: 0.57692308 | AA9: 0.39230769 | AB9: 0.76923077 | AC9: 0.43002155 | AD9: 0.22149381 | AE9: 0.60878447
A10: Phylum | B10: ARC | C10: KNN | D10: biogas_quality | E10: 7 | F10: 0.050724638 | G10: 5 | H10: 0.05181813 | I10: 0.048964803 | J10: 0.057405185 | K10: 1.0215574 | L10: 0.96530612 | M10: 1.1317022 | N10: 0.45572519 | O10: 0.40114504 | P10: 0.53358779 | Q10: 0 | R10: 0 | S10: 0 | T10: 0.21084337 | U10: 0.21084337 | V10: 0.21084337 | W10: 0.050724638 | X10: 0.050724638 | Y10: 0.050724638 | Z10: 1 | AA10: 1 | AB10: 1 | AC10: 0 | AD10: 0 | AE10: 0
A11: Phylum | B11: ARC | C11: KNN | D11: buffer_capacity | E11: 9 | F11: 0.065217391 | G11: 5 | H11: 0.073982579 | I11: 0.061725955 | J11: 0.0931562 | K11: 1.1343996 | L11: 0.94646465 | M11: 1.4283951 | N11: 0.43178295 | O11: 0.40426357 | P11: 0.45986219 | Q11: 0 | R11: 0 | S11: 0 | T11: 0.25862069 | U11: 0.25862069 | V11: 0.25862069 | W11: 0.065217391 | X11: 0.065217391 | Y11: 0.065217391 | Z11: 1 | AA11: 1 | AB11: 1 | AC11: 0 | AD11: 0 | AE11: 0
A12: Phylum | B12: ARC | C12: NNET | D12: acid_accumulation | E12: 4 | F12: 0.028985507 | G12: 5 | H12: 0.025934907 | I12: 0.023316193 | J12: 0.028041458 | K12: 0.89475429 | L12: 0.80440868 | M12: 0.9674303 | N12: 0.31977612 | O12: 0.24514925 | P12: 0.38451493 | Q12: -0.038945426 | R12: -0.25404072 | S12: 0.086782926 | T12: 0.09506669 | U12: 0.0038167939 | V12: 0.15905018 | W12: 0.021550384 | X12: 0.00086956522 | Y12: 0.036458333 | Z12: 0.65 | AA12: 0.025 | AB12: 1 | AC12: 0.3243017 | AD12: 0.21481117 | AE12: 0.44315678
A13: Phylum | B13: ARC | C13: NNET | D13: acid_base_balance | E13: 20 | F13: 0.14492754 | G13: 5 | H13: 0.16622806 | I13: 0.16264683 | J13: 0.17399084 | K13: 1.1469736 | L13: 1.1222631 | M13: 1.2005368 | N13: 0.54127119 | O13: 0.52444915 | P13: 0.57245763 | Q13: 0.015430017 | R13: -0.01209857 | S13: 0.045260253 | T13: 0.3040069 | U13: 0.15289414 | V13: 0.44046405 | W13: 0.15318257 | X13: 0.14296537 | Y13: 0.16617647 | Z13: 0.48 | AA13: 0.155 | AB13: 0.91 | AC13: 0.41365229 | AD13: 0.31764226 | AE13: 0.45469829
... A451: Genus | B451: merged | C451: XGBoost | D451: buffer_capacity | E451: 9 | F451: 0.065217391 | G451: 5 | H451: 0.092606123 | I451: 0.059527451 | J451: 0.14837789 | K451: 1.4199605 | L451: 0.91275425 | M451: 2.2751277 | N451: 0.48466839 | O451: 0.42179156 | P451: 0.56968131 | Q451: 0.053484994 | R451: -0.067256763 | S451: 0.13461185 | T451: 0.18559751 | U451: 0.011627907 | V451: 0.27389733 | W451: 0.086374387 | X451: 0.006870229 | Y451: 0.14928571 | Z451: 0.48888889 | AA451: 0.011111111 | AB451: 1 | AC451: 0.07317475 | AD451: 0.0026798964 | AE451: 0.1800065

Sheet TaxLevel_MacroAvg
A1: level | B1: domain | C1: model | D1: n_repeats_scored | E1: auprc | F1: auprc_lo | G1: auprc_hi | H1: auprc_lift | I1: auprc_lift_lo | J1: auprc_lift_hi | K1: auroc | L1: auroc_lo | M1: auroc_hi | N1: mcc | O1: mcc_lo | P1: mcc_hi | Q1: f2 | R1: f2_lo | S1: f2_hi | T1: precision | U1: precision_lo | V1: precision_hi | W1: recall | X1: recall_lo | Y1: recall_hi
A2: Phylum | B2: ARC | C2: GLMNET | D2: 5 | E2: 0.1695689 | F2: 0.15176592 | G2: 0.18855237 | H2: 1.646102 | I2: 1.5008257 | J2: 1.7513693 | K2: 0.60791696 | L2: 0.58359625 | M2: 0.62322084 | N2: 0.14489459 | O2: 0.10959549 | P2: 0.17753836 | Q2: 0.32048056 | R2: 0.29216355 | S2: 0.35050468 | T2: 0.17680235 | U2: 0.162747 | V2: 0.18844802 | W2: 0.63007082 | X2: 0.49931013 | Y2: 0.814779
A3: Phylum | B3: ARC | C3: KNN | D3: 5 | E3: 0.18513656 | F3: 0.16427767 | G3: 0.22544912 | H3: 1.5340004 | I3: 1.4124704 | J3: 1.7493065 | K3: 0.56275502 | L3: 0.55842967 | M3: 0.56938605 | N3: 0.11621245 | O3: 0.092173706 | P3: 0.15528924 | Q3: 0.2990141 | R3: 0.28029882 | S3: 0.34402034 | T3: 0.18036802 | U3: 0.15551661 | V3: 0.20977774 | W3: 0.79338462 | X3: 0.76376923 | Y3: 0.84784615
A4: Phylum | B4: ARC | C4: NNET | D4: 5 | E4: 0.14244278 | F4: 0.12177936 | G4: 0.16377457 | H4: 1.3033433 | I4: 1.1301198 | J4: 1.4533058 | K4: 0.49595265 | L4: 0.47920319 | M4: 0.51679362 | N4: 0.05281225 | O4: 0.023296346 | P4: 0.083432081 | Q4: 0.2446683 | R4: 0.23083954 | S4: 0.2592272 | T4: 0.14319211 | U4: 0.11032109 | V4: 0.17253016 | W4: 0.50121368 | X4: 0.42315995 | Y4: 0.63437851
A5: Phylum | B5: ARC | C5: RF | D5: 5 | E5: 0.20057679 | F5: 0.18773965 | G5: 0.21764492 | H5: 1.658791 | I5: 1.5740869 | J5: 1.7307861 | K5: 0.57418442 | L5: 0.54229286 | M5: 0.58848949 | N5: 0.13592406 | O5: 0.09932421 | P5: 0.15906056 | Q5: 0.28227876 | R5: 0.23191989 | S5: 0.30932973 | T5: 0.19416625 | U5: 0.16161891 | V5: 0.23197954 | W5: 0.67092063 | X5: 0.5465641 | Y5: 0.75664835
A6: Phylum | B6: ARC | C6: SVM | D6: 5 | E6: 0.19009388 | F6: 0.1646739 | G6: 0.21193131 | H6: 1.7228209 | I6: 1.5333366 | J6: 1.9615225 | K6: 0.57834579 | L6: 0.54312395 | M6: 0.60710162 | N6: 0.10725438 | O6: 0.0774688 | P6: 0.14490311 | Q6: 0.25034776 | R6: 0.2351172 | S6: 0.27488439 | T6: 0.16598856 | U6: 0.14818343 | V6: 0.20006164 | W6: 0.48712821 | X6: 0.37759585 | Y6: 0.59646154
A7: Phylum | B7: ARC | C7: XGBoost | D7: 5 | E7: 0.21404569 | F7: 0.2036162 | G7: 0.22842525 | H7: 1.7805723 | I7: 1.654014 | J7: 1.8977203 | K7: 0.59643655 | L7: 0.56884247 | M7: 0.62614593 | N7: 0.10891113 | O7: 0.069689365 | P7: 0.13232522 | Q7: 0.27308067 | R7: 0.24987505 | S7: 0.30683049 | T7: 0.18448281 | U7: 0.15827826 | V7: 0.21411432 | W7: 0.6039243 | X7: 0.55470818 | Y7: 0.68161294
A8: Phylum | B8: BAC | C8: GLMNET | D8: 5 | E8: 0.2304028 | F8: 0.19919303 | G8: 0.27548463 | H8: 2.9272266 | I8: 2.5714219 | J8: 3.2877372 | K8: 0.7227106 | L8: 0.66479385 | M8: 0.76476309 | N8: 0.23250138 | O8: 0.194565 | P8: 0.25926054 | Q8: 0.38738765 | R8: 0.35659157 | S8: 0.42734538 | T8: 0.20855156 | U8: 0.18173155 | V8: 0.22673791 | W8: 0.64811966 | X8: 0.48119658 | Y8: 0.77959096
A9: Phylum | B9: BAC | C9: KNN | D9: 5 | E9: 0.21524956 | F9: 0.173676 | G9: 0.28336274 | H9: 3.0975993 | I9: 1.7741213 | J9: 5.2523279 | K9: 0.62677413 | L9: 0.61538537 | M9: 0.6425253 | N9: 0.15886952 | O9: 0.11980546 | P9: 0.21268594 | Q9: 0.34300443 | R9: 0.28173187 | S9: 0.39964649 | T9: 0.19060596 | U9: 0.16367494 | V9: 0.25264337 | W9: 0.7381685 | X9: 0.5289011 | Y9: 0.86472527
A10: Phylum | B10: BAC | C10: NNET | D10: 5 | E10: 0.12650264 | F10: 0.10885215 | G10: 0.1488561 | H10: 1.2731117 | I10: 1.1136894 | J10: 1.497834 | K10: 0.50738721 | L10: 0.474645 | M10: 0.54241851 | N10: 0.052406648 | O10: 0.031313683 | P10: 0.082947758 | Q10: 0.26902611 | R10: 0.20156994 | S10: 0.32039086 | T10: 0.11433847 | U10: 0.10889056 | V10: 0.12137408 | W10: 0.61997558 | X10: 0.442558 | Y10: 0.87947497
A11: Phylum | B11: BAC | C11: RF | D11: 5 | E11: 0.25159156 | F11: 0.23639057 | G11: 0.26832947 | H11: 2.5933904 | I11: 2.2529324 | J11: 2.8070034 | K11: 0.71122451 | L11: 0.70074315 | M11: 0.72114662 | N11: 0.22471474 | O11: 0.19672888 | P11: 0.2618599 | Q11: 0.36103517 | R11: 0.34420027 | S11: 0.37771631 | T11: 0.23953254 | U11: 0.19604924 | V11: 0.28304059 | W11: 0.61086691 | X11: 0.51429792 | Y11: 0.68125763
A12: Phylum | B12: BAC | C12: SVM | D12: 5 | E12: 0.22171414 | F12: 0.16716661 | G12: 0.26215897 | H12: 2.1341942 | I12: 1.3357096 | J12: 3.3097623 | K12: 0.5483512 | L12: 0.46957027 | M12: 0.62389913 | N12: 0.12598591 | O12: 0.07692694 | P12: 0.17172545 | Q12: 0.30414194 | R12: 0.27300846 | S12: 0.34352929 | T12: 0.19200035 | U12: 0.16650778 | V12: 0.21291321 | W12: 0.54571429 | X12: 0.42379121 | Y12: 0.7746337
A13: Phylum | B13: BAC | C13: XGBoost | D13: 5 | E13: 0.28526708 | F13: 0.26792152 | G13: 0.29193139 | H13: 2.7197746 | I13: 2.5248483 | J13: 2.8977333 | K13: 0.73731687 | L13: 0.72025603 | M13: 0.76429108 | N13: 0.23878035 | O13: 0.17208195 | P13: 0.28328823 | Q13: 0.36632072 | R13: 0.26560481 | S13: 0.41942745 | T13: 0.24689801 | U13: 0.21548077 | V13: 0.29201893 | W13: 0.57710623 | X13: 0.36700244 | Y13: 0.7031746
... A91: Genus | B91: merged | C91: XGBoost | D91: 5 | E91: 0.22790438 | F91: 0.21156078 | G91: 0.24877942 | H91: 2.1714153 | I91: 1.8324784 | J91: 2.6640023 | K91: 0.65686285 | L91: 0.64554755 | M91: 0.66789347 | N91: 0.18223171 | O91: 0.16288794 | P91: 0.20644961 | Q91: 0.32522955 | R91: 0.28055467 | S91: 0.37111716 | T91: 0.19872283 | U91: 0.18829726 | V91: 0.20865371 | W91: 0.597558 | X91: 0.46423077 | Y91: 0.73089744

Sheet Combined_MacroAvg
A1: experiment | B1: level | C1: domain | D1: model | E1: auprc | F1: auprc_lo | G1: auprc_hi | H1: auprc_lift | I1: auprc_lift_lo | J1: auprc_lift_hi | K1: auroc | L1: auroc_lo | M1: auroc_hi | N1: mcc | O1: mcc_lo | P1: mcc_hi | Q1: f2 | R1: f2_lo | S1: f2_hi | T1: precision | U1: precision_lo | V1: precision_hi | W1: recall | X1: recall_lo | Y1: recall_hi
A2: Taxonomic level (baseline models) | B2: Order | C2: BAC | D2: XGBoost | E2: 0.37173002 | F2: 0.32739454 | G2: 0.41109446 | H2: 5.8641221 | I2: 4.5254182 | J2: 6.9299 | K2: 0.79953653 | L2: 0.75901883 | M2: 0.8302924 | N2: 0.36362555 | O2: 0.32599929 | P2: 0.39983198 | Q2: 0.47036602 | R2: 0.4300618 | S2: 0.49764792 | T2: 0.37432435 | U2: 0.29745912 | V2: 0.41463907 | W2: 0.57649573 | X2: 0.4678022 | Y2: 0.63426129
A3: Taxonomic level (baseline models) | B3: Order | C3: merged | D3: XGBoost | E3: 0.36877869 | F3: 0.32858318 | G3: 0.39037993 | H3: 6.0268764 | I3: 4.3448717 | J3: 7.1022742 | K3: 0.76202862 | L3: 0.71739668 | M3: 0.79565275 | N3: 0.33274223 | O3: 0.28747651 | P3: 0.36368312 | Q3: 0.45355019 | R3: 0.40898799 | S3: 0.50050373 | T3: 0.34631354 | U3: 0.28900804 | V3: 0.37489467 | W3: 0.60430525 | X3: 0.47003785 | Y3: 0.67839438
A4: Taxonomic level (baseline models) | B4: Class | C4: BAC | D4: RF | E4: 0.31417328 | F4: 0.27170365 | G4: 0.35652939 | H4: 3.8609716 | I4: 3.0801793 | J4: 5.0904561 | K4: 0.75886115 | L4: 0.73067695 | M4: 0.78760806 | N4: 0.2855508 | O4: 0.24912031 | P4: 0.33610349 | Q4: 0.43804293 | R4: 0.4118755 | S4: 0.48096748 | T4: 0.25285891 | U4: 0.22549114 | V4: 0.29549722 | W4: 0.71261294 | X4: 0.56537241 | Y4: 0.84603785
A5: Taxonomic level (baseline models) | B5: Order | C5: BAC | D5: GLMNET | E5: 0.33883608 | F5: 0.30428533 | G5: 0.39919926 | H5: 5.2795197 | I5: 4.059766 | J5: 7.7480791 | K5: 0.7622806 | L5: 0.71626152 | M5: 0.79979023 | N5: 0.3137183 | O5: 0.25045716 | P5: 0.35971234 | Q5: 0.42270126 | R5: 0.41130752 | S5: 0.44035246 | T5: 0.35459565 | U5: 0.24384513 | V5: 0.44828644 | W5: 0.55460317 | X5: 0.46746032 | Y5: 0.71989011
A6: Taxonomic level (baseline models) | B6: Order | C6: BAC | D6: RF | E6: 0.3169661 | F6: 0.29243114 | G6: 0.34454389 | H6: 3.8870381 | I6: 3.2297837 | J6: 4.6230836 | K6: 0.75388046 | L6: 0.73494267 | M6: 0.77384651 | N6: 0.28421574 | O6: 0.21909186 | P6: 0.35629072 | Q6: 0.41591087 | R6: 0.38087595 | S6: 0.4636026 | T6: 0.28747984 | U6: 0.21680504 | V6: 0.36537371 | W6: 0.62362637 | X6: 0.49217949 | Y6: 0.7225641
A7: Taxonomic level (baseline models) | B7: Class | C7: merged | D7: RF | E7: 0.28207083 | F7: 0.24979971 | G7: 0.30033638 | H7: 2.9844178 | I7: 2.4787365 | J7: 3.4672344 | K7: 0.73971912 | L7: 0.71220591 | M7: 0.75892443 | N7: 0.25596174 | O7: 0.21469243 | P7: 0.3006046 | Q7: 0.40838248 | R7: 0.36340445 | S7: 0.44440995 | T7: 0.23590274 | U7: 0.21013361 | V7: 0.25888692 | W7: 0.70964103 | X7: 0.65589499 | Y7: 0.77573626
A8: Taxonomic level (baseline models) | B8: Order | C8: merged | D8: RF | E8: 0.30748978 | F8: 0.27399337 | G8: 0.33425965 | H8: 3.6335866 | I8: 2.7964711 | J8: 4.7171234 | K8: 0.75099657 | L8: 0.73725494 | M8: 0.76841698 | N8: 0.27618137 | O8: 0.22028623 | P8: 0.35396854 | Q8: 0.40528193 | R8: 0.34029195 | S8: 0.45096287 | T8: 0.27638006 | U8: 0.21597809 | V8: 0.37745368 | W8: 0.62505495 | X8: 0.54488645 | Y8: 0.70638095
A9: Taxonomic level (baseline models) | B9: Family | C9: merged | D9: RF | E9: 0.29008831 | F9: 0.25644839 | G9: 0.32703033 | H9: 3.1365126 | I9: 2.5834073 | J9: 3.752945 | K9: 0.73059396 | L9: 0.70580536 | M9: 0.75915106 | N9: 0.25389591 | O9: 0.17693464 | P9: 0.3172626 | Q9: 0.40476549 | R9: 0.33586228 | S9: 0.43969473 | T9: 0.2537138 | U9: 0.21024616 | V9: 0.331115 | W9: 0.6869475 | X9: 0.56679976 | Y9: 0.77840537
A10: Genus (advanced models) | B10: Genus | C10: merged | D10: MetaDR | E10: 0.2127996 | F10: 0.1971874 | G10: 0.23386561 | H10: 1.8544043 | I10: 1.7807525 | J10: 1.9652191 | K10: 0.63785148 | L10: 0.60505529 | M10: 0.66307737 | N10: 0.19745854 | O10: 0.15330872 | P10: 0.24724423 | Q10: 0.39943472 | R10: 0.36144975 | S10: 0.42630679 | T10: 0.19390241 | U10: 0.18097686 | V10: 0.20552964 | W10: 0.82805861 | X10: 0.68799023 | Y10: 0.92432479
A11: Taxonomic level (baseline models) | B11: Family | C11: BAC | D11: RF | E11: 0.29596886 | F11: 0.27841266 | G11: 0.30761605 | H11: 3.1238481 | I11: 2.8007264 | J11: 3.3766287 | K11: 0.72291491 | L11: 0.69337236 | M11: 0.76588528 | N11: 0.25506774 | O11: 0.21099838 | P11: 0.29754169 | Q11: 0.39869301 | R11: 0.36221843 | S11: 0.43438051 | T11: 0.2570169 | U11: 0.20979072 | V11: 0.29002704 | W11: 0.61421245 | X11: 0.42974359 | Y11: 0.84103785
A12: Taxonomic level (baseline models) | B12: Genus | C12: merged | D12: RF | E12: 0.25981583 | F12: 0.23754413 | G12: 0.27890177 | H12: 2.6298646 | I12: 2.4129284 | J12: 2.7069906 | K12: 0.7039572 | L12: 0.69236138 | M12: 0.72980258 | N12: 0.24566571 | O12: 0.22425858 | P12: 0.27091885 | Q12: 0.39655958 | R12: 0.34955376 | S12: 0.43864531 | T12: 0.24921077 | U12: 0.23750138 | V12: 0.26827041 | W12: 0.66826862 | X12: 0.62703785 | Y12: 0.71053968
A13: Taxonomic level (baseline models) | B13: Class | C13: BAC | D13: XGBoost | E13: 0.334612 | F13: 0.31287441 | G13: 0.37479615 | H13: 3.7621713 | I13: 3.2529284 | J13: 4.7877518 | K13: 0.7884516 | L13: 0.75132623 | M13: 0.82567902 | N13: 0.2552546 | O13: 0.1878085 | P13: 0.32963518 | Q13: 0.39491768 | R13: 0.32061481 | S13: 0.45505908 | T13: 0.23516926 | U13: 0.2012911 | V13: 0.30546398 | W13: 0.63782662 | X13: 0.53469475 | Y13: 0.79496947
... A109: Taxonomic level (baseline models) | B109: Genus | C109: ARC | D109: NNET | E109: 0.10931309 | F109: 0.099421809 | G109: 0.12442787 | H109: 1.0599813 | I109: 0.96388427 | J109: 1.2245033 | K109: 0.36032224 | L109: 0.33844281 | M109: 0.37888224 | N109: -0.016892376 | O109: -0.088828542 | P109: 0.063036399 | Q109: 0.13819813 | R109: 0.083927953 | S109: 0.22279079 | T109: 0.094053952 | U109: 0.043095084 | V109: 0.15146502 | W109: 0.36478877 | X109: 0.25900488 | Y109: 0.47477167

Sheet Label_Support
A1: domain | B1: label | C1: n_pos_samples | D1: n_pos_sites | E1: n_sites
A2: ARC | B2: acid_accumulation | C2: 4 | D2: 3 | E2: 37
A3: ARC | B3: acid_base_balance | C3: 20 | D3: 12 | E3: 37
A4: ARC | B4: ammonia_toxicity | C4: 26 | D4: 11 | E4: 37
A5: ARC | B5: biogas_quality | C5: 7 | D5: 4 | E5: 37
A6: ARC | B6: buffer_capacity | C6: 9 | D6: 6 | E6: 37
A7: BAC | B7: acid_accumulation | C7: 4 | D7: 3 | E7: 37
A8: BAC | B8: acid_base_balance | C8: 21 | D8: 12 | E8: 37
A9: BAC | B9: ammonia_toxicity | C9: 26 | D9: 11 | E9: 37
A10: BAC | B10: biogas_quality | C10: 7 | D10: 4 | E10: 37
A11: BAC | B11: buffer_capacity | C11: 9 | D11: 6 | E11: 37
A12: merged | B12: acid_accumulation | C12: 4 | D12: 3 | E12: 37
A13: merged | B13: acid_base_balance | C13: 20 | D13: 12 | E13: 37
... A16: merged | B16: buffer_capacity | C16: 9 | D16: 6 | E16: 37
