Workbook

Sheet Sheet2
A1: Result
A2: 1) TaxLevel
A3: Dataset | B3: Flag | C3: n_pos | D3: prevalence | E3: MCC | J3: AUPR | O3: F2
E4: Phylum | F4: Class | G4: Order | H4: Family | I4: Genus | J4: Phylum | K4: Class | L4: Order | M4: Family | N4: Genus | O4: Phylum | P4: Class | Q4: Order | R4: Family | S4: Genus
A5: ARC | B5: buffer_capacity | C5: 9 | D5: 0.065217391 | E5: -0.11561046 | F5: -0.001990389 | G5: -0.082215456 | H5: 0.023245518 | I5: 0.10923279 | J5: 0.061493256 | K5: 0.079390186 | L5: 0.070087325 | M5: 0.094839488 | N5: 0.11746652 | O5: 0.18514024 | P5: 0.15918056 | Q5: 0.21807405 | R5: 0.22221159 | S5: 0.27722369
B6: acid_base_balance | C6: 20 | D6: 0.14 | E6: 0.1251079 | F6: 0.16507893 | G6: 0.15984085 | H6: 0.17721741 | I6: 0.1184265 | J6: 0.30912546 | K6: 0.28527646 | L6: 0.29751069 | M6: 0.2954604 | N6: 0.2753116 | O6: 0.26945282 | P6: 0.33463072 | Q6: 0.29195855 | R6: 0.40671579 | S6: 0.37723278
B7: acid_accumulation | C7: 4 | D7: 0.03 | E7: 0.033545319 | F7: -0.020264268 | G7: 0.018531783 | H7: 0.18907876 | I7: 0.15110532 | J7: 0.04387025 | K7: 0.032770812 | L7: 0.033856557 | M7: 0.24138277 | N7: 0.12146046 | O7: 0.13018025 | P7: 0.10049034 | Q7: 0.1180865 | R7: 0.27017967 | S7: 0.2352148
B8: ammonia_toxicity | C8: 26 | D8: 0.1884058 | E8: 0.45223521 | F8: 0.45998774 | G8: 0.46218151 | H8: 0.41792079 | I8: 0.47334208 | J8: 0.59791791 | K8: 0.57107802 | L8: 0.56936985 | M8: 0.54890359 | N8: 0.59006766 | O8: 0.56371431 | P8: 0.6135198 | Q8: 0.63249039 | R8: 0.62652937 | S8: 0.68006909
B9: biogas_quality | C9: 7 | D9: 0.050724638 | E9: 0.049277698 | F9: -0.041130405 | G9: -0.035367223 | H9: 0.10422556 | I9: 0.12262499 | J9: 0.057821583 | K9: 0.046661294 | L9: 0.050353838 | M9: 0.084444115 | N9: 0.11805457 | O9: 0.21691574 | P9: 0.15526106 | Q9: 0.18967535 | R9: 0.25832778 | S9: 0.27793144
B10: Macro-avg | E10: =AVERAGE(E6:E9) -> 0.16504153 | F10: =AVERAGE(F6:F9) -> 0.140918 | G10: =AVERAGE(G6:G9) -> 0.15129673 | H10: =AVERAGE(H6:H9) -> 0.22211063 | I10: =AVERAGE(I6:I9) -> 0.21637472 | J10: =AVERAGE(J6:J9) -> 0.2521838 | K10: =AVERAGE(K6:K9) -> 0.23394665 | L10: =AVERAGE(L6:L9) -> 0.23777274 | ... S10: =AVERAGE(S6:S9) -> 0.39261203
A11: BAC | B11: buffer_capacity | C11: 9 | D11: 0.065217391 | E11: 0.075404556 | F11: 0.14152151 | G11: 0.24853563 | H11: 0.20785484 | I11: 0.11093278 | J11: 0.10318351 | K11: 0.26336868 | L11: 0.29836433 | M11: 0.22453617 | N11: 0.13930316 | O11: 0.22410982 | P11: 0.2741009 | Q11: 0.2833865 | R11: 0.27012751 | S11: 0.20878282
B12: acid_base_balance | C12: 20 | D12: 0.14 | E12: 0.39098099 | F12: 0.2394256 | G12: 0.31271477 | H12: 0.28442837 | I12: 0.15053237 | J12: 0.52102532 | K12: 0.36604017 | L12: 0.32250783 | M12: 0.41313067 | N12: 0.27518425 | O12: 0.45630622 | P12: 0.45536352 | Q12: 0.47570618 | R12: 0.34693556 | S12: 0.30433811
B13: acid_accumulation | C13: 4 | D13: 0.03 | E13: 0.10345807 | F13: 0.16146929 | G13: 0.56878149 | H13: 0.18864023 | I13: 0.23061453 | J13: 0.11100671 | K13: 0.12507044 | L13: 0.47601162 | M13: 0.3250534 | N13: 0.31477276 | O13: 0.15342556 | P13: 0.2439443 | Q13: 0.58909774 | R13: 0.21379119 | S13: 0.24166985
B14: ammonia_toxicity | C14: 26 | D14: 0.1884058 | E14: 0.59016947 | F14: 0.54226443 | G14: 0.58680827 | H14: 0.52900518 | I14: 0.46969523 | J14: 0.62860735 | K14: 0.7167336 | L14: 0.6408588 | M14: 0.54247206 | N14: 0.45518907 | O14: 0.79379911 | P14: 0.69603432 | Q14: 0.76749946 | R14: 0.72638855 | S14: 0.67603125
B15: biogas_quality | C15: 7 | D15: 0.050724638 | E15: 0.033888659 | F15: 0.19159217 | G15: 0.10128758 | H15: 0.29606592 | I15: 0.25697955 | J15: 0.062512513 | K15: 0.20184714 | L15: 0.12090753 | M15: 0.30685601 | N15: 0.35482956 | O15: 0.2039629 | P15: 0.30514535 | Q15: 0.23614021 | R15: 0.30879165 | S15: 0.31587757
B16: Macro-avg | E16: =AVERAGE(E12:E15) -> 0.2796243 | F16: =AVERAGE(F12:F15) -> 0.28368787 | G16: =AVERAGE(G12:G15) -> 0.39239803 | H16: =AVERAGE(H12:H15) -> 0.32453492 | I16: =AVERAGE(I12:I15) -> 0.27695542 | J16: =AVERAGE(J12:J15) -> 0.33078797 | K16: =AVERAGE(K12:K15) -> 0.35242284 | L16: =AVERAGE(L12:L15) -> 0.39007145 | ... S16: =AVERAGE(S12:S15) -> 0.3844792
A17: merged | B17: buffer_capacity | C17: 9 | D17: 0.065217391 | E17: -0.022928959 | F17: 0.11104297 | G17: 0.2081668 | H17: 0.1462054 | I17: 0.10817977 | J17: 0.080466329 | K17: 0.22388642 | L17: 0.28386697 | M17: 0.29031379 | N17: 0.134938 | O17: 0.15419839 | P17: 0.25697636 | Q17: 0.26619362 | R17: 0.23560755 | S17: 0.23368366
B18: acid_base_balance | C18: 20 | D18: 0.14 | E18: 0.37489882 | F18: 0.25499828 | G18: 0.26534498 | H18: 0.26365068 | I18: 0.11459664 | J18: 0.4428282 | K18: 0.33047091 | L18: 0.28956776 | M18: 0.36612731 | N18: 0.24454188 | O18: 0.51875783 | P18: 0.41333699 | Q18: 0.42605597 | R18: 0.29370168 | S18: 0.25246204
B19: acid_accumulation | C19: 4 | D19: 0.03 | E19: 0.12874781 | F19: 0.10028394 | G19: 0.5998391 | H19: 0.23352612 | I19: 0.15956732 | J19: 0.11283035 | K19: 0.11767013 | L19: 0.53659149 | M19: 0.32220543 | N19: 0.25000163 | O19: 0.19913209 | P19: 0.18389577 | Q19: 0.62920138 | R19: 0.23388541 | S19: 0.22296157
B20: ammonia_toxicity | C20: 26 | D20: 0.1884058 | E20: 0.65994753 | F20: 0.56752175 | G20: 0.57332093 | H20: 0.5428725 | I20: 0.47163898 | J20: 0.58843232 | K20: 0.71171151 | L20: 0.63834224 | M20: 0.53750188 | N20: 0.4724747 | O20: 0.82981746 | P20: 0.72256782 | Q20: 0.76356147 | R20: 0.75422242 | S20: 0.66673056
B21: biogas_quality | C21: 7 | D21: 0.050724638 | E21: 0.0028856522 | F21: 0.14240259 | G21: 0.01703934 | H21: 0.31921754 | I21: 0.32018091 | J21: 0.058338377 | K21: 0.10071107 | L21: 0.095524987 | M21: 0.39878438 | N21: 0.41246008 | O21: 0.14540284 | P21: 0.28450924 | Q21: 0.18273851 | R21: 0.30896739 | S21: 0.31583269
B22: Macro-avg | E22: =AVERAGE(E18:E21) -> 0.29161995 | F22: =AVERAGE(F18:F21) -> 0.26630164 | G22: =AVERAGE(G18:G21) -> 0.36388609 | H22: =AVERAGE(H18:H21) -> 0.33981671 | I22: =AVERAGE(I18:I21) -> 0.26649596 | J22: =AVERAGE(J18:J21) -> 0.30060731 | K22: =AVERAGE(K18:K21) -> 0.31514091 | L22: =AVERAGE(L18:L21) -> 0.39000662 | ... S22: =AVERAGE(S18:S21) -> 0.36449671
A23: 2) ASV-tree
A24: Dataset | B24: Flag | C24: n_pos | D24: prevalence | E24: MCC | H24: AUPR | K24: F2
E25: DeepPhylo | F25: MetaDR | G25: Phylospec | H25: DeepPhylo | I25: MetaDR | J25: Phylospec | K25: DeepPhylo | L25: MetaDR | M25: Phylospec
A26: ARC | B26: buffer_capacity | C26: 9 | D26: 0.065217391 | E26: -0.11 | F26: -0.07 | G26: -0.11 | H26: 0.06 | I26: 0.06 | J26: 0.06 | K26: 0.17 | L26: 0.15 | M26: 0.2
B27: acid_base_balance | C27: 20 | D27: 0.14 | E27: 0.15 | F27: 0.07 | G27: 0.18 | H27: 0.26 | I27: 0.23 | J27: 0.25 | K27: 0.42 | L27: 0.34 | M27: 0.42
B28: acid_accumulation | C28: 4 | D28: 0.03 | E28: 0.02 | F28: 0 | G28: 0.05 | H28: 0.06 | I28: 0.04 | J28: 0.23 | K28: 0.13 | L28: 0.1 | M28: 0.11
B29: ammonia_toxicity | C29: 26 | D29: 0.1884058 | E29: 0.53 | F29: 0.43 | G29: 0.6 | H29: 0.64 | I29: 0.55629374 | J29: 0.67 | K29: 0.71 | L29: 0.59 | M29: 0.77
B30: biogas_quality | C30: 7 | D30: 0.050724638 | E30: -0.04 | F30: 0.06 | G30: 0.02 | H30: 0.08 | I30: 0.10677999 | J30: 0.06 | K30: 0.12 | L30: 0.2 | M30: 0.16
B31: Macro-avg | E31: =AVERAGE(E27:E30) -> 0.165 | F31: =AVERAGE(F27:F30) -> 0.14 | G31: =AVERAGE(G27:G30) -> 0.2125 | H31: =AVERAGE(H27:H30) -> 0.26 | I31: =AVERAGE(I27:I30) -> 0.23326843 | J31: =AVERAGE(J27:J30) -> 0.3025 | K31: =AVERAGE(K27:K30) -> 0.345 | L31: =AVERAGE(L27:L30) -> 0.3075 | M31: =AVERAGE(M27:M30) -> 0.365
A32: BAC | B32: buffer_capacity | C32: 9 | D32: 0.065217391 | E32: -0.05 | F32: -0.02 | G32: -0.16 | H32: 0.08 | I32: 0.06 | J32: 0.07 | K32: 0.11 | L32: 0.19 | M32: 0.11
B33: acid_base_balance | C33: 20 | D33: 0.14 | E33: 0.28 | F33: 0.27 | G33: 0.24 | H33: 0.33 | I33: 0.28 | J33: 0.44 | K33: 0.48 | L33: 0.48 | M33: 0.4
B34: acid_accumulation | C34: 4 | D34: 0.03 | E34: 0.05 | F34: 0.03 | G34: -0.06 | H34: 0.048920377 | I34: 0.05 | J34: 0.09 | K34: 0.14 | L34: 0.12 | M34: 0.09
B35: ammonia_toxicity | C35: 26 | D35: 0.1884058 | E35: 0.61 | F35: 0.67 | G35: 0.47 | H35: 0.56 | I35: 0.72 | J35: 0.48 | K35: 0.77 | L35: 0.83 | M35: 0.67
B36: biogas_quality | C36: 7 | D36: 0.050724638 | E36: 0.04 | F36: -0.02 | G36: -0.28 | H36: 0.08 | I36: 0.06 | J36: 0.04 | K36: 0.18 | L36: 0.12 | M36: 0.12
B37: Macro-avg | E37: =AVERAGE(E33:E36) -> 0.245 | F37: =AVERAGE(F33:F36) -> 0.2375 | G37: =AVERAGE(G33:G36) -> 0.0925 | H37: =AVERAGE(H33:H36) -> 0.25473009 | I37: =AVERAGE(I33:I36) -> 0.2775 | J37: =AVERAGE(J33:J36) -> 0.2625 | K37: =AVERAGE(K33:K36) -> 0.3925 | L37: =AVERAGE(L33:L36) -> 0.3875 | M37: =AVERAGE(M33:M36) -> 0.32
A38: merged | B38: buffer_capacity | C38: 9 | D38: 0.065217391 | E38: -0.04 | F38: -0.03 | G38: -0.1 | H38: 0.06 | I38: 0.06 | J38: 0.05 | K38: 0.18 | L38: 0.16 | M38: 0.19
B39: acid_base_balance | C39: 20 | D39: 0.14 | E39: 0.35 | F39: 0.18 | G39: 0.3 | H39: 0.36 | I39: 0.28 | J39: 0.43 | K39: 0.56 | L39: 0.41 | M39: 0.47
B40: acid_accumulation | C40: 4 | D40: 0.03 | E40: 0.04 | F40: -0.02 | G40: 0.03 | H40: 0.06 | I40: 0.04 | J40: 0.05 | K40: 0.13 | L40: 0.08 | M40: 0.12
B41: ammonia_toxicity | C41: 26 | D41: 0.1884058 | E41: 0.61 | F41: 0.56 | G41: 0.6 | H41: 0.66 | I41: 0.62 | J41: 0.53 | K41: 0.79 | L41: 0.72 | M41: 0.81
B42: biogas_quality | C42: 7 | D42: 0.050724638 | E42: 0.08 | F42: -0.04 | G42: -0.17 | H42: 0.08 | I42: 0.06 | J42: 0.05 | K42: 0.21 | L42: 0.11 | M42: 0.11
B43: Macro-avg | E43: =AVERAGE(E39:E42) -> 0.27 | F43: =AVERAGE(F39:F42) -> 0.17 | G43: =AVERAGE(G39:G42) -> 0.19 | H43: =AVERAGE(H39:H42) -> 0.29 | I43: =AVERAGE(I39:I42) -> 0.25 | J43: =AVERAGE(J39:J42) -> 0.265 | K43: =AVERAGE(K39:K42) -> 0.4225 | L43: =AVERAGE(L39:L42) -> 0.33 | M43: =AVERAGE(M39:M42) -> 0.3775
A44: 3) Genus-tree
A45: Dataset | B45: Flag | C45: n_pos | D45: prevalence | E45: MCC | H45: AUPR | K45: F2
E46: DeepPhylo | F46: MetaDR | G46: Phylospec | H46: DeepPhylo | I46: MetaDR | J46: Phylospec | K46: DeepPhylo | L46: MetaDR | M46: Phylospec
A47: ARC | B47: buffer_capacity | C47: 9 | D47: 0.065217391 | E47: -0.083852988 | F47: -0.039655772 | G47: -0.03 | H47: 0.055015568 | I47: 0.069544204 | J47: 0.06 | K47: 0.10810214 | L47: 0.16631874 | M47: 0.24
B48: acid_base_balance | C48: 20 | D48: 0.14 | E48: 0.11111674 | F48: 0.28011091 | G48: 0.23 | H48: 0.19914532 | I48: 0.26310702 | J48: 0.25 | K48: 0.33115727 | L48: 0.52966107 | M48: 0.46
B49: acid_accumulation | C49: 4 | D49: 0.03 | E49: -0.018766489 | F49: 0.1623832 | G49: 0.13 | H49: 0.0290697 | I49: 0.090836132 | J49: 0.09 | K49: 0.088391463 | L49: 0.23627994 | M49: 0.22
B50: ammonia_toxicity | C50: 26 | D50: 0.1884058 | E50: 0.074796835 | F50: 0.46595376 | G50: 0.44 | H50: 0.24415475 | I50: 0.55629374 | J50: 0.49 | K50: 0.32400065 | L50: 0.69562618 | M50: 0.66
B51: biogas_quality | C51: 7 | D51: 0.050724638 | E51: -0.00068404397 | F51: 0.10413199 | G51: 0.07 | H51: 0.049622288 | I51: 0.10677999 | J51: 0.07 | K51: 0.1968548 | L51: 0.25740796 | M51: 0.24
B52: Macro-avg | E52: =AVERAGE(E48:E51) -> 0.041615761 | F52: =AVERAGE(F48:F51) -> 0.25314496 | G52: =AVERAGE(G48:G51) -> 0.2175 | H52: =AVERAGE(H48:H51) -> 0.13049801 | I52: =AVERAGE(I48:I51) -> 0.25425422 | J52: =AVERAGE(J48:J51) -> 0.225 | K52: =AVERAGE(K48:K51) -> 0.23510105 | L52: =AVERAGE(L48:L51) -> 0.42974379 | M52: =AVERAGE(M48:M51) -> 0.395
A53: BAC | B53: buffer_capacity | C53: 9 | D53: 0.065217391 | E53: -0.038786086 | F53: 0.020037117 | G53: 0.07 | H53: 0.067531353 | I53: 0.079371599 | J53: 0.09 | K53: 0.10393114 | L53: 0.22108977 | M53: 0.25
B54: acid_base_balance | C54: 20 | D54: 0.14 | E54: 0.22045016 | F54: 0.28248574 | G54: 0.34 | H54: 0.31113045 | I54: 0.35132294 | J54: 0.49 | K54: 0.42475531 | L54: 0.50416698 | M54: 0.5
B55: acid_accumulation | C55: 4 | D55: 0.03 | E55: 0.095461363 | F55: 0.051701861 | G55: 0.13 | H55: 0.048920377 | I55: 0.068876451 | J55: 0.21 | K55: 0.17273735 | L55: 0.13503095 | M55: 0.19
B56: ammonia_toxicity | C56: 26 | D56: 0.1884058 | E56: 0.45708668 | F56: 0.64317581 | G56: 0.56 | H56: 0.40498547 | I56: 0.60006945 | J56: 0.52 | K56: 0.72180247 | L56: 0.80882128 | M56: 0.78
B57: biogas_quality | C57: 7 | D57: 0.050724638 | E57: 0.0096090909 | F57: 0.066668166 | G57: 0.05 | H57: 0.069311934 | I57: 0.079542316 | J57: 0.08 | K57: 0.13281915 | L57: 0.21831177 | M57: 0.23
B58: Macro-avg | E58: =AVERAGE(E54:E57) -> 0.19565182 | F58: =AVERAGE(F54:F57) -> 0.26100789 | G58: =AVERAGE(G54:G57) -> 0.27 | H58: =AVERAGE(H54:H57) -> 0.20858706 | I58: =AVERAGE(I54:I57) -> 0.27495279 | J58: =AVERAGE(J54:J57) -> 0.325 | K58: =AVERAGE(K54:K57) -> 0.36302857 | L58: =AVERAGE(L54:L57) -> 0.41658274 | M58: =AVERAGE(M54:M57) -> 0.425
A59: merged | B59: buffer_capacity | C59: 9 | D59: 0.065217391 | E59: -0.013729353 | F59: -0.1054096 | G59: -0.04 | H59: 0.10620651 | I59: 0.053302311 | J59: 0.06 | K59: 0.14440377 | L59: 0.19935845 | M59: 0.18
B60: acid_base_balance | C60: 20 | D60: 0.14 | E60: 0.244939 | F60: 0.31782198 | G60: 0.32 | H60: 0.2758899 | I60: 0.32762517 | J60: 0.4 | K60: 0.50816554 | L60: 0.57748119 | M60: 0.54
B61: acid_accumulation | C61: 4 | D61: 0.03 | E61: 0.09426337 | F61: 0.15957805 | G61: 0.1 | H61: 0.13327345 | I61: 0.060043342 | J61: 0.16 | K61: 0.16534392 | L61: 0.22257602 | M61: 0.17
B62: ammonia_toxicity | C62: 26 | D62: 0.1884058 | E62: 0.36399765 | F62: 0.62256924 | G62: 0.47 | H62: 0.43211204 | I62: 0.56640214 | J62: 0.5 | K62: 0.58761899 | L62: 0.81184608 | M62: 0.67
B63: biogas_quality | C63: 7 | D63: 0.050724638 | E63: 0.090873257 | F63: -0.0072669714 | G63: 0.07 | H63: 0.14391609 | I63: 0.056625037 | J63: 0.09 | K63: 0.21459769 | L63: 0.18591185 | M63: 0.22
B64: Macro-avg | E64: =AVERAGE(E60:E63) -> 0.19851832 | F64: =AVERAGE(F60:F63) -> 0.27317557 | G64: =AVERAGE(G60:G63) -> 0.24 | H64: =AVERAGE(H60:H63) -> 0.24629787 | I64: =AVERAGE(I60:I63) -> 0.25267392 | J64: =AVERAGE(J60:J63) -> 0.2875 | K64: =AVERAGE(K60:K63) -> 0.36893154 | L64: =AVERAGE(L60:L63) -> 0.44945378 | M64: =AVERAGE(M60:M63) -> 0.4
A65: 4) ASV-tree + cross-domain
A66: Dataset | B66: Flag | C66: n_pos | D66: prevalence | E66: MCC | H66: AUPR | K66: F2
E67: DeepPhylo | F67: MetaDR | G67: Phylospec | H67: DeepPhylo | I67: MetaDR | J67: Phylospec | K67: DeepPhylo | L67: MetaDR | M67: Phylospec
A68: merged | B68: buffer_capacity | C68: 9 | D68: 0.065217391 | E68: -0.0382 | F68: -0.0434 | G68: -0.1084 | H68: 0.0708 | I68: 0.0731 | J68: 0.0773 | K68: 0.1348 | L68: 0.12 | M68: 0.1601
B69: acid_base_balance | C69: 20 | D69: 0.14 | E69: 0.2555 | F69: 0.1458 | G69: 0.311 | H69: 0.3119 | I69: 0.253 | J69: 0.4619 | K69: 0.4614 | L69: 0.4448 | M69: 0.471
B70: acid_accumulation | C70: 4 | D70: 0.03 | E70: 0.1241 | F70: -0.0267 | G70: 0.0132 | H70: 0.0886 | I70: 0.0387 | J70: 0.0532 | K70: 0.2096 | L70: 0.0536 | M70: 0.1131
B71: ammonia_toxicity | C71: 26 | D71: 0.1884058 | E71: 0.5697 | F71: 0.5309 | G71: 0.6091 | H71: 0.5965 | I71: 0.6179 | J71: 0.4944 | K71: 0.7643 | L71: 0.6879 | M71: 0.8079
B72: biogas_quality | C72: 7 | D72: 0.050724638 | E72: 0.1117 | F72: -0.042 | G72: -0.1155 | H72: 0.146 | I72: 0.0941 | J72: 0.0595 | K72: 0.2299 | L72: 0.126 | M72: 0.0579
B73: Macro-avg | E73: =AVERAGE(E69:E72) -> 0.26525 | F73: =AVERAGE(F69:F72) -> 0.152 | G73: =AVERAGE(G69:G72) -> 0.20445 | H73: =AVERAGE(H69:H72) -> 0.28575 | I73: =AVERAGE(I69:I72) -> 0.250925 | J73: =AVERAGE(J69:J72) -> 0.26725 | K73: =AVERAGE(K69:K72) -> 0.4163 | L73: =AVERAGE(L69:L72) -> 0.328075 | M73: =AVERAGE(M69:M72) -> 0.362475
A74: 5) Genus-tree + cross-domain
A75: Dataset | B75: Flag | C75: n_pos | D75: prevalence | E75: MCC | H75: AUPR | K75: F2
E76: DeepPhylo | F76: MetaDR | G76: Phylospec | H76: DeepPhylo | I76: MetaDR | J76: Phylospec | K76: DeepPhylo | L76: MetaDR | M76: Phylospec
A77: merged | B77: buffer_capacity | C77: 9 | D77: 0.065217391 | E77: -0.01 | F77: -0.0913 | G77: 0 | H77: 0.11 | I77: 0.0573 | J77: 0.0565 | K77: 0.15 | L77: 0.2046 | M77: 0.2
B78: acid_base_balance | C78: 20 | D78: 0.14 | E78: 0.27 | F78: 0.2838 | G78: 0.35 | H78: 0.29 | I78: 0.3175 | J78: 0.39 | K78: 0.5 | L78: 0.5366 | M78: 0.54
B79: acid_accumulation | C79: 4 | D79: 0.03 | E79: 0.07 | F79: 0.0232 | G79: 0.04 | H79: 0.14 | I79: 0.0441 | J79: 0.04 | K79: 0.15 | L79: 0.1226 | M79: 0.0973
B80: ammonia_toxicity | C80: 26 | D80: 0.1884058 | E80: 0.57 | F80: 0.5984 | G80: 0.5121 | H80: 0.57 | I80: 0.6193 | J80: 0.53 | K80: 0.77 | L80: 0.7887 | M80: 0.71
B81: biogas_quality | C81: 7 | D81: 0.050724638 | E81: 0.08 | F81: 0.0368 | G81: 0.03 | H81: 0.17 | I81: 0.0713 | J81: 0.1 | K81: 0.17 | L81: 0.1927 | M81: 0.18
B82: Macro-avg | E82: =AVERAGE(E78:E81) -> 0.2475 | F82: =AVERAGE(F78:F81) -> 0.23555 | G82: =AVERAGE(G78:G81) -> 0.233025 | H82: =AVERAGE(H78:H81) -> 0.2925 | I82: =AVERAGE(I78:I81) -> 0.26305 | J82: =AVERAGE(J78:J81) -> 0.265 | K82: =AVERAGE(K78:K81) -> 0.3975 | L82: =AVERAGE(L78:L81) -> 0.41015 | M82: =AVERAGE(M78:M81) -> 0.381825

Sheet Sheet1
B2: Introduction
B3: 1) Background
B4: - Conventionally, when using genomic datasets as input features, many research made each feature variable independently {a1,a2,b1,b2 …}
B5: - this does not capture the relationship between taxon which can cause information loss
B6: - 미생물 데이터와 같이 계층 구조 (Hierarchy)를 가진 데이터의 표현 학습
B7: - 계층상 가까운 노드는 표현 공간에서도 가깝게 위치해야함
B8: - 혐기소화 미생물 특징: Bacteria, Archaea가 공존/상호의존하며 메탄 생성 메커니즘 이룸. 둘은 계통학적으로는 멀리 떨어져 있지만 이러한 관계로 인해 syntrophic relation을 갖는 bacteria 와 archaea 는 embedding space 에서 고유한 매핑 관계를 형성할 것
B9: - relative abundance 만 넣게 되면 미생물 군집 간의 관계성에 대한 정보 x, hierarchy가 고려되면 space 안에서 비슷한 미생물 군집이 비슷한 원인을 제공하여 결과를 제시
B11: 0) Dataset
B12: - low resolution at species level (~ 80% unclassified), high dimensional => built trees, taxonomic classification at genus level
B13: - same sites sampled under same type of train/test data since they are dependent
B15: type | C15: nwk
B16: single domain | C16: root = BAC/ARC
B17: merged domain | C17: root = domain | D17: -> simply grafting two top tips will give L=2 -> larger distance than actual tips distance (1.35) -> Fragment insertion (SEPP) based on SILVA database
B20: 1) Stability indicator | I20: [result] | L20: imbalanced dataset handling in multi-output classification
B21: Indicator | C21: Parameter / Metric | D21: Normal Range | E21: Warning Flag Threshold | F21: Associated Risk | G21: ref | I21: Positive | J21: negative | L21: 1) loss fucntion: nn.BCEWithLogitsLoss with pos_weight [1],[2]
B22: Acid-Base Balance | C22: pH | D22: 6.8 – 7.8 | E22: < 6.5 or > 8.0 | F22: Souring or free ammonia toxicity | G22: [1] | I22: 21 | J22: 119 | L22: 2) evaluation metrics: mcc, AUPR [3][4]
B23: Buffer Capacity | C23: TVFA/Alk | D23: < 0.30 | E23: >=0.30 | F23: Destruction of bicarbonate buffer | G23: [1],[2] | I23: 9 | J23: 131
B24: Acid Accumulation | C24: HPr/Hac | D24: < 1.0 | E24: (> 1.4 and HPr > 0.1) or HPr >=0.8 | F24: Syntrophic acetogenesis failure | G24: [1],[3] | I24: 4 | J24: 136 | L24: [1] Cui, Y., Jia, M., Lin, T. Y., Song, Y., & Belongie, S. (2019, June). Class-balanced loss based on effective number of samples. In 2019 IEEE/CVF conference on computer vision and pattern recognition (CVPR) (pp. 9260-9269). IEEE.
B25: Ammonia Toxicity | C25: TAN | D25: < 1,500mg/L | E25: > 2,500 mg/L | F25: Methanogenic growth inhibition | G25: [3] | I25: 26 | J25: 114 | L25: [2] Lin, T. Y., Goyal, P., Girshick, R., He, K., & Dollár, P. (2017). Focal loss for dense object detection. In Proceedings of the IEEE international conference on computer vision (pp. 2980-2988).
B26: Biogas Quality | C26: CH4 | D26: 55% - 70% | E26: < 50% | F26: Shift to acidogenesis / gas loss | G26: [1] | I26: 7 | J26: 133 | L26: [3] Richardson, E., Trevizani, R., Greenbaum, J. A., Carter, H., Nielsen, M., & Peters, B. (2024). The receiver operating characteristic curve accurately assesses imbalanced datasets. Patterns, 5(6).
I27: challenge: imbalanced result | L27: [4] Chicco, D., & Jurman, G. (2020). The advantages of the Matthews correlation coefficient (MCC) over F1 score and accuracy in binary classification evaluation. BMC genomics, 21(1), 6.
B28: ref
B29: [1] Boe, K., Batstone, D. J., Steyer, J.-P., & Angelidaki, I. (2010). State indicators for monitoring the anaerobic digestion process. Water Research, 44(20), 5973–5980. https://doi.org/10.1016/j.watres.2010.07.043
B30: [2] Chen, L., Zheng, T., Cao, Q., Zhou, Y., Liu, X., & Li, D. (2020). Early warning of instability during mesophilic anaerobic digestion of chicken manure. Applied Ecology and Environmental Research, 18(1), 331–343. https://doi.org/10.15666/aeer/1801_331343
B31: [3] Singh, A., Schnürer, A., Dolfing, J., & Westerholm, M. (2023). Syntrophic entanglements for propionate and acetate oxidation under thermophilic and high-ammonia conditions. The ISME Journal, 17(11), 1966–1978. https://doi.org/10.1038/s41396-023-01504-y
B33: 2) Benchmark model
I34: Model | J34: Relative abundance | K34: hierarchical topology | L34: branch length | M34: BAC&ARC
B35: 1. Taxlevel (Random Forest, KNN, NNET, XGBoost, GLMNET) relative abundance | I35: ML model | J35: o | K35: x | L35: x | M35: x
B36: 2. hierarchy (tree) + relative abundance | I36: MetaDR | J36: o | K36: o | L36: x | M36: x
B37: 3. hierahcy (tree) + cross-domain + relative abundance | I37: DeepPhylo | J37: o | K37: x | L37: o | M37: x | N37: tree -> distance matrix , PCA embedding
I38: Phylo-spec | J38: o | K38: o | L38: o | M38: x | N38: tree -> keep as live scaffold -> 1D convolution
B39: 60epoch, 10 patience, early stopping
B42: Evaluation metric for multiple output classification
B43: - cross validation (5 folds): small number of samples
B44: - MCC : optimized threshold for each target variable
B45: - F2 score: emphasize the Recall since FN is more 치명적 than FP when assessing digesters' state
B46: - AUPR: threshold independent -> good for baseline since if AUPR 상승중 but MCC 낮음 -> 모델 성능은 좋지만 threshold 잘못 선택된 것; TN 수가 너무 커서 지표를 왜곡시키는 것 방지 since it neglects TN value,
B47: - macro average
B48: - workflow : AUPR 기반 모델 선택 -> 검증 시점 MCC 기반 threshold 최적화 -> test data: multiple evaluation metrics
B50: 3) BAC&ARC relationship
B51: co-occurrence network analysis : 누구와 누구가 같이 관찰되는가 (GNN - Water Res)
B52: proposed: 환경변수의 영향을 먼제 제거한 뒤 살아남은 순수한 상관관계를 계통수 상의 거리 단축으로 변환 | K52: covariates:T, HRT, Q_total, Season, substrate_avg_pH,Alk, COD, sCOD, Protein, Lipid,Protein, TC, TVFAs
C53: network analysis | D53: proposed
B54: Edge generation | C54: relative abundance correlation | D54: OLS residuals
B55: Target | C55: every microbes | D55: only bac x arc
B56: output | C56: graph dataset | D56: transformed to shortcut in euclidean space
B57: Proposed workflow
B58: 교란변수 제거 (CLR변환, OLS) > Bacteria x Archaea Spearman's correlation > generate shortcut branch on phylogenetic tree
B60: Result
B61: 1) TaxLevel
B62: Dataset | C62: Flag | D62: n_pos | E62: prevalence | F62: MCC | K62: AUPR | P62: F2 | V62: Dataset | W62: Phylum | X62: Class | Y62: Order | Z62: Family | AA62: Genus
F63: Phylum | G63: Class | H63: Order | I63: Family | J63: Genus | K63: Phylum | L63: Class | M63: Order | N63: Family | O63: Genus | P63: Phylum | Q63: Class | R63: Order | S63: Family | T63: Genus | V63: ARC | W63: XGBoost | X63: XGBoost | Y63: XGBoost | Z63: XGBoost | AA63: XGBoost
B64: ARC | C64: buffer_capacity | D64: 9 | E64: 0.065217391 | F64: -0.11561046 | G64: -0.001990389 | H64: -0.082215456 | I64: 0.023245518 | J64: 0.10923279 | K64: 0.061493256 | L64: 0.079390186 | M64: 0.070087325 | N64: 0.094839488 | O64: 0.11746652 | P64: 0.18514024 | Q64: 0.15918056 | R64: 0.21807405 | S64: 0.22221159 | T64: 0.27722369 | V64: BAC | W64: XGBoost | X64: XGBoost | Y64: XGBoost | Z64: GLMNET | AA64: GLMNET
C65: acid_base_balance | D65: 20 | E65: 0.14 | F65: 0.1251079 | G65: 0.16507893 | H65: 0.15984085 | I65: 0.17721741 | J65: 0.1184265 | K65: 0.30912546 | L65: 0.28527646 | M65: 0.29751069 | N65: 0.2954604 | O65: 0.2753116 | P65: 0.26945282 | Q65: 0.33463072 | R65: 0.29195855 | S65: 0.40671579 | T65: 0.37723278 | V65: merged | W65: RF | X65: XGBoost | Y65: XGBoost | Z65: GLMNET | AA65: GLMNET
C66: acid_accumulation | D66: 4 | E66: 0.03 | F66: 0.033545319 | G66: -0.020264268 | H66: 0.018531783 | I66: 0.18907876 | J66: 0.15110532 | K66: 0.04387025 | L66: 0.032770812 | M66: 0.033856557 | N66: 0.24138277 | O66: 0.12146046 | P66: 0.13018025 | Q66: 0.10049034 | R66: 0.1180865 | S66: 0.27017967 | T66: 0.2352148
C67: ammonia_toxicity | D67: 26 | E67: 0.1884058 | F67: 0.45223521 | G67: 0.45998774 | H67: 0.46218151 | I67: 0.41792079 | J67: 0.47334208 | K67: 0.59791791 | L67: 0.57107802 | M67: 0.56936985 | N67: 0.54890359 | O67: 0.59006766 | P67: 0.56371431 | Q67: 0.6135198 | R67: 0.63249039 | S67: 0.62652937 | T67: 0.68006909
C68: biogas_quality | D68: 7 | E68: 0.050724638 | F68: 0.049277698 | G68: -0.041130405 | H68: -0.035367223 | I68: 0.10422556 | J68: 0.12262499 | K68: 0.057821583 | L68: 0.046661294 | M68: 0.050353838 | N68: 0.084444115 | O68: 0.11805457 | P68: 0.21691574 | Q68: 0.15526106 | R68: 0.18967535 | S68: 0.25832778 | T68: 0.27793144
C69: Macro-avg | F69: =AVERAGE(F65:F68) -> 0.16504153 | G69: =AVERAGE(G65:G68) -> 0.140918 | H69: =AVERAGE(H65:H68) -> 0.15129673 | I69: =AVERAGE(I65:I68) -> 0.22211063 | J69: =AVERAGE(J65:J68) -> 0.21637472 | K69: =AVERAGE(K65:K68) -> 0.2521838 | L69: =AVERAGE(L65:L68) -> 0.23394665 | M69: =AVERAGE(M65:M68) -> 0.23777274 | ... T69: =AVERAGE(T65:T68) -> 0.39261203
B70: BAC | C70: buffer_capacity | D70: 9 | E70: 0.065217391 | F70: 0.075404556 | G70: 0.14152151 | H70: 0.24853563 | I70: 0.20785484 | J70: 0.11093278 | K70: 0.10318351 | L70: 0.26336868 | M70: 0.29836433 | N70: 0.22453617 | O70: 0.13930316 | P70: 0.22410982 | Q70: 0.2741009 | R70: 0.2833865 | S70: 0.27012751 | T70: 0.20878282
C71: acid_base_balance | D71: 20 | E71: 0.14 | F71: 0.39098099 | G71: 0.2394256 | H71: 0.31271477 | I71: 0.28442837 | J71: 0.15053237 | K71: 0.52102532 | L71: 0.36604017 | M71: 0.32250783 | N71: 0.41313067 | O71: 0.27518425 | P71: 0.45630622 | Q71: 0.45536352 | R71: 0.47570618 | S71: 0.34693556 | T71: 0.30433811
C72: acid_accumulation | D72: 4 | E72: 0.03 | F72: 0.10345807 | G72: 0.16146929 | H72: 0.56878149 | I72: 0.18864023 | J72: 0.23061453 | K72: 0.11100671 | L72: 0.12507044 | M72: 0.47601162 | N72: 0.3250534 | O72: 0.31477276 | P72: 0.15342556 | Q72: 0.2439443 | R72: 0.58909774 | S72: 0.21379119 | T72: 0.24166985
C73: ammonia_toxicity | D73: 26 | E73: 0.1884058 | F73: 0.59016947 | G73: 0.54226443 | H73: 0.58680827 | I73: 0.52900518 | J73: 0.46969523 | K73: 0.62860735 | L73: 0.7167336 | M73: 0.6408588 | N73: 0.54247206 | O73: 0.45518907 | P73: 0.79379911 | Q73: 0.69603432 | R73: 0.76749946 | S73: 0.72638855 | T73: 0.67603125
C74: biogas_quality | D74: 7 | E74: 0.050724638 | F74: 0.033888659 | G74: 0.19159217 | H74: 0.10128758 | I74: 0.29606592 | J74: 0.25697955 | K74: 0.062512513 | L74: 0.20184714 | M74: 0.12090753 | N74: 0.30685601 | O74: 0.35482956 | P74: 0.2039629 | Q74: 0.30514535 | R74: 0.23614021 | S74: 0.30879165 | T74: 0.31587757
C75: Macro-avg | F75: =AVERAGE(F71:F74) -> 0.2796243 | G75: =AVERAGE(G71:G74) -> 0.28368787 | H75: =AVERAGE(H71:H74) -> 0.39239803 | I75: =AVERAGE(I71:I74) -> 0.32453492 | J75: =AVERAGE(J71:J74) -> 0.27695542 | K75: =AVERAGE(K71:K74) -> 0.33078797 | L75: =AVERAGE(L71:L74) -> 0.35242284 | M75: =AVERAGE(M71:M74) -> 0.39007145 | ... T75: =AVERAGE(T71:T74) -> 0.3844792
B76: merged | C76: buffer_capacity | D76: 9 | E76: 0.065217391 | F76: -0.022928959 | G76: 0.11104297 | H76: 0.2081668 | I76: 0.1462054 | J76: 0.10817977 | K76: 0.080466329 | L76: 0.22388642 | M76: 0.28386697 | N76: 0.29031379 | O76: 0.134938 | P76: 0.15419839 | Q76: 0.25697636 | R76: 0.26619362 | S76: 0.23560755 | T76: 0.23368366
C77: acid_base_balance | D77: 20 | E77: 0.14 | F77: 0.37489882 | G77: 0.25499828 | H77: 0.26534498 | I77: 0.26365068 | J77: 0.11459664 | K77: 0.4428282 | L77: 0.33047091 | M77: 0.28956776 | N77: 0.36612731 | O77: 0.24454188 | P77: 0.51875783 | Q77: 0.41333699 | R77: 0.42605597 | S77: 0.29370168 | T77: 0.25246204
C78: acid_accumulation | D78: 4 | E78: 0.03 | F78: 0.12874781 | G78: 0.10028394 | H78: 0.5998391 | I78: 0.23352612 | J78: 0.15956732 | K78: 0.11283035 | L78: 0.11767013 | M78: 0.53659149 | N78: 0.32220543 | O78: 0.25000163 | P78: 0.19913209 | Q78: 0.18389577 | R78: 0.62920138 | S78: 0.23388541 | T78: 0.22296157
C79: ammonia_toxicity | D79: 26 | E79: 0.1884058 | F79: 0.65994753 | G79: 0.56752175 | H79: 0.57332093 | I79: 0.5428725 | J79: 0.47163898 | K79: 0.58843232 | L79: 0.71171151 | M79: 0.63834224 | N79: 0.53750188 | O79: 0.4724747 | P79: 0.82981746 | Q79: 0.72256782 | R79: 0.76356147 | S79: 0.75422242 | T79: 0.66673056
C80: biogas_quality | D80: 7 | E80: 0.050724638 | F80: 0.0028856522 | G80: 0.14240259 | H80: 0.01703934 | I80: 0.31921754 | J80: 0.32018091 | K80: 0.058338377 | L80: 0.10071107 | M80: 0.095524987 | N80: 0.39878438 | O80: 0.41246008 | P80: 0.14540284 | Q80: 0.28450924 | R80: 0.18273851 | S80: 0.30896739 | T80: 0.31583269
C81: Macro-avg | F81: =AVERAGE(F77:F80) -> 0.29161995 | G81: =AVERAGE(G77:G80) -> 0.26630164 | H81: =AVERAGE(H77:H80) -> 0.36388609 | I81: =AVERAGE(I77:I80) -> 0.33981671 | J81: =AVERAGE(J77:J80) -> 0.26649596 | K81: =AVERAGE(K77:K80) -> 0.30060731 | L81: =AVERAGE(L77:L80) -> 0.31514091 | M81: =AVERAGE(M77:M80) -> 0.39000662 | ... T81: =AVERAGE(T77:T80) -> 0.36449671
B82: 2) ASV-tree
B83: Dataset | C83: Flag | D83: n_pos | E83: prevalence | F83: MCC | I83: AUPR | L83: F2
F84: DeepPhylo | G84: MetaDR | H84: Phylospec | I84: DeepPhylo | J84: MetaDR | K84: Phylospec | L84: DeepPhylo | M84: MetaDR | N84: Phylospec
B85: ARC | C85: buffer_capacity | D85: 9 | E85: 0.065217391 | F85: -0.11 | G85: -0.07 | H85: -0.11 | I85: 0.06 | J85: 0.06 | K85: 0.06 | L85: 0.17 | M85: 0.15 | N85: 0.2
C86: acid_base_balance | D86: 20 | E86: 0.14 | F86: 0.15 | G86: 0.07 | H86: 0.18 | I86: 0.26 | J86: 0.23 | K86: 0.25 | L86: 0.42 | M86: 0.34 | N86: 0.42
C87: acid_accumulation | D87: 4 | E87: 0.03 | F87: 0.02 | G87: 0 | H87: 0.05 | I87: 0.06 | J87: 0.04 | K87: 0.23 | L87: 0.13 | M87: 0.1 | N87: 0.11
C88: ammonia_toxicity | D88: 26 | E88: 0.1884058 | F88: 0.53 | G88: 0.43 | H88: 0.6 | I88: 0.64 | J88: 0.55629374 | K88: 0.67 | L88: 0.71 | M88: 0.59 | N88: 0.77
C89: biogas_quality | D89: 7 | E89: 0.050724638 | F89: -0.04 | G89: 0.06 | H89: 0.02 | I89: 0.08 | J89: 0.10677999 | K89: 0.06 | L89: 0.12 | M89: 0.2 | N89: 0.16
C90: Macro-avg | F90: =AVERAGE(F86:F89) -> 0.165 | G90: =AVERAGE(G86:G89) -> 0.14 | H90: =AVERAGE(H86:H89) -> 0.2125 | I90: =AVERAGE(I86:I89) -> 0.26 | J90: =AVERAGE(J86:J89) -> 0.23326843 | K90: =AVERAGE(K86:K89) -> 0.3025 | L90: =AVERAGE(L86:L89) -> 0.345 | M90: =AVERAGE(M86:M89) -> 0.3075 | N90: =AVERAGE(N86:N89) -> 0.365
B91: BAC | C91: buffer_capacity | D91: 9 | E91: 0.065217391 | F91: -0.05 | G91: -0.02 | H91: -0.16 | I91: 0.08 | J91: 0.06 | K91: 0.07 | L91: 0.11 | M91: 0.19 | N91: 0.11
C92: acid_base_balance | D92: 20 | E92: 0.14 | F92: 0.28 | G92: 0.27 | H92: 0.24 | I92: 0.33 | J92: 0.28 | K92: 0.44 | L92: 0.48 | M92: 0.48 | N92: 0.4
C93: acid_accumulation | D93: 4 | E93: 0.03 | F93: 0.05 | G93: 0.03 | H93: -0.06 | I93: 0.048920377 | J93: 0.05 | K93: 0.09 | L93: 0.14 | M93: 0.12 | N93: 0.09
C94: ammonia_toxicity | D94: 26 | E94: 0.1884058 | F94: 0.61 | G94: 0.67 | H94: 0.47 | I94: 0.56 | J94: 0.72 | K94: 0.48 | L94: 0.77 | M94: 0.83 | N94: 0.67
C95: biogas_quality | D95: 7 | E95: 0.050724638 | F95: 0.04 | G95: -0.02 | H95: -0.28 | I95: 0.08 | J95: 0.06 | K95: 0.04 | L95: 0.18 | M95: 0.12 | N95: 0.12
C96: Macro-avg | F96: =AVERAGE(F92:F95) -> 0.245 | G96: =AVERAGE(G92:G95) -> 0.2375 | H96: =AVERAGE(H92:H95) -> 0.0925 | I96: =AVERAGE(I92:I95) -> 0.25473009 | J96: =AVERAGE(J92:J95) -> 0.2775 | K96: =AVERAGE(K92:K95) -> 0.2625 | L96: =AVERAGE(L92:L95) -> 0.3925 | M96: =AVERAGE(M92:M95) -> 0.3875 | N96: =AVERAGE(N92:N95) -> 0.32
B97: merged | C97: buffer_capacity | D97: 9 | E97: 0.065217391 | F97: -0.04 | G97: -0.03 | H97: -0.1 | I97: 0.06 | J97: 0.06 | K97: 0.05 | L97: 0.18 | M97: 0.16 | N97: 0.19
C98: acid_base_balance | D98: 20 | E98: 0.14 | F98: 0.35 | G98: 0.18 | H98: 0.3 | I98: 0.36 | J98: 0.28 | K98: 0.43 | L98: 0.56 | M98: 0.41 | N98: 0.47
C99: acid_accumulation | D99: 4 | E99: 0.03 | F99: 0.04 | G99: -0.02 | H99: 0.03 | I99: 0.06 | J99: 0.04 | K99: 0.05 | L99: 0.13 | M99: 0.08 | N99: 0.12
C100: ammonia_toxicity | D100: 26 | E100: 0.1884058 | F100: 0.61 | G100: 0.56 | H100: 0.6 | I100: 0.66 | J100: 0.62 | K100: 0.53 | L100: 0.79 | M100: 0.72 | N100: 0.81
C101: biogas_quality | D101: 7 | E101: 0.050724638 | F101: 0.08 | G101: -0.04 | H101: -0.17 | I101: 0.08 | J101: 0.06 | K101: 0.05 | L101: 0.21 | M101: 0.11 | N101: 0.11
C102: Macro-avg | F102: =AVERAGE(F98:F101) -> 0.27 | G102: =AVERAGE(G98:G101) -> 0.17 | H102: =AVERAGE(H98:H101) -> 0.19 | I102: =AVERAGE(I98:I101) -> 0.29 | J102: =AVERAGE(J98:J101) -> 0.25 | K102: =AVERAGE(K98:K101) -> 0.265 | L102: =AVERAGE(L98:L101) -> 0.4225 | M102: =AVERAGE(M98:M101) -> 0.33 | N102: =AVERAGE(N98:N101) -> 0.3775
B103: 3) Genus-tree
B104: Dataset | C104: Flag | D104: n_pos | E104: prevalence | F104: MCC | I104: AUPR | L104: F2
F105: DeepPhylo | G105: MetaDR | H105: Phylospec | I105: DeepPhylo | J105: MetaDR | K105: Phylospec | L105: DeepPhylo | M105: MetaDR | N105: Phylospec
B106: ARC | C106: buffer_capacity | D106: 9 | E106: 0.065217391 | F106: -0.083852988 | G106: -0.039655772 | H106: -0.03 | I106: 0.055015568 | J106: 0.069544204 | K106: 0.06 | L106: 0.10810214 | M106: 0.16631874 | N106: 0.24
C107: acid_base_balance | D107: 20 | E107: 0.14 | F107: 0.11111674 | G107: 0.28011091 | H107: 0.23 | I107: 0.19914532 | J107: 0.26310702 | K107: 0.25 | L107: 0.33115727 | M107: 0.52966107 | N107: 0.46
C108: acid_accumulation | D108: 4 | E108: 0.03 | F108: -0.018766489 | G108: 0.1623832 | H108: 0.13 | I108: 0.0290697 | J108: 0.090836132 | K108: 0.09 | L108: 0.088391463 | M108: 0.23627994 | N108: 0.22
C109: ammonia_toxicity | D109: 26 | E109: 0.1884058 | F109: 0.074796835 | G109: 0.46595376 | H109: 0.44 | I109: 0.24415475 | J109: 0.55629374 | K109: 0.49 | L109: 0.32400065 | M109: 0.69562618 | N109: 0.66
C110: biogas_quality | D110: 7 | E110: 0.050724638 | F110: -0.00068404397 | G110: 0.10413199 | H110: 0.07 | I110: 0.049622288 | J110: 0.10677999 | K110: 0.07 | L110: 0.1968548 | M110: 0.25740796 | N110: 0.24
...

Sheet Comparison
A1: Evaluation metric comparison (source: Sheet2)
A3: MCC
E4: TaxLevel | J4: DeepPhylo | N4: MetaDR | R4: Phylospec
A5: Dataset | B5: Flag | C5: n_pos | D5: prevalence | E5: Phylum | F5: Class | G5: Order | H5: Family | I5: Genus | J5: ASV-tree | K5: Genus-tree | L5: Genus-tree + cross-domain | M5: ASV-tree + cross-domain | N5: ASV-tree | O5: Genus-tree | P5: Genus-tree + cross-domain | Q5: ASV-tree + cross-domain | R5: ASV-tree | S5: Genus-tree | T5: Genus-tree + cross-domain | U5: ASV-tree + cross-domain
A6: ARC | B6: buffer_capacity | C6: =Sheet2!C5 -> 9 | D6: =Sheet2!D5 -> 0.065217391 | E6: =Sheet2!E5 -> -0.11561046 | F6: =Sheet2!F5 -> -0.001990389 | G6: =Sheet2!G5 -> -0.082215456 | H6: =Sheet2!H5 -> 0.023245518 | I6: =Sheet2!I5 -> 0.10923279 | J6: =Sheet2!E26 -> -0.11 | K6: =Sheet2!E47 -> -0.083852988 | N6: =Sheet2!F26 -> -0.07 | O6: =Sheet2!F47 -> -0.039655772 | R6: =Sheet2!G26 -> -0.11 | S6: =Sheet2!G47 -> -0.03
A7: ARC | B7: acid_base_balance | C7: =Sheet2!C6 -> 20 | D7: =Sheet2!D6 -> 0.14 | E7: =Sheet2!E6 -> 0.1251079 | F7: =Sheet2!F6 -> 0.16507893 | G7: =Sheet2!G6 -> 0.15984085 | H7: =Sheet2!H6 -> 0.17721741 | I7: =Sheet2!I6 -> 0.1184265 | J7: =Sheet2!E27 -> 0.15 | K7: =Sheet2!E48 -> 0.11111674 | N7: =Sheet2!F27 -> 0.07 | O7: =Sheet2!F48 -> 0.28011091 | R7: =Sheet2!G27 -> 0.18 | S7: =Sheet2!G48 -> 0.23
A8: ARC | B8: acid_accumulation | C8: =Sheet2!C7 -> 4 | D8: =Sheet2!D7 -> 0.03 | E8: =Sheet2!E7 -> 0.033545319 | F8: =Sheet2!F7 -> -0.020264268 | G8: =Sheet2!G7 -> 0.018531783 | H8: =Sheet2!H7 -> 0.18907876 | I8: =Sheet2!I7 -> 0.15110532 | J8: =Sheet2!E28 -> 0.02 | K8: =Sheet2!E49 -> -0.018766489 | N8: =Sheet2!F28 -> 0 | O8: =Sheet2!F49 -> 0.1623832 | R8: =Sheet2!G28 -> 0.05 | S8: =Sheet2!G49 -> 0.13
A9: ARC | B9: ammonia_toxicity | C9: =Sheet2!C8 -> 26 | D9: =Sheet2!D8 -> 0.1884058 | E9: =Sheet2!E8 -> 0.45223521 | F9: =Sheet2!F8 -> 0.45998774 | G9: =Sheet2!G8 -> 0.46218151 | H9: =Sheet2!H8 -> 0.41792079 | I9: =Sheet2!I8 -> 0.47334208 | J9: =Sheet2!E29 -> 0.53 | K9: =Sheet2!E50 -> 0.074796835 | N9: =Sheet2!F29 -> 0.43 | O9: =Sheet2!F50 -> 0.46595376 | R9: =Sheet2!G29 -> 0.6 | S9: =Sheet2!G50 -> 0.44
A10: ARC | B10: biogas_quality | C10: =Sheet2!C9 -> 7 | D10: =Sheet2!D9 -> 0.050724638 | E10: =Sheet2!E9 -> 0.049277698 | F10: =Sheet2!F9 -> -0.041130405 | G10: =Sheet2!G9 -> -0.035367223 | H10: =Sheet2!H9 -> 0.10422556 | I10: =Sheet2!I9 -> 0.12262499 | J10: =Sheet2!E30 -> -0.04 | K10: =Sheet2!E51 -> -0.00068404397 | N10: =Sheet2!F30 -> 0.06 | O10: =Sheet2!F51 -> 0.10413199 | R10: =Sheet2!G30 -> 0.02 | S10: =Sheet2!G51 -> 0.07
A11: ARC | B11: Macro-avg | E11: =Sheet2!E10 -> 0.16504153 | F11: =Sheet2!F10 -> 0.140918 | G11: =Sheet2!G10 -> 0.15129673 | H11: =Sheet2!H10 -> 0.22211063 | I11: =Sheet2!I10 -> 0.21637472 | J11: =Sheet2!E31 -> 0.165 | K11: =Sheet2!E52 -> 0.041615761 | N11: =Sheet2!F31 -> 0.14 | O11: =Sheet2!F52 -> 0.25314496 | R11: =Sheet2!G31 -> 0.2125 | S11: =Sheet2!G52 -> 0.2175
A12: BAC | B12: buffer_capacity | C12: =Sheet2!C11 -> 9 | D12: =Sheet2!D11 -> 0.065217391 | E12: =Sheet2!E11 -> 0.075404556 | F12: =Sheet2!F11 -> 0.14152151 | G12: =Sheet2!G11 -> 0.24853563 | H12: =Sheet2!H11 -> 0.20785484 | I12: =Sheet2!I11 -> 0.11093278 | J12: =Sheet2!E32 -> -0.05 | K12: =Sheet2!E53 -> -0.038786086 | N12: =Sheet2!F32 -> -0.02 | O12: =Sheet2!F53 -> 0.020037117 | R12: =Sheet2!G32 -> -0.16 | S12: =Sheet2!G53 -> 0.07
A13: BAC | B13: acid_base_balance | C13: =Sheet2!C12 -> 20 | D13: =Sheet2!D12 -> 0.14 | E13: =Sheet2!E12 -> 0.39098099 | F13: =Sheet2!F12 -> 0.2394256 | G13: =Sheet2!G12 -> 0.31271477 | H13: =Sheet2!H12 -> 0.28442837 | I13: =Sheet2!I12 -> 0.15053237 | J13: =Sheet2!E33 -> 0.28 | K13: =Sheet2!E54 -> 0.22045016 | N13: =Sheet2!F33 -> 0.27 | O13: =Sheet2!F54 -> 0.28248574 | R13: =Sheet2!G33 -> 0.24 | S13: =Sheet2!G54 -> 0.34
A14: BAC | B14: acid_accumulation | C14: =Sheet2!C13 -> 4 | D14: =Sheet2!D13 -> 0.03 | E14: =Sheet2!E13 -> 0.10345807 | F14: =Sheet2!F13 -> 0.16146929 | G14: =Sheet2!G13 -> 0.56878149 | H14: =Sheet2!H13 -> 0.18864023 | I14: =Sheet2!I13 -> 0.23061453 | J14: =Sheet2!E34 -> 0.05 | K14: =Sheet2!E55 -> 0.095461363 | N14: =Sheet2!F34 -> 0.03 | O14: =Sheet2!F55 -> 0.051701861 | R14: =Sheet2!G34 -> -0.06 | S14: =Sheet2!G55 -> 0.13
A15: BAC | B15: ammonia_toxicity | C15: =Sheet2!C14 -> 26 | D15: =Sheet2!D14 -> 0.1884058 | E15: =Sheet2!E14 -> 0.59016947 | F15: =Sheet2!F14 -> 0.54226443 | G15: =Sheet2!G14 -> 0.58680827 | H15: =Sheet2!H14 -> 0.52900518 | I15: =Sheet2!I14 -> 0.46969523 | J15: =Sheet2!E35 -> 0.61 | K15: =Sheet2!E56 -> 0.45708668 | N15: =Sheet2!F35 -> 0.67 | O15: =Sheet2!F56 -> 0.64317581 | R15: =Sheet2!G35 -> 0.47 | S15: =Sheet2!G56 -> 0.56
A16: BAC | B16: biogas_quality | C16: =Sheet2!C15 -> 7 | D16: =Sheet2!D15 -> 0.050724638 | E16: =Sheet2!E15 -> 0.033888659 | F16: =Sheet2!F15 -> 0.19159217 | G16: =Sheet2!G15 -> 0.10128758 | H16: =Sheet2!H15 -> 0.29606592 | I16: =Sheet2!I15 -> 0.25697955 | J16: =Sheet2!E36 -> 0.04 | K16: =Sheet2!E57 -> 0.0096090909 | N16: =Sheet2!F36 -> -0.02 | O16: =Sheet2!F57 -> 0.066668166 | R16: =Sheet2!G36 -> -0.28 | S16: =Sheet2!G57 -> 0.05
A17: BAC | B17: Macro-avg | E17: =Sheet2!E16 -> 0.2796243 | F17: =Sheet2!F16 -> 0.28368787 | G17: =Sheet2!G16 -> 0.39239803 | H17: =Sheet2!H16 -> 0.32453492 | I17: =Sheet2!I16 -> 0.27695542 | J17: =Sheet2!E37 -> 0.245 | K17: =Sheet2!E58 -> 0.19565182 | N17: =Sheet2!F37 -> 0.2375 | O17: =Sheet2!F58 -> 0.26100789 | R17: =Sheet2!G37 -> 0.0925 | S17: =Sheet2!G58 -> 0.27
A18: merged | B18: buffer_capacity | C18: =Sheet2!C17 -> 9 | D18: =Sheet2!D17 -> 0.065217391 | E18: =Sheet2!E17 -> -0.022928959 | F18: =Sheet2!F17 -> 0.11104297 | G18: =Sheet2!G17 -> 0.2081668 | H18: =Sheet2!H17 -> 0.1462054 | I18: =Sheet2!I17 -> 0.10817977 | J18: =Sheet2!E38 -> -0.04 | K18: =Sheet2!E59 -> -0.013729353 | L18: =Sheet2!E77 -> -0.01 | M18: =Sheet2!E68 -> -0.0382 | N18: =Sheet2!F38 -> -0.03 | O18: =Sheet2!F59 -> -0.1054096 | P18: =Sheet2!F77 -> -0.0913 | Q18: =Sheet2!F68 -> -0.0434 | R18: =Sheet2!G38 -> -0.1 | S18: =Sheet2!G59 -> -0.04 | T18: =Sheet2!G77 -> 0 | U18: =Sheet2!G68 -> -0.1084
A19: merged | B19: acid_base_balance | C19: =Sheet2!C18 -> 20 | D19: =Sheet2!D18 -> 0.14 | E19: =Sheet2!E18 -> 0.37489882 | F19: =Sheet2!F18 -> 0.25499828 | G19: =Sheet2!G18 -> 0.26534498 | H19: =Sheet2!H18 -> 0.26365068 | I19: =Sheet2!I18 -> 0.11459664 | J19: =Sheet2!E39 -> 0.35 | K19: =Sheet2!E60 -> 0.244939 | L19: =Sheet2!E78 -> 0.27 | M19: =Sheet2!E69 -> 0.2555 | N19: =Sheet2!F39 -> 0.18 | O19: =Sheet2!F60 -> 0.31782198 | P19: =Sheet2!F78 -> 0.2838 | Q19: =Sheet2!F69 -> 0.1458 | R19: =Sheet2!G39 -> 0.3 | S19: =Sheet2!G60 -> 0.32 | T19: =Sheet2!G78 -> 0.35 | U19: =Sheet2!G69 -> 0.311
A20: merged | B20: acid_accumulation | C20: =Sheet2!C19 -> 4 | D20: =Sheet2!D19 -> 0.03 | E20: =Sheet2!E19 -> 0.12874781 | F20: =Sheet2!F19 -> 0.10028394 | G20: =Sheet2!G19 -> 0.5998391 | H20: =Sheet2!H19 -> 0.23352612 | I20: =Sheet2!I19 -> 0.15956732 | J20: =Sheet2!E40 -> 0.04 | K20: =Sheet2!E61 -> 0.09426337 | L20: =Sheet2!E79 -> 0.07 | M20: =Sheet2!E70 -> 0.1241 | N20: =Sheet2!F40 -> -0.02 | O20: =Sheet2!F61 -> 0.15957805 | P20: =Sheet2!F79 -> 0.0232 | Q20: =Sheet2!F70 -> -0.0267 | R20: =Sheet2!G40 -> 0.03 | S20: =Sheet2!G61 -> 0.1 | T20: =Sheet2!G79 -> 0.04 | U20: =Sheet2!G70 -> 0.0132
A21: merged | B21: ammonia_toxicity | C21: =Sheet2!C20 -> 26 | D21: =Sheet2!D20 -> 0.1884058 | E21: =Sheet2!E20 -> 0.65994753 | F21: =Sheet2!F20 -> 0.56752175 | G21: =Sheet2!G20 -> 0.57332093 | H21: =Sheet2!H20 -> 0.5428725 | I21: =Sheet2!I20 -> 0.47163898 | J21: =Sheet2!E41 -> 0.61 | K21: =Sheet2!E62 -> 0.36399765 | L21: =Sheet2!E80 -> 0.57 | M21: =Sheet2!E71 -> 0.5697 | N21: =Sheet2!F41 -> 0.56 | O21: =Sheet2!F62 -> 0.62256924 | P21: =Sheet2!F80 -> 0.5984 | Q21: =Sheet2!F71 -> 0.5309 | R21: =Sheet2!G41 -> 0.6 | S21: =Sheet2!G62 -> 0.47 | T21: =Sheet2!G80 -> 0.5121 | U21: =Sheet2!G71 -> 0.6091
A22: merged | B22: biogas_quality | C22: =Sheet2!C21 -> 7 | D22: =Sheet2!D21 -> 0.050724638 | E22: =Sheet2!E21 -> 0.0028856522 | F22: =Sheet2!F21 -> 0.14240259 | G22: =Sheet2!G21 -> 0.01703934 | H22: =Sheet2!H21 -> 0.31921754 | I22: =Sheet2!I21 -> 0.32018091 | J22: =Sheet2!E42 -> 0.08 | K22: =Sheet2!E63 -> 0.090873257 | L22: =Sheet2!E81 -> 0.08 | M22: =Sheet2!E72 -> 0.1117 | N22: =Sheet2!F42 -> -0.04 | O22: =Sheet2!F63 -> -0.0072669714 | P22: =Sheet2!F81 -> 0.0368 | Q22: =Sheet2!F72 -> -0.042 | R22: =Sheet2!G42 -> -0.17 | S22: =Sheet2!G63 -> 0.07 | T22: =Sheet2!G81 -> 0.03 | U22: =Sheet2!G72 -> -0.1155
A23: merged | B23: Macro-avg | E23: =Sheet2!E22 -> 0.29161995 | F23: =Sheet2!F22 -> 0.26630164 | G23: =Sheet2!G22 -> 0.36388609 | H23: =Sheet2!H22 -> 0.33981671 | I23: =Sheet2!I22 -> 0.26649596 | J23: =Sheet2!E43 -> 0.27 | K23: =Sheet2!E64 -> 0.19851832 | L23: =Sheet2!E82 -> 0.2475 | M23: =Sheet2!E73 -> 0.26525 | N23: =Sheet2!F43 -> 0.17 | O23: =Sheet2!F64 -> 0.27317557 | P23: =Sheet2!F82 -> 0.23555 | Q23: =Sheet2!F73 -> 0.152 | R23: =Sheet2!G43 -> 0.19 | S23: =Sheet2!G64 -> 0.24 | T23: =Sheet2!G82 -> 0.233025 | U23: =Sheet2!G73 -> 0.20445
A25: AUPR
E26: TaxLevel | J26: DeepPhylo | N26: MetaDR | R26: Phylospec
A27: Dataset | B27: Flag | C27: n_pos | D27: prevalence | E27: Phylum | F27: Class | G27: Order | H27: Family | I27: Genus | J27: ASV-tree | K27: Genus-tree | L27: Genus-tree + cross-domain | M27: ASV-tree + cross-domain | N27: ASV-tree | O27: Genus-tree | P27: Genus-tree + cross-domain | Q27: ASV-tree + cross-domain | R27: ASV-tree | S27: Genus-tree | T27: Genus-tree + cross-domain | U27: ASV-tree + cross-domain
A28: ARC | B28: buffer_capacity | C28: =Sheet2!C5 -> 9 | D28: =Sheet2!D5 -> 0.065217391 | E28: =Sheet2!J5 -> 0.061493256 | F28: =Sheet2!K5 -> 0.079390186 | G28: =Sheet2!L5 -> 0.070087325 | H28: =Sheet2!M5 -> 0.094839488 | I28: =Sheet2!N5 -> 0.11746652 | J28: =Sheet2!H26 -> 0.06 | K28: =Sheet2!H47 -> 0.055015568 | N28: =Sheet2!I26 -> 0.06 | O28: =Sheet2!I47 -> 0.069544204 | R28: =Sheet2!J26 -> 0.06 | S28: =Sheet2!J47 -> 0.06
A29: ARC | B29: acid_base_balance | C29: =Sheet2!C6 -> 20 | D29: =Sheet2!D6 -> 0.14 | E29: =Sheet2!J6 -> 0.30912546 | F29: =Sheet2!K6 -> 0.28527646 | G29: =Sheet2!L6 -> 0.29751069 | H29: =Sheet2!M6 -> 0.2954604 | I29: =Sheet2!N6 -> 0.2753116 | J29: =Sheet2!H27 -> 0.26 | K29: =Sheet2!H48 -> 0.19914532 | N29: =Sheet2!I27 -> 0.23 | O29: =Sheet2!I48 -> 0.26310702 | R29: =Sheet2!J27 -> 0.25 | S29: =Sheet2!J48 -> 0.25
A30: ARC | B30: acid_accumulation | C30: =Sheet2!C7 -> 4 | D30: =Sheet2!D7 -> 0.03 | E30: =Sheet2!J7 -> 0.04387025 | F30: =Sheet2!K7 -> 0.032770812 | G30: =Sheet2!L7 -> 0.033856557 | H30: =Sheet2!M7 -> 0.24138277 | I30: =Sheet2!N7 -> 0.12146046 | J30: =Sheet2!H28 -> 0.06 | K30: =Sheet2!H49 -> 0.0290697 | N30: =Sheet2!I28 -> 0.04 | O30: =Sheet2!I49 -> 0.090836132 | R30: =Sheet2!J28 -> 0.23 | S30: =Sheet2!J49 -> 0.09
A31: ARC | B31: ammonia_toxicity | C31: =Sheet2!C8 -> 26 | D31: =Sheet2!D8 -> 0.1884058 | E31: =Sheet2!J8 -> 0.59791791 | F31: =Sheet2!K8 -> 0.57107802 | G31: =Sheet2!L8 -> 0.56936985 | H31: =Sheet2!M8 -> 0.54890359 | I31: =Sheet2!N8 -> 0.59006766 | J31: =Sheet2!H29 -> 0.64 | K31: =Sheet2!H50 -> 0.24415475 | N31: =Sheet2!I29 -> 0.55629374 | O31: =Sheet2!I50 -> 0.55629374 | R31: =Sheet2!J29 -> 0.67 | S31: =Sheet2!J50 -> 0.49
A32: ARC | B32: biogas_quality | C32: =Sheet2!C9 -> 7 | D32: =Sheet2!D9 -> 0.050724638 | E32: =Sheet2!J9 -> 0.057821583 | F32: =Sheet2!K9 -> 0.046661294 | G32: =Sheet2!L9 -> 0.050353838 | H32: =Sheet2!M9 -> 0.084444115 | I32: =Sheet2!N9 -> 0.11805457 | J32: =Sheet2!H30 -> 0.08 | K32: =Sheet2!H51 -> 0.049622288 | N32: =Sheet2!I30 -> 0.10677999 | O32: =Sheet2!I51 -> 0.10677999 | R32: =Sheet2!J30 -> 0.06 | S32: =Sheet2!J51 -> 0.07
A33: ARC | B33: Macro-avg | E33: =Sheet2!J10 -> 0.2521838 | F33: =Sheet2!K10 -> 0.23394665 | G33: =Sheet2!L10 -> 0.23777274 | H33: =Sheet2!M10 -> 0.29254772 | I33: =Sheet2!N10 -> 0.27622357 | J33: =Sheet2!H31 -> 0.26 | K33: =Sheet2!H52 -> 0.13049801 | N33: =Sheet2!I31 -> 0.23326843 | O33: =Sheet2!I52 -> 0.25425422 | R33: =Sheet2!J31 -> 0.3025 | S33: =Sheet2!J52 -> 0.225
A34: BAC | B34: buffer_capacity | C34: =Sheet2!C11 -> 9 | D34: =Sheet2!D11 -> 0.065217391 | E34: =Sheet2!J11 -> 0.10318351 | F34: =Sheet2!K11 -> 0.26336868 | G34: =Sheet2!L11 -> 0.29836433 | H34: =Sheet2!M11 -> 0.22453617 | I34: =Sheet2!N11 -> 0.13930316 | J34: =Sheet2!H32 -> 0.08 | K34: =Sheet2!H53 -> 0.067531353 | N34: =Sheet2!I32 -> 0.06 | O34: =Sheet2!I53 -> 0.079371599 | R34: =Sheet2!J32 -> 0.07 | S34: =Sheet2!J53 -> 0.09
A35: BAC | B35: acid_base_balance | C35: =Sheet2!C12 -> 20 | D35: =Sheet2!D12 -> 0.14 | E35: =Sheet2!J12 -> 0.52102532 | F35: =Sheet2!K12 -> 0.36604017 | G35: =Sheet2!L12 -> 0.32250783 | H35: =Sheet2!M12 -> 0.41313067 | I35: =Sheet2!N12 -> 0.27518425 | J35: =Sheet2!H33 -> 0.33 | K35: =Sheet2!H54 -> 0.31113045 | N35: =Sheet2!I33 -> 0.28 | O35: =Sheet2!I54 -> 0.35132294 | R35: =Sheet2!J33 -> 0.44 | S35: =Sheet2!J54 -> 0.49
A36: BAC | B36: acid_accumulation | C36: =Sheet2!C13 -> 4 | D36: =Sheet2!D13 -> 0.03 | E36: =Sheet2!J13 -> 0.11100671 | F36: =Sheet2!K13 -> 0.12507044 | G36: =Sheet2!L13 -> 0.47601162 | H36: =Sheet2!M13 -> 0.3250534 | I36: =Sheet2!N13 -> 0.31477276 | J36: =Sheet2!H34 -> 0.048920377 | K36: =Sheet2!H55 -> 0.048920377 | N36: =Sheet2!I34 -> 0.05 | O36: =Sheet2!I55 -> 0.068876451 | R36: =Sheet2!J34 -> 0.09 | S36: =Sheet2!J55 -> 0.21
A37: BAC | B37: ammonia_toxicity | C37: =Sheet2!C14 -> 26 | D37: =Sheet2!D14 -> 0.1884058 | E37: =Sheet2!J14 -> 0.62860735 | F37: =Sheet2!K14 -> 0.7167336 | G37: =Sheet2!L14 -> 0.6408588 | H37: =Sheet2!M14 -> 0.54247206 | I37: =Sheet2!N14 -> 0.45518907 | J37: =Sheet2!H35 -> 0.56 | K37: =Sheet2!H56 -> 0.40498547 | N37: =Sheet2!I35 -> 0.72 | O37: =Sheet2!I56 -> 0.60006945 | R37: =Sheet2!J35 -> 0.48 | S37: =Sheet2!J56 -> 0.52
A38: BAC | B38: biogas_quality | C38: =Sheet2!C15 -> 7 | D38: =Sheet2!D15 -> 0.050724638 | E38: =Sheet2!J15 -> 0.062512513 | F38: =Sheet2!K15 -> 0.20184714 | G38: =Sheet2!L15 -> 0.12090753 | H38: =Sheet2!M15 -> 0.30685601 | I38: =Sheet2!N15 -> 0.35482956 | J38: =Sheet2!H36 -> 0.08 | K38: =Sheet2!H57 -> 0.069311934 | N38: =Sheet2!I36 -> 0.06 | O38: =Sheet2!I57 -> 0.079542316 | R38: =Sheet2!J36 -> 0.04 | S38: =Sheet2!J57 -> 0.08
A39: BAC | B39: Macro-avg | E39: =Sheet2!J16 -> 0.33078797 | F39: =Sheet2!K16 -> 0.35242284 | G39: =Sheet2!L16 -> 0.39007145 | H39: =Sheet2!M16 -> 0.39687803 | I39: =Sheet2!N16 -> 0.34999391 | J39: =Sheet2!H37 -> 0.25473009 | K39: =Sheet2!H58 -> 0.20858706 | N39: =Sheet2!I37 -> 0.2775 | O39: =Sheet2!I58 -> 0.27495279 | R39: =Sheet2!J37 -> 0.2625 | S39: =Sheet2!J58 -> 0.325
A40: merged | B40: buffer_capacity | C40: =Sheet2!C17 -> 9 | D40: =Sheet2!D17 -> 0.065217391 | E40: =Sheet2!J17 -> 0.080466329 | F40: =Sheet2!K17 -> 0.22388642 | G40: =Sheet2!L17 -> 0.28386697 | H40: =Sheet2!M17 -> 0.29031379 | I40: =Sheet2!N17 -> 0.134938 | J40: =Sheet2!H38 -> 0.06 | K40: =Sheet2!H59 -> 0.10620651 | L40: =Sheet2!H77 -> 0.11 | M40: =Sheet2!H68 -> 0.0708 | N40: =Sheet2!I38 -> 0.06 | O40: =Sheet2!I59 -> 0.053302311 | P40: =Sheet2!I77 -> 0.0573 | Q40: =Sheet2!I68 -> 0.0731 | R40: =Sheet2!J38 -> 0.05 | S40: =Sheet2!J59 -> 0.06 | T40: =Sheet2!J77 -> 0.0565 | U40: =Sheet2!J68 -> 0.0773
A41: merged | B41: acid_base_balance | C41: =Sheet2!C18 -> 20 | D41: =Sheet2!D18 -> 0.14 | E41: =Sheet2!J18 -> 0.4428282 | F41: =Sheet2!K18 -> 0.33047091 | G41: =Sheet2!L18 -> 0.28956776 | H41: =Sheet2!M18 -> 0.36612731 | I41: =Sheet2!N18 -> 0.24454188 | J41: =Sheet2!H39 -> 0.36 | K41: =Sheet2!H60 -> 0.2758899 | L41: =Sheet2!H78 -> 0.29 | M41: =Sheet2!H69 -> 0.3119 | N41: =Sheet2!I39 -> 0.28 | O41: =Sheet2!I60 -> 0.32762517 | P41: =Sheet2!I78 -> 0.3175 | Q41: =Sheet2!I69 -> 0.253 | R41: =Sheet2!J39 -> 0.43 | S41: =Sheet2!J60 -> 0.4 | T41: =Sheet2!J78 -> 0.39 | U41: =Sheet2!J69 -> 0.4619
A42: merged | B42: acid_accumulation | C42: =Sheet2!C19 -> 4 | D42: =Sheet2!D19 -> 0.03 | E42: =Sheet2!J19 -> 0.11283035 | F42: =Sheet2!K19 -> 0.11767013 | G42: =Sheet2!L19 -> 0.53659149 | H42: =Sheet2!M19 -> 0.32220543 | I42: =Sheet2!N19 -> 0.25000163 | J42: =Sheet2!H40 -> 0.06 | K42: =Sheet2!H61 -> 0.13327345 | L42: =Sheet2!H79 -> 0.14 | M42: =Sheet2!H70 -> 0.0886 | N42: =Sheet2!I40 -> 0.04 | O42: =Sheet2!I61 -> 0.060043342 | P42: =Sheet2!I79 -> 0.0441 | Q42: =Sheet2!I70 -> 0.0387 | R42: =Sheet2!J40 -> 0.05 | S42: =Sheet2!J61 -> 0.16 | T42: =Sheet2!J79 -> 0.04 | U42: =Sheet2!J70 -> 0.0532
A43: merged | B43: ammonia_toxicity | C43: =Sheet2!C20 -> 26 | D43: =Sheet2!D20 -> 0.1884058 | E43: =Sheet2!J20 -> 0.58843232 | F43: =Sheet2!K20 -> 0.71171151 | G43: =Sheet2!L20 -> 0.63834224 | H43: =Sheet2!M20 -> 0.53750188 | I43: =Sheet2!N20 -> 0.4724747 | J43: =Sheet2!H41 -> 0.66 | K43: =Sheet2!H62 -> 0.43211204 | L43: =Sheet2!H80 -> 0.57 | M43: =Sheet2!H71 -> 0.5965 | N43: =Sheet2!I41 -> 0.62 | O43: =Sheet2!I62 -> 0.56640214 | P43: =Sheet2!I80 -> 0.6193 | Q43: =Sheet2!I71 -> 0.6179 | R43: =Sheet2!J41 -> 0.53 | S43: =Sheet2!J62 -> 0.5 | T43: =Sheet2!J80 -> 0.53 | U43: =Sheet2!J71 -> 0.4944
A44: merged | B44: biogas_quality | C44: =Sheet2!C21 -> 7 | D44: =Sheet2!D21 -> 0.050724638 | E44: =Sheet2!J21 -> 0.058338377 | F44: =Sheet2!K21 -> 0.10071107 | G44: =Sheet2!L21 -> 0.095524987 | H44: =Sheet2!M21 -> 0.39878438 | I44: =Sheet2!N21 -> 0.41246008 | J44: =Sheet2!H42 -> 0.08 | K44: =Sheet2!H63 -> 0.14391609 | L44: =Sheet2!H81 -> 0.17 | M44: =Sheet2!H72 -> 0.146 | N44: =Sheet2!I42 -> 0.06 | O44: =Sheet2!I63 -> 0.056625037 | P44: =Sheet2!I81 -> 0.0713 | Q44: =Sheet2!I72 -> 0.0941 | R44: =Sheet2!J42 -> 0.05 | S44: =Sheet2!J63 -> 0.09 | T44: =Sheet2!J81 -> 0.1 | U44: =Sheet2!J72 -> 0.0595
A45: merged | B45: Macro-avg | E45: =Sheet2!J22 -> 0.30060731 | F45: =Sheet2!K22 -> 0.31514091 | G45: =Sheet2!L22 -> 0.39000662 | H45: =Sheet2!M22 -> 0.40615475 | I45: =Sheet2!N22 -> 0.34486957 | J45: =Sheet2!H43 -> 0.29 | K45: =Sheet2!H64 -> 0.24629787 | L45: =Sheet2!H82 -> 0.2925 | M45: =Sheet2!H73 -> 0.28575 | N45: =Sheet2!I43 -> 0.25 | O45: =Sheet2!I64 -> 0.25267392 | P45: =Sheet2!I82 -> 0.26305 | Q45: =Sheet2!I73 -> 0.250925 | R45: =Sheet2!J43 -> 0.265 | S45: =Sheet2!J64 -> 0.2875 | T45: =Sheet2!J82 -> 0.265 | U45: =Sheet2!J73 -> 0.26725
A47: F2
E48: TaxLevel | J48: DeepPhylo | N48: MetaDR | R48: Phylospec
A49: Dataset | B49: Flag | C49: n_pos | D49: prevalence | E49: Phylum | F49: Class | G49: Order | H49: Family | I49: Genus | J49: ASV-tree | K49: Genus-tree | L49: Genus-tree + cross-domain | M49: ASV-tree + cross-domain | N49: ASV-tree | O49: Genus-tree | P49: Genus-tree + cross-domain | Q49: ASV-tree + cross-domain | R49: ASV-tree | S49: Genus-tree | T49: Genus-tree + cross-domain | U49: ASV-tree + cross-domain
A50: ARC | B50: buffer_capacity | C50: =Sheet2!C5 -> 9 | D50: =Sheet2!D5 -> 0.065217391 | E50: =Sheet2!O5 -> 0.18514024 | F50: =Sheet2!P5 -> 0.15918056 | G50: =Sheet2!Q5 -> 0.21807405 | H50: =Sheet2!R5 -> 0.22221159 | I50: =Sheet2!S5 -> 0.27722369 | J50: =Sheet2!K26 -> 0.17 | K50: =Sheet2!K47 -> 0.10810214 | N50: =Sheet2!L26 -> 0.15 | O50: =Sheet2!L47 -> 0.16631874 | R50: =Sheet2!M26 -> 0.2 | S50: =Sheet2!M47 -> 0.24
A51: ARC | B51: acid_base_balance | C51: =Sheet2!C6 -> 20 | D51: =Sheet2!D6 -> 0.14 | E51: =Sheet2!O6 -> 0.26945282 | F51: =Sheet2!P6 -> 0.33463072 | G51: =Sheet2!Q6 -> 0.29195855 | H51: =Sheet2!R6 -> 0.40671579 | I51: =Sheet2!S6 -> 0.37723278 | J51: =Sheet2!K27 -> 0.42 | K51: =Sheet2!K48 -> 0.33115727 | N51: =Sheet2!L27 -> 0.34 | O51: =Sheet2!L48 -> 0.52966107 | R51: =Sheet2!M27 -> 0.42 | S51: =Sheet2!M48 -> 0.46
A52: ARC | B52: acid_accumulation | C52: =Sheet2!C7 -> 4 | D52: =Sheet2!D7 -> 0.03 | E52: =Sheet2!O7 -> 0.13018025 | F52: =Sheet2!P7 -> 0.10049034 | G52: =Sheet2!Q7 -> 0.1180865 | H52: =Sheet2!R7 -> 0.27017967 | I52: =Sheet2!S7 -> 0.2352148 | J52: =Sheet2!K28 -> 0.13 | K52: =Sheet2!K49 -> 0.088391463 | N52: =Sheet2!L28 -> 0.1 | O52: =Sheet2!L49 -> 0.23627994 | R52: =Sheet2!M28 -> 0.11 | S52: =Sheet2!M49 -> 0.22
A53: ARC | B53: ammonia_toxicity | C53: =Sheet2!C8 -> 26 | D53: =Sheet2!D8 -> 0.1884058 | E53: =Sheet2!O8 -> 0.56371431 | F53: =Sheet2!P8 -> 0.6135198 | G53: =Sheet2!Q8 -> 0.63249039 | H53: =Sheet2!R8 -> 0.62652937 | I53: =Sheet2!S8 -> 0.68006909 | J53: =Sheet2!K29 -> 0.71 | K53: =Sheet2!K50 -> 0.32400065 | N53: =Sheet2!L29 -> 0.59 | O53: =Sheet2!L50 -> 0.69562618 | R53: =Sheet2!M29 -> 0.77 | S53: =Sheet2!M50 -> 0.66
A54: ARC | B54: biogas_quality | C54: =Sheet2!C9 -> 7 | D54: =Sheet2!D9 -> 0.050724638 | E54: =Sheet2!O9 -> 0.21691574 | F54: =Sheet2!P9 -> 0.15526106 | G54: =Sheet2!Q9 -> 0.18967535 | H54: =Sheet2!R9 -> 0.25832778 | I54: =Sheet2!S9 -> 0.27793144 | J54: =Sheet2!K30 -> 0.12 | K54: =Sheet2!K51 -> 0.1968548 | N54: =Sheet2!L30 -> 0.2 | O54: =Sheet2!L51 -> 0.25740796 | R54: =Sheet2!M30 -> 0.16 | S54: =Sheet2!M51 -> 0.24
A55: ARC | B55: Macro-avg | E55: =Sheet2!O10 -> 0.29506578 | F55: =Sheet2!P10 -> 0.30097548 | G55: =Sheet2!Q10 -> 0.3080527 | H55: =Sheet2!R10 -> 0.39043815 | I55: =Sheet2!S10 -> 0.39261203 | J55: =Sheet2!K31 -> 0.345 | K55: =Sheet2!K52 -> 0.23510105 | N55: =Sheet2!L31 -> 0.3075 | O55: =Sheet2!L52 -> 0.42974379 | R55: =Sheet2!M31 -> 0.365 | S55: =Sheet2!M52 -> 0.395
A56: BAC | B56: buffer_capacity | C56: =Sheet2!C11 -> 9 | D56: =Sheet2!D11 -> 0.065217391 | E56: =Sheet2!O11 -> 0.22410982 | F56: =Sheet2!P11 -> 0.2741009 | G56: =Sheet2!Q11 -> 0.2833865 | H56: =Sheet2!R11 -> 0.27012751 | I56: =Sheet2!S11 -> 0.20878282 | J56: =Sheet2!K32 -> 0.11 | K56: =Sheet2!K53 -> 0.10393114 | N56: =Sheet2!L32 -> 0.19 | O56: =Sheet2!L53 -> 0.22108977 | R56: =Sheet2!M32 -> 0.11 | S56: =Sheet2!M53 -> 0.25
A57: BAC | B57: acid_base_balance | C57: =Sheet2!C12 -> 20 | D57: =Sheet2!D12 -> 0.14 | E57: =Sheet2!O12 -> 0.45630622 | F57: =Sheet2!P12 -> 0.45536352 | G57: =Sheet2!Q12 -> 0.47570618 | H57: =Sheet2!R12 -> 0.34693556 | I57: =Sheet2!S12 -> 0.30433811 | J57: =Sheet2!K33 -> 0.48 | K57: =Sheet2!K54 -> 0.42475531 | N57: =Sheet2!L33 -> 0.48 | O57: =Sheet2!L54 -> 0.50416698 | R57: =Sheet2!M33 -> 0.4 | S57: =Sheet2!M54 -> 0.5
A58: BAC | B58: acid_accumulation | C58: =Sheet2!C13 -> 4 | D58: =Sheet2!D13 -> 0.03 | E58: =Sheet2!O13 -> 0.15342556 | F58: =Sheet2!P13 -> 0.2439443 | G58: =Sheet2!Q13 -> 0.58909774 | H58: =Sheet2!R13 -> 0.21379119 | I58: =Sheet2!S13 -> 0.24166985 | J58: =Sheet2!K34 -> 0.14 | K58: =Sheet2!K55 -> 0.17273735 | N58: =Sheet2!L34 -> 0.12 | O58: =Sheet2!L55 -> 0.13503095 | R58: =Sheet2!M34 -> 0.09 | S58: =Sheet2!M55 -> 0.19
A59: BAC | B59: ammonia_toxicity | C59: =Sheet2!C14 -> 26 | D59: =Sheet2!D14 -> 0.1884058 | E59: =Sheet2!O14 -> 0.79379911 | F59: =Sheet2!P14 -> 0.69603432 | G59: =Sheet2!Q14 -> 0.76749946 | H59: =Sheet2!R14 -> 0.72638855 | I59: =Sheet2!S14 -> 0.67603125 | J59: =Sheet2!K35 -> 0.77 | K59: =Sheet2!K56 -> 0.72180247 | N59: =Sheet2!L35 -> 0.83 | O59: =Sheet2!L56 -> 0.80882128 | R59: =Sheet2!M35 -> 0.67 | S59: =Sheet2!M56 -> 0.78
A60: BAC | B60: biogas_quality | C60: =Sheet2!C15 -> 7 | D60: =Sheet2!D15 -> 0.050724638 | E60: =Sheet2!O15 -> 0.2039629 | F60: =Sheet2!P15 -> 0.30514535 | G60: =Sheet2!Q15 -> 0.23614021 | H60: =Sheet2!R15 -> 0.30879165 | I60: =Sheet2!S15 -> 0.31587757 | J60: =Sheet2!K36 -> 0.18 | K60: =Sheet2!K57 -> 0.13281915 | N60: =Sheet2!L36 -> 0.12 | O60: =Sheet2!L57 -> 0.21831177 | R60: =Sheet2!M36 -> 0.12 | S60: =Sheet2!M57 -> 0.23
A61: BAC | B61: Macro-avg | E61: =Sheet2!O16 -> 0.40187345 | F61: =Sheet2!P16 -> 0.42512187 | G61: =Sheet2!Q16 -> 0.5171109 | H61: =Sheet2!R16 -> 0.39897674 | I61: =Sheet2!S16 -> 0.3844792 | J61: =Sheet2!K37 -> 0.3925 | K61: =Sheet2!K58 -> 0.36302857 | N61: =Sheet2!L37 -> 0.3875 | O61: =Sheet2!L58 -> 0.41658274 | R61: =Sheet2!M37 -> 0.32 | S61: =Sheet2!M58 -> 0.425
A62: merged | B62: buffer_capacity | C62: =Sheet2!C17 -> 9 | D62: =Sheet2!D17 -> 0.065217391 | E62: =Sheet2!O17 -> 0.15419839 | F62: =Sheet2!P17 -> 0.25697636 | G62: =Sheet2!Q17 -> 0.26619362 | H62: =Sheet2!R17 -> 0.23560755 | I62: =Sheet2!S17 -> 0.23368366 | J62: =Sheet2!K38 -> 0.18 | K62: =Sheet2!K59 -> 0.14440377 | L62: =Sheet2!K77 -> 0.15 | M62: =Sheet2!K68 -> 0.1348 | N62: =Sheet2!L38 -> 0.16 | O62: =Sheet2!L59 -> 0.19935845 | P62: =Sheet2!L77 -> 0.2046 | Q62: =Sheet2!L68 -> 0.12 | R62: =Sheet2!M38 -> 0.19 | S62: =Sheet2!M59 -> 0.18 | T62: =Sheet2!M77 -> 0.2 | U62: =Sheet2!M68 -> 0.1601
A63: merged | B63: acid_base_balance | C63: =Sheet2!C18 -> 20 | D63: =Sheet2!D18 -> 0.14 | E63: =Sheet2!O18 -> 0.51875783 | F63: =Sheet2!P18 -> 0.41333699 | G63: =Sheet2!Q18 -> 0.42605597 | H63: =Sheet2!R18 -> 0.29370168 | I63: =Sheet2!S18 -> 0.25246204 | J63: =Sheet2!K39 -> 0.56 | K63: =Sheet2!K60 -> 0.50816554 | L63: =Sheet2!K78 -> 0.5 | M63: =Sheet2!K69 -> 0.4614 | N63: =Sheet2!L39 -> 0.41 | O63: =Sheet2!L60 -> 0.57748119 | P63: =Sheet2!L78 -> 0.5366 | Q63: =Sheet2!L69 -> 0.4448 | R63: =Sheet2!M39 -> 0.47 | S63: =Sheet2!M60 -> 0.54 | T63: =Sheet2!M78 -> 0.54 | U63: =Sheet2!M69 -> 0.471
A64: merged | B64: acid_accumulation | C64: =Sheet2!C19 -> 4 | D64: =Sheet2!D19 -> 0.03 | E64: =Sheet2!O19 -> 0.19913209 | F64: =Sheet2!P19 -> 0.18389577 | G64: =Sheet2!Q19 -> 0.62920138 | H64: =Sheet2!R19 -> 0.23388541 | I64: =Sheet2!S19 -> 0.22296157 | J64: =Sheet2!K40 -> 0.13 | K64: =Sheet2!K61 -> 0.16534392 | L64: =Sheet2!K79 -> 0.15 | M64: =Sheet2!K70 -> 0.2096 | N64: =Sheet2!L40 -> 0.08 | O64: =Sheet2!L61 -> 0.22257602 | P64: =Sheet2!L79 -> 0.1226 | Q64: =Sheet2!L70 -> 0.0536 | R64: =Sheet2!M40 -> 0.12 | S64: =Sheet2!M61 -> 0.17 | T64: =Sheet2!M79 -> 0.0973 | U64: =Sheet2!M70 -> 0.1131
A65: merged | B65: ammonia_toxicity | C65: =Sheet2!C20 -> 26 | D65: =Sheet2!D20 -> 0.1884058 | E65: =Sheet2!O20 -> 0.82981746 | F65: =Sheet2!P20 -> 0.72256782 | G65: =Sheet2!Q20 -> 0.76356147 | H65: =Sheet2!R20 -> 0.75422242 | I65: =Sheet2!S20 -> 0.66673056 | J65: =Sheet2!K41 -> 0.79 | K65: =Sheet2!K62 -> 0.58761899 | L65: =Sheet2!K80 -> 0.77 | M65: =Sheet2!K71 -> 0.7643 | N65: =Sheet2!L41 -> 0.72 | O65: =Sheet2!L62 -> 0.81184608 | P65: =Sheet2!L80 -> 0.7887 | Q65: =Sheet2!L71 -> 0.6879 | R65: =Sheet2!M41 -> 0.81 | S65: =Sheet2!M62 -> 0.67 | T65: =Sheet2!M80 -> 0.71 | U65: =Sheet2!M71 -> 0.8079
A66: merged | B66: biogas_quality | C66: =Sheet2!C21 -> 7 | D66: =Sheet2!D21 -> 0.050724638 | E66: =Sheet2!O21 -> 0.14540284 | F66: =Sheet2!P21 -> 0.28450924 | G66: =Sheet2!Q21 -> 0.18273851 | H66: =Sheet2!R21 -> 0.30896739 | I66: =Sheet2!S21 -> 0.31583269 | J66: =Sheet2!K42 -> 0.21 | K66: =Sheet2!K63 -> 0.21459769 | L66: =Sheet2!K81 -> 0.17 | M66: =Sheet2!K72 -> 0.2299 | N66: =Sheet2!L42 -> 0.11 | O66: =Sheet2!L63 -> 0.18591185 | P66: =Sheet2!L81 -> 0.1927 | Q66: =Sheet2!L72 -> 0.126 | R66: =Sheet2!M42 -> 0.11 | S66: =Sheet2!M63 -> 0.22 | T66: =Sheet2!M81 -> 0.18 | U66: =Sheet2!M72 -> 0.0579
A67: merged | B67: Macro-avg | E67: =Sheet2!O22 -> 0.42327755 | F67: =Sheet2!P22 -> 0.40107746 | G67: =Sheet2!Q22 -> 0.50038933 | H67: =Sheet2!R22 -> 0.39769423 | I67: =Sheet2!S22 -> 0.36449671 | J67: =Sheet2!K43 -> 0.4225 | K67: =Sheet2!K64 -> 0.36893154 | L67: =Sheet2!K82 -> 0.3975 | M67: =Sheet2!K73 -> 0.4163 | N67: =Sheet2!L43 -> 0.33 | O67: =Sheet2!L64 -> 0.44945378 | P67: =Sheet2!L82 -> 0.41015 | Q67: =Sheet2!L73 -> 0.328075 | R67: =Sheet2!M43 -> 0.3775 | S67: =Sheet2!M64 -> 0.4 | T67: =Sheet2!M82 -> 0.381825 | U67: =Sheet2!M73 -> 0.362475

Sheet data set 별 정리
B2: MCC | E2: TaxLevel | J2: DeepPhylo | N2: MetaDR | P2: Phylospec
A3: dataset | B3: flag | E3: Phylum | F3: Class | G3: Order | H3: Family | I3: Genus | J3: ASV-tree | K3: Genus-tree | L3: Genus-tree + cross-domain | M3: ASV-tree + cross-domain | N3: ASV-tree | O3: Genus-tree | P3: ASV-tree | Q3: Genus-tree | T3: DeepPhylo | U3: ARC | V3: BAC | W3: merged | X3: cross domain | Z3: MetaDR | AA3: ARC | AB3: BAC | AC3: merged | AE3: Phylospec | AF3: ARC | AG3: BAC | AH3: merged
A4: ARC | B4: acid_base_balance | C4: 20 | D4: 0.14 | E4: 0.1251079 | F4: 0.16507893 | G4: 0.15984085 | H4: 0.17721741 | I4: 0.1184265 | J4: 0.15 | K4: 0.11111674 | N4: 0.07 | O4: 0.28011091 | P4: 0.18 | Q4: 0.23 | T4: acid_base_balance | U4: 0.15 | V4: 0.28 | W4: 0.35 | X4: 0.2555 | Z4: acid_base_balance | AA4: 0.28011091 | AB4: 0.28248574 | AC4: 0.31782198 | AE4: acid_base_balance | AF4: 0.23 | AG4: 0.34 | AH4: 0.32
A5: ARC | B5: acid_accumulation | C5: 4 | D5: 0.03 | E5: 0.033545319 | F5: -0.020264268 | G5: 0.018531783 | H5: 0.18907876 | I5: 0.15110532 | J5: 0.02 | K5: -0.018766489 | N5: 0 | O5: 0.1623832 | P5: 0.05 | Q5: 0.13 | T5: acid_accumulation | U5: 0.02 | V5: 0.05 | W5: 0.04 | X5: 0.1241 | Z5: acid_accumulation | AA5: 0.1623832 | AB5: 0.051701861 | AC5: 0.15957805 | AE5: acid_accumulation | AF5: 0.13 | AG5: 0.13 | AH5: 0.1
A6: ARC | B6: ammonia_toxicity | C6: 26 | D6: 0.1884058 | E6: 0.45223521 | F6: 0.45998774 | G6: 0.46218151 | H6: 0.41792079 | I6: 0.47334208 | J6: 0.53 | K6: 0.074796835 | N6: 0.43 | O6: 0.46595376 | P6: 0.6 | Q6: 0.44 | T6: ammonia_toxicity | U6: 0.53 | V6: 0.61 | W6: 0.61 | X6: 0.5697 | Z6: ammonia_toxicity | AA6: 0.46595376 | AB6: 0.64317581 | AC6: 0.62256924 | AE6: ammonia_toxicity | AF6: 0.44 | AG6: 0.56 | AH6: 0.47
A10: BAC | B10: acid_base_balance | C10: 20 | D10: 0.14 | E10: 0.39098099 | F10: 0.2394256 | G10: 0.31271477 | H10: 0.28442837 | I10: 0.15053237 | J10: 0.28 | K10: 0.22045016 | N10: 0.27 | O10: 0.28248574 | P10: 0.24 | Q10: 0.34
A11: BAC | B11: acid_accumulation | C11: 4 | D11: 0.03 | E11: 0.10345807 | F11: 0.16146929 | G11: 0.56878149 | H11: 0.18864023 | I11: 0.23061453 | J11: 0.05 | K11: 0.095461363 | N11: 0.03 | O11: 0.051701861 | P11: -0.06 | Q11: 0.13
A12: BAC | B12: ammonia_toxicity | C12: 26 | D12: 0.1884058 | E12: 0.59016947 | F12: 0.54226443 | G12: 0.58680827 | H12: 0.52900518 | I12: 0.46969523 | J12: 0.61 | K12: 0.45708668 | N12: 0.67 | O12: 0.64317581 | P12: 0.47 | Q12: 0.56
A16: merged | B16: acid_base_balance | C16: 20 | D16: 0.14 | E16: 0.37489882 | F16: 0.25499828 | G16: 0.26534498 | H16: 0.26365068 | I16: 0.11459664 | J16: 0.35 | K16: 0.244939 | L16: 0.27 | M16: 0.2555 | N16: 0.18 | O16: 0.31782198 | P16: 0.3 | Q16: 0.32
A17: merged | B17: acid_accumulation | C17: 4 | D17: 0.03 | E17: 0.12874781 | F17: 0.10028394 | G17: 0.5998391 | H17: 0.23352612 | I17: 0.15956732 | J17: 0.04 | K17: 0.09426337 | L17: 0.07 | M17: 0.1241 | N17: -0.02 | O17: 0.15957805 | P17: 0.03 | Q17: 0.1
A18: merged | B18: ammonia_toxicity | C18: 26 | D18: 0.1884058 | E18: 0.65994753 | F18: 0.56752175 | G18: 0.57332093 | H18: 0.5428725 | I18: 0.47163898 | J18: 0.61 | K18: 0.36399765 | L18: 0.57 | M18: 0.5697 | N18: 0.56 | O18: 0.62256924 | P18: 0.6 | Q18: 0.47
B22: AUPR | E22: TaxLevel | J22: DeepPhylo | N22: MetaDR | P22: Phylospec
E23: Phylum | F23: Class | G23: Order | H23: Family | I23: Genus | J23: ASV-tree | K23: Genus-tree | L23: Genus-tree + cross-domain | M23: ASV-tree + cross-domain | N23: ASV-tree | O23: Genus-tree | P23: ASV-tree | Q23: Genus-tree
A24: ARC | B24: acid_base_balance | C24: 20 | D24: 0.14 | E24: 0.30912546 | F24: 0.28527646 | G24: 0.29751069 | H24: 0.2954604 | I24: 0.2753116 | J24: 0.26 | K24: 0.19914532 | N24: 0.23 | O24: 0.26310702 | P24: 0.25 | Q24: 0.25
A25: ARC | B25: acid_accumulation | C25: 4 | D25: 0.03 | E25: 0.04387025 | F25: 0.032770812 | G25: 0.033856557 | H25: 0.24138277 | I25: 0.12146046 | J25: 0.06 | K25: 0.0290697 | N25: 0.04 | O25: 0.090836132 | P25: 0.23 | Q25: 0.09
A26: ARC | B26: ammonia_toxicity | C26: 26 | D26: 0.1884058 | E26: 0.59791791 | F26: 0.57107802 | G26: 0.56936985 | H26: 0.54890359 | I26: 0.59006766 | J26: 0.64 | K26: 0.24415475 | N26: 0.55629374 | O26: 0.55629374 | P26: 0.67 | Q26: 0.49
A30: BAC | B30: acid_base_balance | C30: 20 | D30: 0.14 | E30: 0.52102532 | F30: 0.36604017 | G30: 0.32250783 | H30: 0.41313067 | I30: 0.27518425 | J30: 0.33 | K30: 0.31113045 | N30: 0.28 | O30: 0.35132294 | P30: 0.44 | Q30: 0.49
A31: BAC | B31: acid_accumulation | C31: 4 | D31: 0.03 | E31: 0.11100671 | F31: 0.12507044 | G31: 0.47601162 | H31: 0.3250534 | I31: 0.31477276 | J31: 0.048920377 | K31: 0.048920377 | N31: 0.05 | O31: 0.068876451 | P31: 0.09 | Q31: 0.21
A32: BAC | B32: ammonia_toxicity | C32: 26 | D32: 0.1884058 | E32: 0.62860735 | F32: 0.7167336 | G32: 0.6408588 | H32: 0.54247206 | I32: 0.45518907 | J32: 0.56 | K32: 0.40498547 | N32: 0.72 | O32: 0.60006945 | P32: 0.48 | Q32: 0.52
A36: merged | B36: acid_base_balance | C36: 20 | D36: 0.14 | E36: 0.4428282 | F36: 0.33047091 | G36: 0.28956776 | H36: 0.36612731 | I36: 0.24454188 | J36: 0.36 | K36: 0.2758899 | L36: 0.29 | M36: 0.3119 | N36: 0.28 | O36: 0.32762517 | P36: 0.43 | Q36: 0.4
A37: merged | B37: acid_accumulation | C37: 4 | D37: 0.03 | E37: 0.11283035 | F37: 0.11767013 | G37: 0.53659149 | H37: 0.32220543 | I37: 0.25000163 | J37: 0.06 | K37: 0.13327345 | L37: 0.14 | M37: 0.0886 | N37: 0.04 | O37: 0.060043342 | P37: 0.05 | Q37: 0.16
A38: merged | B38: ammonia_toxicity | C38: 26 | D38: 0.1884058 | E38: 0.58843232 | F38: 0.71171151 | G38: 0.63834224 | H38: 0.53750188 | I38: 0.4724747 | J38: 0.66 | K38: 0.43211204 | L38: 0.57 | M38: 0.5965 | N38: 0.62 | O38: 0.56640214 | P38: 0.53 | Q38: 0.5
B43: F2 | E43: TaxLevel | J43: DeepPhylo | N43: MetaDR | P43: Phylospec
E44: Phylum | F44: Class | G44: Order | H44: Family | I44: Genus | J44: ASV-tree | K44: Genus-tree | L44: Genus-tree + cross-domain | M44: ASV-tree + cross-domain | N44: ASV-tree | O44: Genus-tree | P44: ASV-tree | Q44: Genus-tree
A45: ARC | B45: acid_base_balance | C45: 20 | D45: 0.14 | E45: 0.26945282 | F45: 0.33463072 | G45: 0.29195855 | H45: 0.40671579 | I45: 0.37723278 | J45: 0.42 | K45: 0.33115727 | N45: 0.34 | O45: 0.52966107 | P45: 0.42 | Q45: 0.46
A46: ARC | B46: acid_accumulation | C46: 4 | D46: 0.03 | E46: 0.13018025 | F46: 0.10049034 | G46: 0.1180865 | H46: 0.27017967 | I46: 0.2352148 | J46: 0.13 | K46: 0.088391463 | N46: 0.1 | O46: 0.23627994 | P46: 0.11 | Q46: 0.22
A47: ARC | B47: ammonia_toxicity | C47: 26 | D47: 0.1884058 | E47: 0.56371431 | F47: 0.6135198 | G47: 0.63249039 | H47: 0.62652937 | I47: 0.68006909 | J47: 0.71 | K47: 0.32400065 | N47: 0.59 | O47: 0.69562618 | P47: 0.77 | Q47: 0.66
A51: BAC | B51: acid_base_balance | C51: 20 | D51: 0.14 | E51: 0.45630622 | F51: 0.45536352 | G51: 0.47570618 | H51: 0.34693556 | I51: 0.30433811 | J51: 0.48 | K51: 0.42475531 | N51: 0.48 | O51: 0.50416698 | P51: 0.4 | Q51: 0.5
A52: BAC | B52: acid_accumulation | C52: 4 | D52: 0.03 | E52: 0.15342556 | F52: 0.2439443 | G52: 0.58909774 | H52: 0.21379119 | I52: 0.24166985 | J52: 0.14 | K52: 0.17273735 | N52: 0.12 | O52: 0.13503095 | P52: 0.09 | Q52: 0.19
A53: BAC | B53: ammonia_toxicity | C53: 26 | D53: 0.1884058 | E53: 0.79379911 | F53: 0.69603432 | G53: 0.76749946 | H53: 0.72638855 | I53: 0.67603125 | J53: 0.77 | K53: 0.72180247 | N53: 0.83 | O53: 0.80882128 | P53: 0.67 | Q53: 0.78
A57: merged | B57: acid_base_balance | C57: 20 | D57: 0.14 | E57: 0.51875783 | F57: 0.41333699 | G57: 0.42605597 | H57: 0.29370168 | I57: 0.25246204 | J57: 0.56 | K57: 0.50816554 | L57: 0.5 | M57: 0.4614 | N57: 0.41 | O57: 0.57748119 | P57: 0.47 | Q57: 0.54
A58: merged | B58: acid_accumulation | C58: 4 | D58: 0.03 | E58: 0.19913209 | F58: 0.18389577 | G58: 0.62920138 | H58: 0.23388541 | I58: 0.22296157 | J58: 0.13 | K58: 0.16534392 | L58: 0.15 | M58: 0.2096 | N58: 0.08 | O58: 0.22257602 | P58: 0.12 | Q58: 0.17
A59: merged | B59: ammonia_toxicity | C59: 26 | D59: 0.1884058 | E59: 0.82981746 | F59: 0.72256782 | G59: 0.76356147 | H59: 0.75422242 | I59: 0.66673056 | J59: 0.79 | K59: 0.58761899 | L59: 0.77 | M59: 0.7643 | N59: 0.72 | O59: 0.81184608 | P59: 0.81 | Q59: 0.67

Sheet Flag 별 정리
AF1: Fig 1 — Genus-tree vs ASV-tree by model (avg over the 3 flags)
AF2: MCC
AF3: Model / Dataset | AG3: ASV-tree | AH3: Genus-tree | AI3: Δ (Genus − ASV)
E4: TaxLevel | J4: DeepPhylo | N4: MetaDR | R4: Phylospec | X4: DeepPhylo | Y4: DeepPhylo | AF4: DeepPhylo – ARC | AG4: =AVERAGE(J6,J12,J18) -> 0.23333333 | AH4: =AVERAGE(K6,K12,K18) -> 0.055715696 | AI4: =AH4-AG4 -> -0.17761764
E5: Phylum | F5: Class | G5: Order | H5: Family | I5: Genus | J5: ASV-tree | K5: Genus-tree | L5: Genus-tree + cross-domain | M5: ASV-tree + cross-domain | N5: ASV-tree | O5: Genus-tree | P5: Genus-tree + cross-domain | Q5: ASV-tree + cross-domain | R5: ASV-tree | S5: Genus-tree | T5: Genus-tree + cross-domain | U5: ASV-tree + cross-domain | AF5: DeepPhylo – BAC | AG5: =AVERAGE(J7,J13,J19) -> 0.31333333 | AH5: =AVERAGE(K7,K13,K19) -> 0.25766607 | AI5: =AH5-AG5 -> -0.055667266
A6: ARC | B6: acid_base_balance | C6: 20 | D6: 0.14 | E6: 0.1251079 | F6: 0.16507893 | G6: 0.15984085 | H6: 0.17721741 | I6: 0.1184265 | J6: 0.15 | K6: 0.11111674 | N6: 0.07 | O6: 0.28011091 | R6: 0.18 | S6: 0.23 | W6: ARC | X6: 0.15 | Y6: 0.11111674 | AF6: DeepPhylo – merged | AG6: =AVERAGE(J8,J14,J20) -> 0.33333333 | AH6: =AVERAGE(K8,K14,K20) -> 0.23440001 | AI6: =AH6-AG6 -> -0.098933325
A7: BAC | B7: acid_base_balance | C7: =Sheet2!C6 -> 20 | D7: =Sheet2!D6 -> 0.14 | E7: 0.39098099 | F7: 0.2394256 | G7: 0.31271477 | H7: 0.28442837 | I7: 0.15053237 | J7: 0.28 | K7: 0.22045016 | N7: 0.27 | O7: 0.28248574 | R7: 0.24 | S7: 0.34 | W7: BAC | X7: 0.28 | Y7: 0.22045016 | AF7: MetaDR – ARC | AG7: =AVERAGE(N6,N12,N18) -> 0.16666667 | AH7: =AVERAGE(O6,O12,O18) -> 0.30281596 | AI7: =AH7-AG7 -> 0.13614929
A8: merged | B8: acid_base_balance | C8: 20 | D8: 0.14 | E8: 0.37489882 | F8: 0.25499828 | G8: 0.26534498 | H8: 0.26365068 | I8: 0.11459664 | J8: 0.35 | K8: 0.244939 | L8: 0.27 | M8: 0.2555 | N8: 0.18 | O8: 0.31782198 | P8: 0.2838 | Q8: 0.1458 | R8: 0.3 | S8: 0.32 | T8: 0.35 | U8: 0.311 | AF8: MetaDR – BAC | AG8: =AVERAGE(N7,N13,N19) -> 0.32333333 | AH8: =AVERAGE(O7,O13,O19) -> 0.3257878 | AI8: =AH8-AG8 -> 0.0024544691
AF9: MetaDR – merged | AG9: =AVERAGE(N8,N14,N20) -> 0.24 | AH9: =AVERAGE(O8,O14,O20) -> 0.36665642 | AI9: =AH9-AG9 -> 0.12665642
X10: acid_base_balance | Z10: acid_accumulation | AB10: ammonia_toxicity | AF10: Phylospec – ARC | AG10: =AVERAGE(R6,R12,R18) -> 0.27666667 | AH10: =AVERAGE(S6,S12,S18) -> 0.26666667 | AI10: =AH10-AG10 -> -0.01
X11: ASV | Y11: Genus | Z11: ASV | AA11: Genus | AB11: ASV | AC11: Genus | AF11: Phylospec – BAC | AG11: =AVERAGE(R7,R13,R19) -> 0.21666667 | AH11: =AVERAGE(S7,S13,S19) -> 0.34333333 | AI11: =AH11-AG11 -> 0.12666667
A12: ARC | B12: acid_accumulation | C12: 4 | D12: 0.03 | E12: 0.033545319 | F12: -0.020264268 | G12: 0.018531783 | H12: 0.18907876 | I12: 0.15110532 | J12: 0.02 | K12: -0.018766489 | N12: 0 | O12: 0.1623832 | R12: 0.05 | S12: 0.13 | W12: DeepPhylo | X12: 0.35 | Y12: 0.244939 | Z12: 0.04 | AA12: 0.09426337 | AB12: 0.61 | AC12: 0.36399765 | AF12: Phylospec – merged | AG12: =AVERAGE(R8,R14,R20) -> 0.31 | AH12: =AVERAGE(S8,S14,S20) -> 0.29666667 | AI12: =AH12-AG12 -> -0.013333333
A13: BAC | B13: acid_accumulation | C13: 4 | D13: 0.03 | E13: 0.10345807 | F13: 0.16146929 | G13: 0.56878149 | H13: 0.18864023 | I13: 0.23061453 | J13: 0.05 | K13: 0.095461363 | N13: 0.03 | O13: 0.051701861 | R13: -0.06 | S13: 0.13 | W13: MetaDR | X13: 0.18 | Y13: 0.31782198 | Z13: -0.02 | AA13: 0.15957805 | AB13: 0.56 | AC13: 0.62256924
A14: merged | B14: acid_accumulation | C14: 4 | D14: 0.03 | E14: 0.12874781 | F14: 0.10028394 | G14: 0.5998391 | H14: 0.23352612 | I14: 0.15956732 | J14: 0.04 | K14: 0.09426337 | L14: 0.07 | M14: 0.1241 | N14: -0.02 | O14: 0.15957805 | P14: 0.0232 | Q14: -0.0267 | R14: 0.03 | S14: 0.1 | T14: 0.04 | U14: 0.0132 | W14: Phylospec | X14: 0.3 | Y14: 0.32 | Z14: 0.03 | AA14: 0.1 | AB14: 0.6 | AC14: 0.47
AF15: AUPR
AF16: Model / Dataset | AG16: ASV-tree | AH16: Genus-tree | AI16: Δ (Genus − ASV)
AF17: DeepPhylo – ARC | AG17: =AVERAGE(J27,J33,J39) -> 0.32 | AH17: =AVERAGE(K27,K33,K39) -> 0.15745659 | AI17: =AH17-AG17 -> -0.16254341
A18: ARC | B18: ammonia_toxicity | C18: 26 | D18: 0.1884058 | E18: 0.45223521 | F18: 0.45998774 | G18: 0.46218151 | H18: 0.41792079 | I18: 0.47334208 | J18: 0.53 | K18: 0.074796835 | N18: 0.43 | O18: 0.46595376 | R18: 0.6 | S18: 0.44 | AF18: DeepPhylo – BAC | AG18: =AVERAGE(J28,J34,J40) -> 0.31297346 | AH18: =AVERAGE(K28,K34,K40) -> 0.2550121 | AI18: =AH18-AG18 -> -0.05796136
A19: BAC | B19: ammonia_toxicity | C19: 26 | D19: 0.1884058 | E19: 0.59016947 | F19: 0.54226443 | G19: 0.58680827 | H19: 0.52900518 | I19: 0.46969523 | J19: 0.61 | K19: 0.45708668 | N19: 0.67 | O19: 0.64317581 | R19: 0.47 | S19: 0.56 | AF19: DeepPhylo – merged | AG19: =AVERAGE(J29,J35,J41) -> 0.36 | AH19: =AVERAGE(K29,K35,K41) -> 0.28042513 | AI19: =AH19-AG19 -> -0.079574867
A20: merged | B20: ammonia_toxicity | C20: 26 | D20: 0.1884058 | E20: 0.65994753 | F20: 0.56752175 | G20: 0.57332093 | H20: 0.5428725 | I20: 0.47163898 | J20: 0.61 | K20: 0.36399765 | L20: 0.57 | M20: 0.5697 | N20: 0.56 | O20: 0.62256924 | P20: 0.5984 | Q20: 0.5309 | R20: 0.6 | S20: 0.47 | T20: 0.5121 | U20: 0.6091 | AF20: MetaDR – ARC | AG20: =AVERAGE(N27,N33,N39) -> 0.27543125 | AH20: =AVERAGE(O27,O33,O39) -> 0.3034123 | AI20: =AH20-AG20 -> 0.027981049
AF21: MetaDR – BAC | AG21: =AVERAGE(N28,N34,N40) -> 0.35 | AH21: =AVERAGE(O28,O34,O40) -> 0.34008961 | AI21: =AH21-AG21 -> -0.0099103871
AF22: MetaDR – merged | AG22: =AVERAGE(N29,N35,N41) -> 0.31333333 | AH22: =AVERAGE(O29,O35,O41) -> 0.31802355 | AI22: =AH22-AG22 -> 0.0046902195
AF23: Phylospec – ARC | AG23: =AVERAGE(R27,R33,R39) -> 0.38333333 | AH23: =AVERAGE(S27,S33,S39) -> 0.27666667 | AI23: =AH23-AG23 -> -0.10666667
B24: AUPR | AF24: Phylospec – BAC | AG24: =AVERAGE(R28,R34,R40) -> 0.33666667 | AH24: =AVERAGE(S28,S34,S40) -> 0.40666667 | AI24: =AH24-AG24 -> 0.07
E25: TaxLevel | J25: DeepPhylo | N25: MetaDR | R25: Phylospec | AF25: Phylospec – merged | AG25: =AVERAGE(R29,R35,R41) -> 0.33666667 | AH25: =AVERAGE(S29,S35,S41) -> 0.35333333 | AI25: =AH25-AG25 -> 0.016666667
E26: Phylum | F26: Class | G26: Order | H26: Family | I26: Genus | J26: ASV-tree | K26: Genus-tree | L26: Genus-tree + cross-domain | M26: ASV-tree + cross-domain | N26: ASV-tree | O26: Genus-tree | P26: Genus-tree + cross-domain | Q26: ASV-tree + cross-domain | R26: ASV-tree | S26: Genus-tree | T26: Genus-tree + cross-domain | U26: ASV-tree + cross-domain
A27: ARC | B27: acid_base_balance | C27: 20 | D27: 0.14 | E27: 0.30912546 | F27: 0.28527646 | G27: 0.29751069 | H27: 0.2954604 | I27: 0.2753116 | J27: 0.26 | K27: 0.19914532 | N27: 0.23 | O27: 0.26310702 | R27: 0.25 | S27: 0.25
A28: BAC | B28: acid_base_balance | C28: 20 | D28: 0.14 | E28: 0.52102532 | F28: 0.36604017 | G28: 0.32250783 | H28: 0.41313067 | I28: 0.27518425 | J28: 0.33 | K28: 0.31113045 | N28: 0.28 | O28: 0.35132294 | R28: 0.44 | S28: 0.49 | AF28: F2
A29: merged | B29: acid_base_balance | C29: 20 | D29: 0.14 | E29: 0.4428282 | F29: 0.33047091 | G29: 0.28956776 | H29: 0.36612731 | I29: 0.24454188 | J29: 0.36 | K29: 0.2758899 | L29: 0.29 | M29: 0.3119 | N29: 0.28 | O29: 0.32762517 | P29: 0.3175 | Q29: 0.253 | R29: 0.43 | S29: 0.4 | T29: 0.39 | U29: 0.4619 | AF29: Model / Dataset | AG29: ASV-tree | AH29: Genus-tree | AI29: Δ (Genus − ASV)
AF30: DeepPhylo – ARC | AG30: =AVERAGE(J49,J55,J61) -> 0.42 | AH30: =AVERAGE(K49,K55,K61) -> 0.2478498 | AI30: =AH30-AG30 -> -0.1721502
AF31: DeepPhylo – BAC | AG31: =AVERAGE(J50,J56,J62) -> 0.46333333 | AH31: =AVERAGE(K50,K56,K62) -> 0.43976504 | AI31: =AH31-AG31 -> -0.023568291
AF32: DeepPhylo – merged | AG32: =AVERAGE(J51,J57,J63) -> 0.49333333 | AH32: =AVERAGE(K51,K57,K63) -> 0.42037615 | AI32: =AH32-AG32 -> -0.072957183
A33: ARC | B33: acid_accumulation | C33: 4 | D33: 0.03 | E33: 0.04387025 | F33: 0.032770812 | G33: 0.033856557 | H33: 0.24138277 | I33: 0.12146046 | J33: 0.06 | K33: 0.0290697 | N33: 0.04 | O33: 0.090836132 | R33: 0.23 | S33: 0.09 | AF33: MetaDR – ARC | AG33: =AVERAGE(N49,N55,N61) -> 0.34333333 | AH33: =AVERAGE(O49,O55,O61) -> 0.48718906 | AI33: =AH33-AG33 -> 0.14385573
A34: BAC | B34: acid_accumulation | C34: 4 | D34: 0.03 | E34: 0.11100671 | F34: 0.12507044 | G34: 0.47601162 | H34: 0.3250534 | I34: 0.31477276 | J34: 0.048920377 | K34: 0.048920377 | N34: 0.05 | O34: 0.068876451 | R34: 0.09 | S34: 0.21 | AF34: MetaDR – BAC | AG34: =AVERAGE(N50,N56,N62) -> 0.47666667 | AH34: =AVERAGE(O50,O56,O62) -> 0.48267307 | AI34: =AH34-AG34 -> 0.0060064022
A35: merged | B35: acid_accumulation | C35: 4 | D35: 0.03 | E35: 0.11283035 | F35: 0.11767013 | G35: 0.53659149 | H35: 0.32220543 | I35: 0.25000163 | J35: 0.06 | K35: 0.13327345 | L35: 0.14 | M35: 0.0886 | N35: 0.04 | O35: 0.060043342 | P35: 0.0441 | Q35: 0.0387 | R35: 0.05 | S35: 0.16 | T35: 0.04 | U35: 0.0532 | AF35: MetaDR – merged | AG35: =AVERAGE(N51,N57,N63) -> 0.40333333 | AH35: =AVERAGE(O51,O57,O63) -> 0.5373011 | AI35: =AH35-AG35 -> 0.13396776
AF36: Phylospec – ARC | AG36: =AVERAGE(R49,R55,R61) -> 0.43333333 | AH36: =AVERAGE(S49,S55,S61) -> 0.44666667 | AI36: =AH36-AG36 -> 0.013333333
AF37: Phylospec – BAC | AG37: =AVERAGE(R50,R56,R62) -> 0.38666667 | AH37: =AVERAGE(S50,S56,S62) -> 0.49 | AI37: =AH37-AG37 -> 0.10333333
AF38: Phylospec – merged | AG38: =AVERAGE(R51,R57,R63) -> 0.46666667 | AH38: =AVERAGE(S51,S57,S63) -> 0.46 | AI38: =AH38-AG38 -> -0.0066666667
A39: ARC | B39: ammonia_toxicity | C39: 26 | D39: 0.1884058 | E39: 0.59791791 | F39: 0.57107802 | G39: 0.56936985 | H39: 0.54890359 | I39: 0.59006766 | J39: 0.64 | K39: 0.24415475 | N39: 0.55629374 | O39: 0.55629374 | R39: 0.67 | S39: 0.49
A40: BAC | B40: ammonia_toxicity | C40: 26 | D40: 0.1884058 | E40: 0.62860735 | F40: 0.7167336 | G40: 0.6408588 | H40: 0.54247206 | I40: 0.45518907 | J40: 0.56 | K40: 0.40498547 | N40: 0.72 | O40: 0.60006945 | R40: 0.48 | S40: 0.52 | AF40: Note: each value = mean of the 3 flags for that model/dataset. Δ > 0 (green) = Genus-tree better.
A41: merged | B41: ammonia_toxicity | C41: 26 | D41: 0.1884058 | E41: 0.58843232 | F41: 0.71171151 | G41: 0.63834224 | H41: 0.53750188 | I41: 0.4724747 | J41: 0.66 | K41: 0.43211204 | L41: 0.57 | M41: 0.5965 | N41: 0.62 | O41: 0.56640214 | P41: 0.6193 | Q41: 0.6179 | R41: 0.53 | S41: 0.5 | T41: 0.53 | U41: 0.4944
AF42: Fig 2 — DeepPhylo: effect of cross-domain injection, by flag (merged dataset)
AF43: MCC | AK43: Δ vs no cross-domain
AF44: Flag | AG44: ASV-tree | AH44: ASV-tree + cross-domain | AI44: Genus-tree | AJ44: Genus-tree + cross-domain | AK44: Δ ASV (CD − base) | AL44: Δ Genus (CD − base)
AF45: acid_base_balance | AG45: =J8 -> 0.35 | AH45: =M8 -> 0.2555 | AI45: =K8 -> 0.244939 | AJ45: =L8 -> 0.27 | AK45: =AH45-AG45 -> -0.0945 | AL45: =AJ45-AI45 -> 0.025060996
B46: F2 | AF46: acid_accumulation | AG46: =J14 -> 0.04 | AH46: =M14 -> 0.1241 | AI46: =K14 -> 0.09426337 | AJ46: =L14 -> 0.07 | AK46: =AH46-AG46 -> 0.0841 | AL46: =AJ46-AI46 -> -0.02426337
E47: TaxLevel | J47: DeepPhylo | N47: MetaDR | R47: Phylospec | AF47: ammonia_toxicity | AG47: =J20 -> 0.61 | AH47: =M20 -> 0.5697 | AI47: =K20 -> 0.36399765 | AJ47: =L20 -> 0.57 | AK47: =AH47-AG47 -> -0.0403 | AL47: =AJ47-AI47 -> 0.20600235
E48: Phylum | F48: Class | G48: Order | H48: Family | I48: Genus | J48: ASV-tree | K48: Genus-tree | L48: Genus-tree + cross-domain | M48: ASV-tree + cross-domain | N48: ASV-tree | O48: Genus-tree | P48: Genus-tree + cross-domain | Q48: ASV-tree + cross-domain | R48: ASV-tree | S48: Genus-tree | T48: Genus-tree + cross-domain | U48: ASV-tree + cross-domain
A49: ARC | B49: acid_base_balance | C49: 20 | D49: 0.14 | E49: 0.26945282 | F49: 0.33463072 | G49: 0.29195855 | H49: 0.40671579 | I49: 0.37723278 | J49: 0.42 | K49: 0.33115727 | N49: 0.34 | O49: 0.52966107 | R49: 0.42 | S49: 0.46
A50: BAC | B50: acid_base_balance | C50: 20 | D50: 0.14 | E50: 0.45630622 | F50: 0.45536352 | G50: 0.47570618 | H50: 0.34693556 | I50: 0.30433811 | J50: 0.48 | K50: 0.42475531 | N50: 0.48 | O50: 0.50416698 | R50: 0.4 | S50: 0.5 | AF50: AUPR
A51: merged | B51: acid_base_balance | C51: 20 | D51: 0.14 | E51: 0.51875783 | F51: 0.41333699 | G51: 0.42605597 | H51: 0.29370168 | I51: 0.25246204 | J51: 0.56 | K51: 0.50816554 | L51: 0.5 | M51: 0.4614 | N51: 0.41 | O51: 0.57748119 | P51: 0.5366 | Q51: 0.4448 | R51: 0.47 | S51: 0.54 | T51: 0.54 | U51: 0.471 | AF51: Flag | AG51: ASV-tree | AH51: ASV-tree + cross-domain | AI51: Genus-tree | AJ51: Genus-tree + cross-domain | AK51: Δ ASV (CD − base) | AL51: Δ Genus (CD − base)
AF52: acid_base_balance | AG52: =J29 -> 0.36 | AH52: =M29 -> 0.3119 | AI52: =K29 -> 0.2758899 | AJ52: =L29 -> 0.29 | AK52: =AH52-AG52 -> -0.0481 | AL52: =AJ52-AI52 -> 0.014110096
AF53: acid_accumulation | AG53: =J35 -> 0.06 | AH53: =M35 -> 0.0886 | AI53: =K35 -> 0.13327345 | AJ53: =L35 -> 0.14 | AK53: =AH53-AG53 -> 0.0286 | AL53: =AJ53-AI53 -> 0.0067265451
AF54: ammonia_toxicity | AG54: =J41 -> 0.66 | AH54: =M41 -> 0.5965 | AI54: =K41 -> 0.43211204 | AJ54: =L41 -> 0.57 | AK54: =AH54-AG54 -> -0.0635 | AL54: =AJ54-AI54 -> 0.13788796
A55: ARC | B55: acid_accumulation | C55: 4 | D55: 0.03 | E55: 0.13018025 | F55: 0.10049034 | G55: 0.1180865 | H55: 0.27017967 | I55: 0.2352148 | J55: 0.13 | K55: 0.088391463 | N55: 0.1 | O55: 0.23627994 | R55: 0.11 | S55: 0.22
A56: BAC | B56: acid_accumulation | C56: 4 | D56: 0.03 | E56: 0.15342556 | F56: 0.2439443 | G56: 0.58909774 | H56: 0.21379119 | I56: 0.24166985 | J56: 0.14 | K56: 0.17273735 | N56: 0.12 | O56: 0.13503095 | R56: 0.09 | S56: 0.19
A57: merged | B57: acid_accumulation | C57: 4 | D57: 0.03 | E57: 0.19913209 | F57: 0.18389577 | G57: 0.62920138 | H57: 0.23388541 | I57: 0.22296157 | J57: 0.13 | K57: 0.16534392 | L57: 0.15 | M57: 0.2096 | N57: 0.08 | O57: 0.22257602 | P57: 0.1226 | Q57: 0.0536 | R57: 0.12 | S57: 0.17 | T57: 0.0973 | U57: 0.1131 | AF57: F2
AF58: Flag | AG58: ASV-tree | AH58: ASV-tree + cross-domain | AI58: Genus-tree | AJ58: Genus-tree + cross-domain | AK58: Δ ASV (CD − base) | AL58: Δ Genus (CD − base)
AF59: acid_base_balance | AG59: =J51 -> 0.56 | AH59: =M51 -> 0.4614 | AI59: =K51 -> 0.50816554 | AJ59: =L51 -> 0.5 | AK59: =AH59-AG59 -> -0.0986 | AL59: =AJ59-AI59 -> -0.008165542
AF60: acid_accumulation | AG60: =J57 -> 0.13 | AH60: =M57 -> 0.2096 | AI60: =K57 -> 0.16534392 | AJ60: =L57 -> 0.15 | AK60: =AH60-AG60 -> 0.0796 | AL60: =AJ60-AI60 -> -0.015343915
A61: ARC | B61: ammonia_toxicity | C61: 26 | D61: 0.1884058 | E61: 0.56371431 | F61: 0.6135198 | G61: 0.63249039 | H61: 0.62652937 | I61: 0.68006909 | J61: 0.71 | K61: 0.32400065 | N61: 0.59 | O61: 0.69562618 | R61: 0.77 | S61: 0.66 | AF61: ammonia_toxicity | AG61: =J63 -> 0.79 | AH61: =M63 -> 0.7643 | AI61: =K63 -> 0.58761899 | AJ61: =L63 -> 0.77 | AK61: =AH61-AG61 -> -0.0257 | AL61: =AJ61-AI61 -> 0.18238101
A62: BAC | B62: ammonia_toxicity | C62: 26 | D62: 0.1884058 | E62: 0.79379911 | F62: 0.69603432 | G62: 0.76749946 | H62: 0.72638855 | I62: 0.67603125 | J62: 0.77 | K62: 0.72180247 | N62: 0.83 | O62: 0.80882128 | R62: 0.67 | S62: 0.78 | AF62: Note: merged dataset only — cross-domain runs exist only for merged. Δ > 0 (green) = cross-domain helps.
A63: merged | B63: ammonia_toxicity | C63: 26 | D63: 0.1884058 | E63: 0.82981746 | F63: 0.72256782 | G63: 0.76356147 | H63: 0.75422242 | I63: 0.66673056 | J63: 0.79 | K63: 0.58761899 | L63: 0.77 | M63: 0.7643 | N63: 0.72 | O63: 0.81184608 | P63: 0.7887 | Q63: 0.6879 | R63: 0.81 | S63: 0.67 | T63: 0.71 | U63: 0.8079 | AF63: Fig 3 — Flag-wise performance across model types and hierarchy inputs (avg over ARC/BAC/merged)
AF64: MCC
AF65: Model · hierarchy input | AG65: acid_base_balance | AH65: acid_accumulation | AI65: ammonia_toxicity | AJ65: Index
AF66: TaxLevel · Phylum | AG66: =AVERAGE(E6:E8) -> 0.2969959 | AH66: =AVERAGE(E12:E14) -> 0.088583732 | AI66: =AVERAGE(E18:E20) -> 0.56745073 | AJ66: 1
AF67: TaxLevel · Class | AG67: =AVERAGE(F6:F8) -> 0.21983427 | AH67: =AVERAGE(F12:F14) -> 0.080496321 | AI67: =AVERAGE(F18:F20) -> 0.52325798 | AJ67: 2
AF68: TaxLevel · Order | AG68: =AVERAGE(G6:G8) -> 0.24596687 | AH68: =AVERAGE(G12:G14) -> 0.39571746 | AI68: =AVERAGE(G18:G20) -> 0.54077024 | AJ68: 3
AF69: TaxLevel · Family | AG69: =AVERAGE(H6:H8) -> 0.24176549 | AH69: =AVERAGE(H12:H14) -> 0.20374837 | AI69: =AVERAGE(H18:H20) -> 0.49659949 | AJ69: 4
AF70: TaxLevel · Genus | AG70: =AVERAGE(I6:I8) -> 0.12785184 | AH70: =AVERAGE(I12:I14) -> 0.18042906 | AI70: =AVERAGE(I18:I20) -> 0.47155876 | AJ70: 5
AF71: DeepPhylo · ASV-tree | AG71: =AVERAGE(J6:J8) -> 0.26 | AH71: =AVERAGE(J12:J14) -> 0.036666667 | AI71: =AVERAGE(J18:J20) -> 0.58333333 | AJ71: 6
AF72: DeepPhylo · Genus-tree | AG72: =AVERAGE(K6:K8) -> 0.19216863 | AH72: =AVERAGE(K12:K14) -> 0.056986081 | AI72: =AVERAGE(K18:K20) -> 0.29862706 | AJ72: 7
AF73: DeepPhylo · Genus-tree+CD | AG73: =AVERAGE(L6:L8) -> 0.27 | AH73: =AVERAGE(L12:L14) -> 0.07 | AI73: =AVERAGE(L18:L20) -> 0.57 | AJ73: 8
AF74: DeepPhylo · ASV-tree+CD | AG74: =AVERAGE(M6:M8) -> 0.2555 | AH74: =AVERAGE(M12:M14) -> 0.1241 | AI74: =AVERAGE(M18:M20) -> 0.5697 | AJ74: 9
AF75: MetaDR · ASV-tree | AG75: =AVERAGE(N6:N8) -> 0.17333333 | AH75: =AVERAGE(N12:N14) -> 0.0033333333 | AI75: =AVERAGE(N18:N20) -> 0.55333333 | AJ75: 10
AF76: MetaDR · Genus-tree | AG76: =AVERAGE(O6:O8) -> 0.29347288 | AH76: =AVERAGE(O12:O14) -> 0.12455437 | AI76: =AVERAGE(O18:O20) -> 0.57723293 | AJ76: 11
AF77: MetaDR · Genus-tree+CD | AG77: =AVERAGE(P6:P8) -> 0.2838 | AH77: =AVERAGE(P12:P14) -> 0.0232 | AI77: =AVERAGE(P18:P20) -> 0.5984 | AJ77: 12
AF78: MetaDR · ASV-tree+CD | AG78: =AVERAGE(Q6:Q8) -> 0.1458 | AH78: =AVERAGE(Q12:Q14) -> -0.0267 | AI78: =AVERAGE(Q18:Q20) -> 0.5309 | AJ78: 13
AF79: Phylospec · ASV-tree | AG79: =AVERAGE(R6:R8) -> 0.24 | AH79: =AVERAGE(R12:R14) -> 0.0066666667 | AI79: =AVERAGE(R18:R20) -> 0.55666667 | AJ79: 14
AF80: Phylospec · Genus-tree | AG80: =AVERAGE(S6:S8) -> 0.29666667 | AH80: =AVERAGE(S12:S14) -> 0.12 | AI80: =AVERAGE(S18:S20) -> 0.49 | AJ80: 15
AF81: Phylospec · Genus-tree+CD | AG81: =AVERAGE(T6:T8) -> 0.35 | AH81: =AVERAGE(T12:T14) -> 0.04 | AI81: =AVERAGE(T18:T20) -> 0.5121 | AJ81: 16
AF82: Phylospec · ASV-tree+CD | AG82: =AVERAGE(U6:U8) -> 0.311 | AH82: =AVERAGE(U12:U14) -> 0.0132 | AI82: =AVERAGE(U18:U20) -> 0.6091 | AJ82: 17
AF83: AUPR
AF84: Model · hierarchy input | AG84: acid_base_balance | AH84: acid_accumulation | AI84: ammonia_toxicity | AJ84: Index
AF85: TaxLevel · Phylum | AG85: =AVERAGE(E27:E29) -> 0.42432633 | AH85: =AVERAGE(E33:E35) -> 0.089235771 | AI85: =AVERAGE(E39:E41) -> 0.60498586 | AJ85: 1
AF86: TaxLevel · Class | AG86: =AVERAGE(F27:F29) -> 0.32726251 | AH86: =AVERAGE(F33:F35) -> 0.091837125 | AI86: =AVERAGE(F39:F41) -> 0.66650771 | AJ86: 2
AF87: TaxLevel · Order | AG87: =AVERAGE(G27:G29) -> 0.30319543 | AH87: =AVERAGE(G33:G35) -> 0.34881989 | AI87: =AVERAGE(G39:G41) -> 0.61619029 | AJ87: 3
AF88: TaxLevel · Family | AG88: =AVERAGE(H27:H29) -> 0.35823946 | AH88: =AVERAGE(H33:H35) -> 0.29621387 | AI88: =AVERAGE(H39:H41) -> 0.54295918 | AJ88: 4
AF89: TaxLevel · Genus | AG89: =AVERAGE(I27:I29) -> 0.26501258 | AH89: =AVERAGE(I33:I35) -> 0.22874495 | AI89: =AVERAGE(I39:I41) -> 0.50591047 | AJ89: 5
AF90: DeepPhylo · ASV-tree | AG90: =AVERAGE(J27:J29) -> 0.31666667 | AH90: =AVERAGE(J33:J35) -> 0.056306792 | AI90: =AVERAGE(J39:J41) -> 0.62 | AJ90: 6
AF91: DeepPhylo · Genus-tree | AG91: =AVERAGE(K27:K29) -> 0.26205523 | AH91: =AVERAGE(K33:K35) -> 0.070421177 | AI91: =AVERAGE(K39:K41) -> 0.36041742 | AJ91: 7
AF92: DeepPhylo · Genus-tree+CD | AG92: =AVERAGE(L27:L29) -> 0.29 | AH92: =AVERAGE(L33:L35) -> 0.14 | AI92: =AVERAGE(L39:L41) -> 0.57 | AJ92: 8
AF93: DeepPhylo · ASV-tree+CD | AG93: =AVERAGE(M27:M29) -> 0.3119 | AH93: =AVERAGE(M33:M35) -> 0.0886 | AI93: =AVERAGE(M39:M41) -> 0.5965 | AJ93: 9
AF94: MetaDR · ASV-tree | AG94: =AVERAGE(N27:N29) -> 0.26333333 | AH94: =AVERAGE(N33:N35) -> 0.043333333 | AI94: =AVERAGE(N39:N41) -> 0.63209791 | AJ94: 10
AF95: MetaDR · Genus-tree | AG95: =AVERAGE(O27:O29) -> 0.31401838 | AH95: =AVERAGE(O33:O35) -> 0.073251975 | AI95: =AVERAGE(O39:O41) -> 0.57425511 | AJ95: 11
AF96: MetaDR · Genus-tree+CD | AG96: =AVERAGE(P27:P29) -> 0.3175 | AH96: =AVERAGE(P33:P35) -> 0.0441 | AI96: =AVERAGE(P39:P41) -> 0.6193 | AJ96: 12
AF97: MetaDR · ASV-tree+CD | AG97: =AVERAGE(Q27:Q29) -> 0.253 | AH97: =AVERAGE(Q33:Q35) -> 0.0387 | AI97: =AVERAGE(Q39:Q41) -> 0.6179 | AJ97: 13
AF98: Phylospec · ASV-tree | AG98: =AVERAGE(R27:R29) -> 0.37333333 | AH98: =AVERAGE(R33:R35) -> 0.12333333 | AI98: =AVERAGE(R39:R41) -> 0.56 | AJ98: 14
AF99: Phylospec · Genus-tree | AG99: =AVERAGE(S27:S29) -> 0.38 | AH99: =AVERAGE(S33:S35) -> 0.15333333 | AI99: =AVERAGE(S39:S41) -> 0.50333333 | AJ99: 15
AF100: Phylospec · Genus-tree+CD | AG100: =AVERAGE(T27:T29) -> 0.39 | AH100: =AVERAGE(T33:T35) -> 0.04 | AI100: =AVERAGE(T39:T41) -> 0.53 | AJ100: 16
...
